-- MySQL dump 10.13  Distrib 8.0.42, for Win64 (x86_64)
--
-- Host: switchback.proxy.rlwy.net    Database: railway
-- ------------------------------------------------------
-- Server version	9.4.0

/*!40101 SET @OLD_CHARACTER_SET_CLIENT=@@CHARACTER_SET_CLIENT */;
/*!40101 SET @OLD_CHARACTER_SET_RESULTS=@@CHARACTER_SET_RESULTS */;
/*!40101 SET @OLD_COLLATION_CONNECTION=@@COLLATION_CONNECTION */;
/*!50503 SET NAMES utf8 */;
/*!40103 SET @OLD_TIME_ZONE=@@TIME_ZONE */;
/*!40103 SET TIME_ZONE='+00:00' */;
/*!40014 SET @OLD_UNIQUE_CHECKS=@@UNIQUE_CHECKS, UNIQUE_CHECKS=0 */;
/*!40014 SET @OLD_FOREIGN_KEY_CHECKS=@@FOREIGN_KEY_CHECKS, FOREIGN_KEY_CHECKS=0 */;
/*!40101 SET @OLD_SQL_MODE=@@SQL_MODE, SQL_MODE='NO_AUTO_VALUE_ON_ZERO' */;
/*!40111 SET @OLD_SQL_NOTES=@@SQL_NOTES, SQL_NOTES=0 */;

--
-- Table structure for table `Encuesta`
--

DROP TABLE IF EXISTS `Encuesta`;
/*!40101 SET @saved_cs_client     = @@character_set_client */;
/*!50503 SET character_set_client = utf8mb4 */;
CREATE TABLE `Encuesta` (
  `id_encuesta` int NOT NULL AUTO_INCREMENT,
  `titulo` varchar(255) NOT NULL,
  `descripcion` text,
  `estado` enum('BORRADOR','ACTIVA','ARCHIVADA') NOT NULL DEFAULT 'BORRADOR',
  `fecha_creacion` timestamp NOT NULL DEFAULT CURRENT_TIMESTAMP,
  `fecha_modificacion` timestamp NOT NULL DEFAULT CURRENT_TIMESTAMP ON UPDATE CURRENT_TIMESTAMP,
  PRIMARY KEY (`id_encuesta`)
) ENGINE=InnoDB AUTO_INCREMENT=20 DEFAULT CHARSET=utf8mb4 COLLATE=utf8mb4_0900_ai_ci;
/*!40101 SET character_set_client = @saved_cs_client */;

--
-- Dumping data for table `Encuesta`
--

LOCK TABLES `Encuesta` WRITE;
/*!40000 ALTER TABLE `Encuesta` DISABLE KEYS */;
INSERT INTO `Encuesta` VALUES (2,'Qualify: Prioridad y Driver de Velocidad','Ayúdanos a entender tu consumo de internet para ofrecerte la velocidad ideal.','ACTIVA','2025-11-23 06:35:23','2025-11-23 06:35:23'),(3,'Reactivación: Decisión y Horario','Cuéntanos qué faltó para convencerte y retomemos.\n','ACTIVA','2025-11-23 06:40:24','2025-11-23 06:40:24'),(4,' Cualificación: Valor del Paquete Familiar','Informanos sobre tu plan familiar ideal','ACTIVA','2025-11-23 06:43:29','2025-11-23 06:43:29'),(5,'Lead-Nurturing: Confirmación de Canal - Editado','Personaliza cómo recibes nuestras novedades.','BORRADOR','2025-11-23 06:50:36','2025-11-24 02:21:43'),(6,'Interés en el Precio (Banda de Gasto)','Encuentra el plan que se ajusta a tu bolsillo.\n','BORRADOR','2025-11-23 06:56:18','2025-11-23 06:56:18'),(7,'test','test','ARCHIVADA','2025-11-27 01:57:22','2025-12-01 17:30:11'),(8,'test2','test222','ARCHIVADA','2025-11-30 21:55:46','2025-12-01 17:46:14'),(9,'Encuesta A','test aaaaa','ARCHIVADA','2025-12-02 01:55:55','2025-12-02 01:58:33'),(10,'Captación: Internet Residencial','Esta breve encuesta nos ayuda a encontrar el plan de Internet perfecto para ti. Solo te tomará unos segundos. Indícanos tu prioridad principal y tus preferencias de contacto.','ACTIVA','2025-12-02 05:09:52','2025-12-02 05:40:37'),(11,'Captación: Planes Móviles','Ayúdanos a encontrar el mejor plan móvil con la tarifa y los datos que necesitas. Solo te tomará unos segundos.','ACTIVA','2025-12-02 05:22:58','2025-12-02 05:42:22'),(12,'Retención: Lealtad Renovación Plan Móvil','Hemos preparado una oferta exclusiva para ti. Ayúdanos a elegir el mejor beneficio y el momento ideal para renovar tu plan.','ACTIVA','2025-12-02 05:30:15','2025-12-02 05:43:14'),(13,'Mejora de Plan: Upgrade Equipos Móviles','Hemos seleccionado una oferta de upgrade exclusiva para ti. Indícanos tu prioridad en el nuevo equipo y cuándo deseas recibir los detalles de la renovación.','ACTIVA','2025-12-02 05:37:22','2025-12-02 05:41:22'),(14,'Mejora de Plan: Aumento Velocidad Fibra','Hemos identificado una oportunidad exclusiva para mejorar la velocidad de su servicio actual. Por favor, responda estas 3 preguntas clave.','BORRADOR','2025-12-02 05:46:08','2025-12-02 05:46:08'),(15,'Retención: Prevención Fuga Servicio Internet','Valoramos su fidelidad. Por favor, indíquenos honestamente la razón por la que ha considerado un cambio para poder mejorar su plan actual.','BORRADOR','2025-12-02 05:48:50','2025-12-02 05:48:50'),(16,'test b','testb testb testb testb testb testb testb testb testb testb testb testb testb testb testb testb','BORRADOR','2025-12-02 16:07:26','2025-12-02 16:07:26'),(17,'Test4','test4test4test4test4test4test4test4test4test4test4test4test4test4test4test4test4','ARCHIVADA','2025-12-04 01:29:18','2025-12-04 01:30:13'),(18,'test5','test5 test5 test55','ARCHIVADA','2025-12-04 01:35:09','2025-12-04 01:35:49'),(19,'test6','test6test6test6test6666','ARCHIVADA','2025-12-04 13:00:01','2025-12-04 13:02:46');
/*!40000 ALTER TABLE `Encuesta` ENABLE KEYS */;
UNLOCK TABLES;

--
-- Table structure for table `Opcion`
--

DROP TABLE IF EXISTS `Opcion`;
/*!40101 SET @saved_cs_client     = @@character_set_client */;
/*!50503 SET character_set_client = utf8mb4 */;
CREATE TABLE `Opcion` (
  `id_opcion` int NOT NULL AUTO_INCREMENT,
  `id_pregunta` int NOT NULL,
  `texto_opcion` varchar(255) NOT NULL,
  `orden` int NOT NULL,
  `es_alerta_urgente` tinyint(1) NOT NULL DEFAULT '0',
  PRIMARY KEY (`id_opcion`),
  UNIQUE KEY `idx_orden_pregunta` (`id_pregunta`,`orden`),
  UNIQUE KEY `UK9tpvhnhudfqifx9d4tmm0vda9` (`id_pregunta`,`orden`),
  CONSTRAINT `fk_opcion_pregunta` FOREIGN KEY (`id_pregunta`) REFERENCES `Pregunta` (`id_pregunta`) ON DELETE CASCADE ON UPDATE CASCADE
) ENGINE=InnoDB AUTO_INCREMENT=150 DEFAULT CHARSET=utf8mb4 COLLATE=utf8mb4_0900_ai_ci;
/*!40101 SET character_set_client = @saved_cs_client */;

--
-- Dumping data for table `Opcion`
--

LOCK TABLES `Opcion` WRITE;
/*!40000 ALTER TABLE `Opcion` DISABLE KEYS */;
INSERT INTO `Opcion` VALUES (4,2,'Trabajo remoto / Videollamadas',1,0),(5,2,'Gaming / Streaming 4K',2,0),(6,2,'Uso básico (Redes sociales)',3,0),(7,3,'La velocidad de subida',1,0),(8,3,'La estabilidad sin cortes',2,0),(9,3,'El precio bajo',3,0),(10,4,' Encontré una oferta más barata',1,0),(11,4,'No me convenció la permanencia',2,0),(12,4,'Dudas sobre la tecnología',3,0),(13,5,'Sí, quisiera recibir una llamada ya',1,1),(14,5,'Mandenme la nueva oferta por correo',2,0),(15,6,' Tener muchos datos (Gigas)',1,0),(16,6,'Pagar lo menos posible',2,0),(17,7,'Líneas adicionales',1,0),(18,7,'Apps incluidas (Streaming)',2,0),(19,8,'Sí, urgente',1,1),(20,8,'No',2,0),(40,18,' Hasta $50 - editar',1,0),(41,18,'Hasta $80',2,0),(42,18,'Más de $100 - evaluar',3,0),(43,19,'Menos velocidad',1,0),(44,19,'Sin TV / Streaming',2,0),(45,20,' Sí',1,1),(46,20,'No',2,0),(47,21,'Solo WhatsApp',1,0),(48,21,'Solo Correo electrónico',2,0),(49,21,'Llamadas breves',3,0),(50,22,'Fibra Óptica Hogar',1,0),(51,22,'Planes Móviles',2,0),(52,22,'Renovación de Equipos',3,1),(53,23,'test1',1,0),(54,23,'test1',2,0),(55,24,'o1',1,0),(56,24,'o2',2,0),(57,24,'o3',3,0),(58,24,'o4',4,0),(59,24,'o5',5,0),(60,24,'o6',6,1),(61,25,'o11',1,0),(62,25,'o23',2,0),(63,25,'o33',3,1),(64,25,'o44',4,0),(70,30,'test A',1,0),(71,30,'test A',2,0),(72,30,'test a',3,0),(73,31,'test enA',1,0),(74,31,'test AAA',2,1),(98,45,'Email',1,0),(99,45,'Llamada (Diario/Tarde)',2,0),(100,45,'WhatsApp',3,0),(101,47,'Sí, estoy disponible ahora mismo.',1,1),(102,47,'No estoy interesado.',2,0),(103,48,'Batería de Larga Duración',1,0),(104,48,'Mejor Calidad de Cámara',2,0),(105,48,'Mayor Memoria/Almacenamiento',3,0),(106,48,'Conexión 5G avanzada',4,0),(107,50,'Sí, llámenme.',1,1),(108,50,'No, gracias.',2,0),(109,52,'Cantidad de Datos/GB',1,0),(110,52,'Costo Mensual Fijo',2,0),(111,52,'Cobertura 5G',3,0),(112,52,'Servicios Ilimitados (Redes Sociales/Llamadas)',4,0),(113,53,'Sí, llámenme ahora.',1,1),(114,53,'No estoy interesado.',2,0),(115,54,'Sí, quiero los detalles ahora',1,1),(116,54,'No, gracias.',2,0),(117,55,'Descuento Fijo Mensual en la tarifa.',1,0),(118,55,'Nuevo Equipo Móvil Subsidiado.',2,0),(119,55,'Más Datos/GB por el mismo precio.',3,0),(120,55,'Mantener la tarifa actual sin cambios por un año más.',4,0),(121,57,'Uso de Streaming en 4K/Gaming',1,0),(122,57,'Múltiples Dispositivos Conectados',2,0),(123,57,'Subida de Archivos Pesados (Trabajo)',3,0),(124,57,'Video llamadas/Clases sin interrupciones',4,0),(125,58,'No, gracias.',1,0),(126,58,'Sí, quiero los detalles ahora.',2,1),(127,60,'Problemas de Estabilidad/Caídas de servicio',1,0),(128,60,'El Precio de la Competencia',2,0),(129,60,'Necesito Más Velocidad',3,0),(130,60,'Requisito de Permanencia',4,0),(131,62,'Sí, necesito los detalles ahora.',1,1),(132,62,'No, gracias.',2,0),(133,63,'tb1',1,0),(134,63,'tb2',2,0),(135,64,'tb22',1,0),(136,64,'tb23',2,0),(137,64,'tb21',3,0),(138,65,'test4o1',1,0),(139,65,'test4o2',2,0),(142,67,'test5o1',1,0),(143,67,'test5o2',2,0),(148,70,'test6test6p2',1,0),(149,70,'test6test6p2',2,0);
/*!40000 ALTER TABLE `Opcion` ENABLE KEYS */;
UNLOCK TABLES;

--
-- Table structure for table `Pregunta`
--

DROP TABLE IF EXISTS `Pregunta`;
/*!40101 SET @saved_cs_client     = @@character_set_client */;
/*!50503 SET character_set_client = utf8mb4 */;
CREATE TABLE `Pregunta` (
  `id_pregunta` int NOT NULL AUTO_INCREMENT,
  `id_encuesta` int NOT NULL,
  `texto_pregunta` text NOT NULL,
  `tipo_pregunta` enum('UNICA','MULTIPLE','ESCALA') NOT NULL,
  `orden` int NOT NULL,
  PRIMARY KEY (`id_pregunta`),
  UNIQUE KEY `idx_orden_encuesta` (`id_encuesta`,`orden`),
  UNIQUE KEY `UK59ha389vm0fweq8ql3y2g6d5w` (`id_encuesta`,`orden`),
  CONSTRAINT `fk_pregunta_encuesta` FOREIGN KEY (`id_encuesta`) REFERENCES `Encuesta` (`id_encuesta`) ON DELETE CASCADE ON UPDATE CASCADE
) ENGINE=InnoDB AUTO_INCREMENT=71 DEFAULT CHARSET=utf8mb4 COLLATE=utf8mb4_0900_ai_ci;
/*!40101 SET character_set_client = @saved_cs_client */;

--
-- Dumping data for table `Pregunta`
--

LOCK TABLES `Pregunta` WRITE;
/*!40000 ALTER TABLE `Pregunta` DISABLE KEYS */;
INSERT INTO `Pregunta` VALUES (2,2,'¿Para qué actividades principales usas internet?','MULTIPLE',1),(3,2,'¿Cuál es el factor más importante para contratar?','MULTIPLE',2),(4,3,'¿Qué te impidió contratar la última vez?','MULTIPLE',1),(5,3,'¿Te interesaría retomar si mejoramos esa condición hoy?','UNICA',2),(6,4,'¿Cuál es el factor decisivo para tu plan familiar?','UNICA',1),(7,4,'¿Qué servicios extra son imprescindibles?','MULTIPLE',2),(8,4,'¿Quieres cotizar este paquete ahora?','UNICA',3),(18,6,'¿Cuál es tu presupuesto máximo mensual?','UNICA',1),(19,6,' ¿Qué características puedes sacrificar para bajar precio? - pregunta borrador','MULTIPLE',2),(20,6,' Tenemos una oferta exacta para tu presupuesto. ¿Te llamamos? ','MULTIPLE',3),(21,5,'A partir de ahora, ¿cuál es tu canal preferido para ofertas?','UNICA',1),(22,5,'¿Qué producto te interesa más actualmente?','UNICA',2),(23,7,'test','UNICA',1),(24,8,'test2','MULTIPLE',1),(25,8,'test22','UNICA',2),(26,8,'test333','ESCALA',3),(30,9,'Pregunta 1','MULTIPLE',1),(31,9,'Pregunta 2 a','UNICA',2),(32,9,'Pregunta 3 A','ESCALA',3),(45,10,'¿Cuál es el canal principal por el que prefiere recibir promociones futuras?','MULTIPLE',1),(46,10,'En una escala del 1 al 5, ¿qué tan crítico es para usted la estabilidad total de la conexión (evitar caídas de servicio)?','ESCALA',2),(47,10,'¿Desea que un asesor le contacte hoy mismo para conocer nuestras ofertas de Internet Residencial?','UNICA',3),(48,13,'Para su próximo equipo móvil, ¿cuál es la característica principal que más valora?','MULTIPLE',1),(49,13,'En una escala del 1 al 5, ¿qué tan crítico es el precio del equipo subsidiado en su decisión de upgrade?','ESCALA',2),(50,13,'¿Desea que un asesor le llame lo más pronto posible para detallarle su plan exclusivo de renovación y verificar stock del equipo?','UNICA',3),(51,11,'En una escala del 1 al 5, ¿qué tan frecuente es aceptable que le enviemos ofertas de nuevos planes móviles?','ESCALA',1),(52,11,'¿Cuál es su prioridad principal al elegir un nuevo plan móvil?','MULTIPLE',2),(53,11,'¿Desea que un asesor le llame hoy mismo para recibir la información completa y detallada de las ofertas de Planes Móviles?','UNICA',3),(54,12,'¿Deseas que un asesor te llame lo más pronto posible para detallarte la oferta exclusiva de renovación?','UNICA',1),(55,12,'Para renovar tu plan hoy, ¿cuál de estos beneficios sería tu incentivo clave?','MULTIPLE',2),(56,12,'En una escala del 1 al 5, ¿qué tan importante es que te contactemos antes de la fecha límite de renovación?','ESCALA',3),(57,14,'¿Cuál es la principal razón por la que necesitaría un aumento de velocidad en su conexión actual?','MULTIPLE',1),(58,14,'¿Desea que le llamemos hoy para detallarle la oferta exclusiva de aumento de velocidad?','UNICA',2),(59,14,'En una escala del 1 al 5, ¿qué tan crítico es el costo adicional de la mejora en su decisión final?','ESCALA',3),(60,15,'¿Cuál es la razón principal por la que ha considerado cambiar su servicio de Internet?','MULTIPLE',1),(61,15,'En una escala del 1 al 5, ¿qué tan frecuente es aceptable que le contactemos para ofrecerle una solución de retención?','ESCALA',2),(62,15,'¿Desea que un especialista le llame hoy para detallarle la contraoferta de retención y estabilizar su servicio?','UNICA',3),(63,16,'test b1','MULTIPLE',1),(64,16,'test b2','UNICA',2),(65,17,'test4p1','MULTIPLE',1),(67,18,'test5p1','MULTIPLE',1),(70,19,'test6test6p1','MULTIPLE',1);
/*!40000 ALTER TABLE `Pregunta` ENABLE KEYS */;
UNLOCK TABLES;

--
-- Table structure for table `Respuesta_Detalle`
--

DROP TABLE IF EXISTS `Respuesta_Detalle`;
/*!40101 SET @saved_cs_client     = @@character_set_client */;
/*!50503 SET character_set_client = utf8mb4 */;
CREATE TABLE `Respuesta_Detalle` (
  `id_respuesta_detalle` int NOT NULL AUTO_INCREMENT,
  `id_respuesta_encuesta` int NOT NULL,
  `id_pregunta` int NOT NULL,
  `id_opcion` int DEFAULT NULL,
  `valor_respuesta` tinyint DEFAULT NULL,
  PRIMARY KEY (`id_respuesta_detalle`),
  KEY `fk_detalle_respuesta_encuesta` (`id_respuesta_encuesta`),
  KEY `fk_detalle_pregunta` (`id_pregunta`),
  KEY `fk_detalle_opcion` (`id_opcion`),
  CONSTRAINT `fk_detalle_opcion` FOREIGN KEY (`id_opcion`) REFERENCES `Opcion` (`id_opcion`) ON DELETE RESTRICT ON UPDATE CASCADE,
  CONSTRAINT `fk_detalle_pregunta` FOREIGN KEY (`id_pregunta`) REFERENCES `Pregunta` (`id_pregunta`) ON DELETE RESTRICT ON UPDATE CASCADE,
  CONSTRAINT `fk_detalle_respuesta_encuesta` FOREIGN KEY (`id_respuesta_encuesta`) REFERENCES `Respuesta_Encuesta` (`id_respuesta_encuesta`) ON DELETE CASCADE ON UPDATE CASCADE
) ENGINE=InnoDB AUTO_INCREMENT=105 DEFAULT CHARSET=utf8mb4 COLLATE=utf8mb4_0900_ai_ci;
/*!40101 SET character_set_client = @saved_cs_client */;

--
-- Dumping data for table `Respuesta_Detalle`
--

LOCK TABLES `Respuesta_Detalle` WRITE;
/*!40000 ALTER TABLE `Respuesta_Detalle` DISABLE KEYS */;
INSERT INTO `Respuesta_Detalle` VALUES (1,2,4,12,NULL),(2,2,5,14,NULL),(3,3,2,4,NULL),(4,3,3,7,NULL),(5,4,4,11,NULL),(6,4,5,13,NULL),(7,5,24,56,NULL),(8,5,25,63,NULL),(9,5,26,NULL,2),(10,6,24,57,NULL),(11,6,25,61,NULL),(12,6,26,NULL,5),(13,7,24,60,NULL),(14,7,24,59,NULL),(15,7,24,58,NULL),(16,7,25,64,NULL),(17,7,26,NULL,4),(18,8,24,56,NULL),(19,8,24,57,NULL),(20,8,25,64,NULL),(21,8,26,NULL,1),(22,9,45,100,NULL),(23,9,45,99,NULL),(24,9,46,NULL,3),(25,9,47,102,NULL),(26,10,45,98,NULL),(27,10,46,NULL,5),(28,10,47,102,NULL),(29,11,45,99,NULL),(30,11,45,100,NULL),(31,11,46,NULL,3),(32,11,47,102,NULL),(33,12,45,98,NULL),(34,12,46,NULL,4),(35,12,47,102,NULL),(36,13,45,99,NULL),(37,13,45,100,NULL),(38,13,46,NULL,3),(39,13,47,101,NULL),(40,14,51,NULL,3),(41,14,52,110,NULL),(42,14,52,109,NULL),(43,14,53,114,NULL),(44,15,45,99,NULL),(45,15,46,NULL,3),(46,15,47,102,NULL),(47,16,54,116,NULL),(48,16,55,119,NULL),(49,16,55,117,NULL),(50,16,56,NULL,5),(51,17,54,115,NULL),(52,17,55,120,NULL),(53,17,55,119,NULL),(54,17,56,NULL,4),(55,18,54,116,NULL),(56,18,55,117,NULL),(57,18,56,NULL,5),(58,19,54,115,NULL),(59,19,55,118,NULL),(60,19,55,119,NULL),(61,19,56,NULL,5),(62,20,54,115,NULL),(63,20,55,119,NULL),(64,20,55,120,NULL),(65,20,56,NULL,5),(66,21,48,103,NULL),(67,21,49,NULL,3),(68,21,50,108,NULL),(69,22,48,105,NULL),(70,22,49,NULL,2),(71,22,50,107,NULL),(72,23,54,115,NULL),(73,23,55,118,NULL),(74,23,55,119,NULL),(75,23,56,NULL,4),(76,24,54,115,NULL),(77,24,55,117,NULL),(78,24,56,NULL,4),(79,25,54,116,NULL),(80,25,55,119,NULL),(81,25,55,118,NULL),(82,25,56,NULL,3),(83,26,54,115,NULL),(84,26,55,118,NULL),(85,26,55,119,NULL),(86,26,56,NULL,5),(87,27,54,115,NULL),(88,27,55,118,NULL),(89,27,55,117,NULL),(90,27,56,NULL,3),(91,28,54,115,NULL),(92,28,55,119,NULL),(93,28,55,118,NULL),(94,28,56,NULL,5),(95,29,54,115,NULL),(96,29,55,118,NULL),(97,29,56,NULL,5),(98,30,54,115,NULL),(99,30,55,118,NULL),(100,30,55,120,NULL),(101,30,56,NULL,5),(102,31,54,115,NULL),(103,31,55,119,NULL),(104,31,56,NULL,5);
/*!40000 ALTER TABLE `Respuesta_Detalle` ENABLE KEYS */;
UNLOCK TABLES;

--
-- Table structure for table `Respuesta_Encuesta`
--

DROP TABLE IF EXISTS `Respuesta_Encuesta`;
/*!40101 SET @saved_cs_client     = @@character_set_client */;
/*!50503 SET character_set_client = utf8mb4 */;
CREATE TABLE `Respuesta_Encuesta` (
  `id_respuesta_encuesta` int NOT NULL AUTO_INCREMENT,
  `id_encuesta` int NOT NULL,
  `lead_id` bigint NOT NULL,
  `fecha_respuesta` timestamp NOT NULL DEFAULT CURRENT_TIMESTAMP,
  PRIMARY KEY (`id_respuesta_encuesta`),
  KEY `fk_respuesta_encuesta_encuesta` (`id_encuesta`),
  KEY `fk_respuesta_encuesta_lead` (`lead_id`),
  CONSTRAINT `fk_respuesta_encuesta_encuesta` FOREIGN KEY (`id_encuesta`) REFERENCES `Encuesta` (`id_encuesta`) ON DELETE RESTRICT ON UPDATE CASCADE,
  CONSTRAINT `fk_respuesta_encuesta_lead` FOREIGN KEY (`lead_id`) REFERENCES `leads` (`lead_id`) ON DELETE RESTRICT ON UPDATE CASCADE
) ENGINE=InnoDB AUTO_INCREMENT=32 DEFAULT CHARSET=utf8mb4 COLLATE=utf8mb4_0900_ai_ci;
/*!40101 SET character_set_client = @saved_cs_client */;

--
-- Dumping data for table `Respuesta_Encuesta`
--

LOCK TABLES `Respuesta_Encuesta` WRITE;
/*!40000 ALTER TABLE `Respuesta_Encuesta` DISABLE KEYS */;
INSERT INTO `Respuesta_Encuesta` VALUES (2,3,24,'2025-11-28 18:55:19'),(3,2,148,'2025-11-30 04:58:00'),(4,3,147,'2025-11-30 05:03:57'),(5,8,150,'2025-11-30 22:26:59'),(6,8,151,'2025-11-30 22:30:55'),(7,8,152,'2025-11-30 22:56:56'),(8,8,153,'2025-11-30 23:01:38'),(9,10,175,'2025-12-02 05:52:26'),(10,10,174,'2025-12-02 05:52:58'),(11,10,173,'2025-12-02 05:53:23'),(12,10,172,'2025-12-02 05:53:48'),(13,10,171,'2025-12-02 05:54:07'),(14,11,175,'2025-12-02 16:38:26'),(15,10,169,'2025-12-04 21:52:22'),(16,12,169,'2025-12-04 21:57:15'),(17,12,168,'2025-12-04 21:57:57'),(18,12,167,'2025-12-04 22:18:48'),(19,12,166,'2025-12-04 22:23:23'),(20,12,165,'2025-12-04 22:28:22'),(21,13,164,'2025-12-05 00:06:27'),(22,13,163,'2025-12-05 00:09:46'),(23,12,162,'2025-12-05 00:10:56'),(24,12,161,'2025-12-05 00:17:47'),(25,12,159,'2025-12-05 04:12:49'),(26,12,158,'2025-12-05 04:15:50'),(27,12,157,'2025-12-05 04:19:20'),(28,12,232,'2025-12-06 04:45:23'),(29,12,231,'2025-12-06 04:49:55'),(30,12,230,'2025-12-06 06:16:25'),(31,12,229,'2025-12-06 06:42:38');
/*!40000 ALTER TABLE `Respuesta_Encuesta` ENABLE KEYS */;
UNLOCK TABLES;

--
-- Table structure for table `agente_marketing`
--

DROP TABLE IF EXISTS `agente_marketing`;
/*!40101 SET @saved_cs_client     = @@character_set_client */;
/*!50503 SET character_set_client = utf8mb4 */;
CREATE TABLE `agente_marketing` (
  `id_agente` int NOT NULL AUTO_INCREMENT,
  `id_usuario` bigint DEFAULT NULL,
  `id_trabajador_rrhh` bigint NOT NULL,
  `extension_telefono` varchar(20) DEFAULT NULL,
  `canal_principal` varchar(20) DEFAULT NULL,
  `max_llamadas_dia` int DEFAULT NULL,
  `habilitado_llamadas` tinyint(1) NOT NULL DEFAULT '1',
  `fecha_creacion` timestamp NOT NULL DEFAULT CURRENT_TIMESTAMP,
  `fecha_modificacion` timestamp NOT NULL DEFAULT CURRENT_TIMESTAMP ON UPDATE CURRENT_TIMESTAMP,
  `activo` bit(1) DEFAULT NULL,
  `email` varchar(100) DEFAULT NULL,
  `nombre` varchar(200) NOT NULL,
  `telefono` varchar(20) DEFAULT NULL,
  PRIMARY KEY (`id_agente`),
  KEY `fk_agente_usuario` (`id_usuario`),
  CONSTRAINT `fk_agente_usuario` FOREIGN KEY (`id_usuario`) REFERENCES `usuarios` (`id_usuario`) ON DELETE SET NULL
) ENGINE=InnoDB AUTO_INCREMENT=4 DEFAULT CHARSET=utf8mb4 COLLATE=utf8mb4_0900_ai_ci COMMENT='Configuración de agentes de Marketing ligada a Trabajador RRHH';
/*!40101 SET character_set_client = @saved_cs_client */;

--
-- Dumping data for table `agente_marketing`
--

LOCK TABLES `agente_marketing` WRITE;
/*!40000 ALTER TABLE `agente_marketing` DISABLE KEYS */;
INSERT INTO `agente_marketing` VALUES (1,3,1,'101','Llamadas',80,1,'2025-11-27 21:35:16','2025-12-01 08:59:33',_binary '','agente1@empresa.com','Agente Callcenter 1','900000001'),(2,10,2344668,NULL,'Llamadas',100,1,'2025-12-03 16:08:22','2025-12-03 16:08:22',_binary '','david.aldana@unmsm.edu.pe','David Joel Aldana Ch vez','982465102'),(3,11,5328,NULL,'Llamadas',100,1,'2025-12-06 08:15:02','2025-12-06 08:15:02',_binary '','axel.cueva.nochambea@gmail.com','Axel Cueva Alcal ','985086520');
/*!40000 ALTER TABLE `agente_marketing` ENABLE KEYS */;
UNLOCK TABLES;

--
-- Table structure for table `campana`
--

DROP TABLE IF EXISTS `campana`;
/*!40101 SET @saved_cs_client     = @@character_set_client */;
/*!50503 SET character_set_client = utf8mb4 */;
CREATE TABLE `campana` (
  `id_campana` bigint NOT NULL AUTO_INCREMENT,
  `nombre` varchar(100) NOT NULL,
  `tematica` varchar(150) NOT NULL,
  `descripcion` text,
  `estado` varchar(20) NOT NULL,
  `prioridad` enum('Alta','Baja','Media') NOT NULL,
  `canal_ejecucion` enum('Llamadas','Mailing') NOT NULL,
  `fecha_programada_inicio` datetime DEFAULT NULL,
  `fecha_programada_fin` datetime DEFAULT NULL,
  `id_plantilla` int DEFAULT NULL,
  `id_agente` int DEFAULT NULL,
  `id_segmento` bigint DEFAULT NULL,
  `id_encuesta` int DEFAULT NULL,
  `fecha_creacion` timestamp NOT NULL DEFAULT CURRENT_TIMESTAMP,
  `fecha_modificacion` timestamp NOT NULL DEFAULT CURRENT_TIMESTAMP ON UPDATE CURRENT_TIMESTAMP,
  `es_archivado` tinyint(1) DEFAULT '0',
  PRIMARY KEY (`id_campana`),
  KEY `fk_campana_plantilla` (`id_plantilla`),
  KEY `fk_campana_encuesta` (`id_encuesta`),
  KEY `fk_campana_segmento` (`id_segmento`),
  KEY `idx_campana_estado` (`estado`),
  KEY `idx_campana_prioridad` (`prioridad`),
  KEY `idx_campana_canal` (`canal_ejecucion`),
  KEY `idx_campana_archivado` (`es_archivado`),
  KEY `fk_campana_agente` (`id_agente`),
  CONSTRAINT `fk_campana_agente` FOREIGN KEY (`id_agente`) REFERENCES `agente_marketing` (`id_agente`) ON DELETE SET NULL,
  CONSTRAINT `fk_campana_encuesta` FOREIGN KEY (`id_encuesta`) REFERENCES `Encuesta` (`id_encuesta`) ON DELETE SET NULL,
  CONSTRAINT `fk_campana_plantilla` FOREIGN KEY (`id_plantilla`) REFERENCES `plantilla_campana` (`id_plantilla`) ON DELETE SET NULL,
  CONSTRAINT `fk_campana_segmento` FOREIGN KEY (`id_segmento`) REFERENCES `segmento` (`id_segmento`) ON DELETE SET NULL
) ENGINE=InnoDB AUTO_INCREMENT=86 DEFAULT CHARSET=utf8mb4 COLLATE=utf8mb4_0900_ai_ci;
/*!40101 SET character_set_client = @saved_cs_client */;

--
-- Dumping data for table `campana`
--

LOCK TABLES `campana` WRITE;
/*!40000 ALTER TABLE `campana` DISABLE KEYS */;
INSERT INTO `campana` VALUES (5,'Retención Prepago Riesgo','Retención','Llamar a usuarios prepago sin recargas en 10 días.','Vigente','Media','Mailing','2025-11-30 08:05:00','2025-12-05 08:06:00',NULL,2,8,NULL,'2025-11-26 20:09:03','2025-12-04 08:29:10',0),(6,'Renovación iPhone 16 VIP','Renovación de Equipo','Oferta exclusiva para clientes VIP con contrato por vencer','Cancelada','Alta','Llamadas','2025-12-10 15:00:00','2025-12-11 17:00:00',NULL,1,8,2,'2025-11-26 20:09:07','2025-12-01 07:37:35',0),(7,'Promo App Doble Gigas','Upselling Datos','Campaña vigente: Duplica tus gigas comprando por la App','Vigente','Media','Mailing','2025-11-25 20:09:10','2025-12-02 20:09:10',NULL,1,8,NULL,'2025-11-26 20:09:10','2025-11-27 05:59:33',0),(8,'Portabilidad Entrante','Captación','PAUSADA: Problemas con sistema biométrico, no contactar aún','Vigente','Alta','Llamadas','2025-11-23 20:09:15','2025-12-06 20:09:15',NULL,1,8,3,'2025-11-26 20:09:15','2025-12-01 07:40:09',0),(9,'Migración Recibo Digital','Digitalización','Campaña finalizada para reducir impresión de papel','Finalizada','Baja','Mailing','2024-01-01 08:00:00','2024-01-31 20:00:00',NULL,1,8,NULL,'2025-11-26 20:09:18','2025-11-26 20:09:18',0),(10,'Oferta Flash Plan 29.90','Venta Nueva','CANCELADA: Oferta retirada por regulación','Cancelada','Media','Llamadas','2025-12-01 10:00:00','2025-12-02 10:00:00',NULL,1,8,NULL,'2025-11-26 20:09:21','2025-11-26 20:09:21',0),(13,'Prueba','Prueba','Campaña vigente: Duplica tus gigas comprando por la App','Cancelada','Media','Mailing','2025-11-26 03:02:43','2025-12-03 03:02:43',NULL,1,8,NULL,'2025-11-27 03:02:43','2025-11-27 03:06:15',1),(14,'Prueba','Prueba',NULL,'Finalizada','Baja','Mailing','2024-01-01 08:00:00','2024-01-31 20:00:00',NULL,1,8,NULL,'2025-11-27 03:02:52','2025-11-27 03:06:29',1),(17,'Prueba','Prueba','Campaña vigente: Duplica tus gigas comprando por la App','Cancelada','Media','Mailing','2025-11-26 03:20:39','2025-12-03 03:20:39',NULL,1,8,NULL,'2025-11-27 03:20:39','2025-11-27 03:21:51',1),(24,'Prueba 2','prueba','probando','Vigente','Media','Mailing','2025-12-05 21:26:00','2025-12-06 21:26:00',NULL,2,16,NULL,'2025-11-27 21:29:31','2025-12-05 21:26:01',0),(26,'Campaña de Prueba Borrador','Test','','Cancelada','Media','Llamadas','2025-12-06 07:19:00','2025-12-11 07:19:00',NULL,1,8,NULL,'2025-11-28 08:05:18','2025-11-30 07:38:32',0),(27,'test','test',NULL,'Vigente','Baja','Mailing','2025-12-04 06:42:00','2025-12-05 06:42:00',NULL,1,8,NULL,'2025-11-30 06:42:19','2025-12-04 08:29:12',0),(28,'CON TU PREPAGO PAGO DE ENTEL!','Internet','Mayor disponibilidad de datos con este nuevo plan!','Cancelada','Media','Mailing','2025-12-03 18:54:00','2025-12-03 23:54:00',NULL,1,18,NULL,'2025-11-30 15:49:37','2025-12-01 00:42:57',0),(36,'CON TU PREPAGO PAGO DE ENTEL!','Internet','Mayor disponibilidad de megas.','Vigente','Media','Mailing','2025-12-03 13:00:00','2025-12-03 21:00:00',NULL,1,18,NULL,'2025-11-30 18:39:45','2025-12-04 09:04:09',0),(37,'EJEMPLOX','ejemplox','ejemplooo','Cancelada','Alta','Mailing','2025-12-05 18:00:00','2025-12-06 13:00:00',NULL,1,39,NULL,'2025-11-30 18:50:21','2025-12-05 18:05:07',0),(38,'Campaña de prueba hecha por Marco','Pelado cabeza de pinga','Esta es una prueba para ver si funciona mi integración con ángel','Vigente','Media','Llamadas','2025-12-01 13:00:00','2025-12-06 23:00:00',NULL,1,18,NULL,'2025-11-30 20:55:50','2025-12-01 16:22:12',0),(39,'Test Agent ID Debug','Debug','Testing agent ID persistence','Vigente','Alta','Llamadas','2025-12-01 15:00:00','2025-12-01 17:00:00',NULL,1,8,2,'2025-12-01 00:17:27','2025-12-01 16:22:12',0),(40,'Test Agent ID Debug','Debug','Testing agent ID persistence','Vigente','Alta','Llamadas','2025-12-01 15:00:00','2025-12-01 17:00:00',NULL,1,8,2,'2025-12-01 00:19:42','2025-12-01 16:22:12',0),(41,'test315','test','','Borrador','Baja','Mailing',NULL,NULL,NULL,NULL,15,2,'2025-12-01 00:35:30','2025-12-01 00:43:57',0),(42,'prueba cancelar','test',NULL,'Cancelada','Media','Mailing','2025-12-05 04:05:00','2025-12-06 04:05:00',NULL,1,8,3,'2025-12-01 04:05:36','2025-12-01 04:06:27',0),(43,'TestAutoTest','Test','Test Auto Activation','Vigente','Media','Llamadas','2025-12-01 04:30:00','2025-12-04 04:28:00',NULL,1,8,NULL,'2025-12-01 04:23:59','2025-12-01 04:30:07',0),(44,'Test de integración con Marco','Promociones','El pelado me kgo el ritmo de sueño','Vigente','Media','Llamadas','2025-12-01 13:00:00','2025-12-05 23:00:00',NULL,1,15,4,'2025-12-01 07:58:38','2025-12-01 16:22:12',0),(45,'Test marco 2','asdas','asdasd','Vigente','Media','Llamadas','2025-12-01 08:03:00','2025-12-03 08:00:00',NULL,1,8,3,'2025-12-01 08:01:24','2025-12-01 08:03:49',0),(46,'test10','test',NULL,'Programada','Media','Llamadas','2026-01-10 04:33:00','2026-01-11 04:33:00',NULL,2,8,4,'2025-12-04 04:34:30','2025-12-04 04:34:51',0),(47,'testeo historial','test',NULL,'Borrador','Baja','Mailing',NULL,NULL,NULL,NULL,15,11,'2025-12-04 07:40:43','2025-12-04 07:40:43',0),(48,'testeo programacion','test',NULL,'Cancelada','Media','Mailing','2025-12-04 08:33:00','2025-12-05 08:31:00',NULL,2,8,12,'2025-12-04 08:32:01','2025-12-05 18:10:56',0),(49,'testeo programacion 2','test',NULL,'Vigente','Media','Llamadas','2025-12-04 08:36:00','2025-12-05 08:34:00',NULL,2,8,12,'2025-12-04 08:34:37','2025-12-04 08:36:02',0),(59,'Prueba pa Taco','Test','Hola aña uwu onichan','Cancelada','Media','Mailing','2025-12-10 10:00:00','2026-01-20 00:00:00',NULL,2,18,11,'2025-12-04 16:42:30','2025-12-04 17:19:04',0),(60,'Prueba 2 pa taco','Test 2','aña','Cancelada','Baja','Mailing','2025-12-04 17:00:00','2025-12-16 11:47:00',NULL,1,16,2,'2025-12-04 16:47:37','2025-12-05 18:11:32',0),(61,'ALDANA CASTILLA HUANCA','Faltitas','Que es una faltita?','Cancelada','Media','Mailing','2025-12-07 11:47:00','2025-12-10 11:47:00',NULL,1,43,13,'2025-12-04 16:47:57','2025-12-05 18:12:15',0),(63,'MARCO ALDANA CHAVEZ','anaeurisma','--','Vigente','Media','Mailing','2025-12-04 17:35:00','2025-12-04 18:40:00',NULL,1,43,4,'2025-12-04 17:21:10','2025-12-04 17:35:01',0),(64,'UltraFibra 2025 – Conexión que Impulsa tu Hogar','Internet','Mejora tu internet! :)','Cancelada','Media','Mailing','2025-12-04 19:12:00','2025-12-04 20:15:00',NULL,1,44,NULL,'2025-12-04 18:30:23','2025-12-04 19:10:39',0),(65,'UltraFibra 2025 – Conexión que Impulsa tu Hogar	','Internet','Mejora tu net!','Vigente','Media','Mailing','2025-12-04 19:18:00','2025-12-04 20:20:00',NULL,1,43,10,'2025-12-04 19:13:52','2025-12-04 19:18:01',0),(66,'pruebas finales','prueba','-- xxxxxxxxxxxxxxxx --','Cancelada','Alta','Mailing','2025-12-05 14:34:00','2025-12-05 15:35:00',NULL,1,43,10,'2025-12-05 14:32:14','2025-12-05 18:12:43',0),(67,'Campaña ejemplito metricas','wwwww','wwwww','Cancelada','Alta','Mailing','2025-12-05 14:57:00','2025-12-05 15:58:00',NULL,1,43,12,'2025-12-05 14:54:41','2025-12-05 18:12:59',0),(68,'CAMPAÑA APERTURA','apertura','app','Vigente','Baja','Mailing','2025-12-05 15:53:00','2025-12-05 16:53:00',NULL,1,43,11,'2025-12-05 15:50:16','2025-12-05 15:53:02',0),(69,'MegaFibra Hogar Premium','Mejora de servicio doméstico orientado a familias con alto consumo digital.','Campaña orientada a familias que requieren velocidad estable para videollamadas, clases virtuales, streaming 4K y gaming. El objetivo es migrar clientes actuales a un plan superior con beneficios exclusivos y percepción premium.','Programada','Baja','Mailing','2025-12-09 19:31:00','2025-12-10 19:31:00',NULL,1,18,12,'2025-12-05 19:31:26','2025-12-05 19:31:38',0),(70,'Campaña de Recompensas Navideñas','Promociones por Navidad','Se le propone a los contactos actualizar sus paquetes de datos por descuentos navideños','Vigente','Media','Llamadas','2025-12-05 21:39:00','2025-12-12 21:37:00',NULL,1,39,13,'2025-12-05 21:37:51','2025-12-05 21:39:02',0),(71,'Upgrade Gratuito de Velocidad','Incremento de valor gratuito para clientes actuales.','La campaña busca fidelizar usuarios existentes ofreciéndoles un aumento de velocidad, reforzando percepción de marca enfocada en mejora constante. Requiere programar visita técnica o reconexión.','Vigente','Media','Mailing','2025-12-05 22:55:00','2025-12-05 23:57:00',NULL,1,43,13,'2025-12-05 22:53:33','2025-12-05 22:55:02',0),(72,'Conecta Más – Planes en Promo 2025','Promoción limitada de planes móviles con mayor velocidad y más gigas por menor precio.','Campaña enfocada en captar nuevos clientes ofreciendo planes móviles con descuentos exclusivos por tiempo limitado. Se resaltará la alta cobertura, la velocidad de internet y beneficios extras como redes sociales ilimitadas.','Vigente','Alta','Mailing','2025-12-06 01:36:00','2025-12-06 02:37:00',NULL,1,43,11,'2025-12-06 01:33:31','2025-12-06 01:36:01',0),(73,'Fibra Turbo Hogar 2025','Internet hogar a mayor velocidad con instalación inmediata.','Internet hogar a mayor velocidad con instalación inmediata.','Vigente','Baja','Mailing','2025-12-06 04:58:00','2025-12-08 04:55:00',NULL,1,43,10,'2025-12-06 04:55:31','2025-12-06 04:58:02',0),(74,'Hogar Conectado Smart','Venta cruzada: Internet + Smart TV + instalación.','Paquete basado en fibra + televisor incluido financiado, por motivo navideño o verano.','Vigente','Media','Mailing','2025-12-06 05:04:00','2025-12-07 05:00:00',NULL,1,43,4,'2025-12-06 05:01:01','2025-12-06 05:04:02',0),(75,'Prueba id plantilla','prueba',NULL,'Borrador','Baja','Mailing',NULL,NULL,NULL,NULL,8,2,'2025-12-06 05:51:01','2025-12-06 05:51:01',0),(76,'Recarga Doble Power','Recarga móvil y duplicado de saldo.','Promoción corta por fin de semana con doble saldo y minutos ilimitados.','Vigente','Media','Mailing','2025-12-06 06:00:00','2025-12-08 05:57:00',NULL,1,43,11,'2025-12-06 05:57:59','2025-12-06 06:58:15',0),(77,'Prueba id plantilla 2','prueba',NULL,'Borrador','Baja','Mailing',NULL,NULL,NULL,NULL,8,2,'2025-12-06 05:59:17','2025-12-06 05:59:17',0),(78,'Prueba id plantilla 3','prueba',NULL,'Borrador','Media','Mailing',NULL,NULL,NULL,NULL,8,2,'2025-12-06 06:03:28','2025-12-06 06:03:29',0),(79,'Prueba id plantilla 4','prueba',NULL,'Borrador','Media','Mailing',NULL,NULL,NULL,NULL,8,2,'2025-12-06 06:08:31','2025-12-06 06:08:31',0),(80,'test 2 (Copia)','test',NULL,'Borrador','Baja','Mailing',NULL,NULL,NULL,NULL,8,12,'2025-12-06 06:15:04','2025-12-06 06:15:05',0),(81,'test (Copia)','test',NULL,'Borrador','Media','Mailing',NULL,NULL,2,NULL,15,NULL,'2025-12-06 06:21:31','2025-12-06 06:21:32',0),(82,'Full Streaming Sin Cortes','Planes optimizados para plataformas de streaming.','Campaña dirigida a personas que consumen Netflix, YouTube, Disney+ o Twitch, especialmente familias.','Vigente','Baja','Mailing','2025-12-06 06:42:00','2025-12-10 06:39:00',NULL,1,43,4,'2025-12-06 06:39:36','2025-12-06 06:42:02',0),(83,'Crear mi pack familiar','Planes enfocados en gamers.','Se resalta baja latencia, estabilidad y cobertura WiFi gamer.','Vigente','Baja','Mailing','2025-12-06 07:07:00','2025-12-09 07:04:00',NULL,1,43,13,'2025-12-06 07:04:40','2025-12-06 07:07:02',0),(84,'Revolución Fibra Real','Cambio de ADSL o cable coaxial a fibra óptica pura.','Campaña aspiracional enfocada en migración tecnológica. Se resalta mejora real en velocidad, estabilidad, latencia y experiencia hogar.','Vigente','Alta','Mailing','2025-12-06 08:02:00','2025-12-08 07:59:00',NULL,1,43,2,'2025-12-06 08:00:10','2025-12-06 08:02:01',0),(85,'Plan 5G Power Experience','Planes móviles de alta velocidad con cobertura 5G.','Servicio enfocado en rendimiento extremo de navegación, descargas rápidas y gaming móvil.','Vigente','Baja','Mailing','2025-12-06 08:17:00','2025-12-09 08:15:00',NULL,1,43,10,'2025-12-06 08:15:49','2025-12-06 08:17:01',0);
/*!40000 ALTER TABLE `campana` ENABLE KEYS */;
UNLOCK TABLES;

--
-- Table structure for table `campanas_mailing`
--

DROP TABLE IF EXISTS `campanas_mailing`;
/*!40101 SET @saved_cs_client     = @@character_set_client */;
/*!50503 SET character_set_client = utf8mb4 */;
CREATE TABLE `campanas_mailing` (
  `id` int NOT NULL AUTO_INCREMENT,
  `id_campana_gestion` bigint NOT NULL,
  `id_segmento` bigint NOT NULL,
  `id_encuesta` int DEFAULT NULL,
  `id_agente_asignado` int NOT NULL,
  `id_estado` int NOT NULL DEFAULT '1',
  `prioridad` varchar(20) NOT NULL DEFAULT 'Media',
  `nombre` varchar(255) NOT NULL,
  `descripcion` text,
  `tematica` varchar(255) DEFAULT NULL,
  `fecha_inicio` datetime NOT NULL,
  `fecha_fin` datetime NOT NULL,
  `asunto` varchar(255) DEFAULT NULL,
  `cuerpo` text,
  `cta_texto` varchar(100) DEFAULT NULL,
  `cta_url` varchar(2048) DEFAULT NULL,
  `fecha_creacion` timestamp NULL DEFAULT CURRENT_TIMESTAMP,
  `fecha_actualizacion` timestamp NULL DEFAULT CURRENT_TIMESTAMP ON UPDATE CURRENT_TIMESTAMP,
  PRIMARY KEY (`id`),
  KEY `fk_campana_mailing_campana` (`id_campana_gestion`),
  KEY `fk_campana_mailing_segmento` (`id_segmento`),
  KEY `idx_mailing_estado` (`id_estado`),
  KEY `idx_mailing_agente_estado` (`id_agente_asignado`,`id_estado`),
  KEY `fk_campana_mailing_encuesta` (`id_encuesta`),
  CONSTRAINT `fk_campana_mailing_agente` FOREIGN KEY (`id_agente_asignado`) REFERENCES `agente_marketing` (`id_agente`),
  CONSTRAINT `fk_campana_mailing_campana` FOREIGN KEY (`id_campana_gestion`) REFERENCES `campana` (`id_campana`),
  CONSTRAINT `fk_campana_mailing_encuesta` FOREIGN KEY (`id_encuesta`) REFERENCES `Encuesta` (`id_encuesta`),
  CONSTRAINT `fk_campana_mailing_estado` FOREIGN KEY (`id_estado`) REFERENCES `cat_estados_campana` (`id`),
  CONSTRAINT `fk_campana_mailing_segmento` FOREIGN KEY (`id_segmento`) REFERENCES `segmento` (`id_segmento`)
) ENGINE=InnoDB AUTO_INCREMENT=25 DEFAULT CHARSET=utf8mb4 COLLATE=utf8mb4_0900_ai_ci;
/*!40101 SET character_set_client = @saved_cs_client */;

--
-- Dumping data for table `campanas_mailing`
--

LOCK TABLES `campanas_mailing` WRITE;
/*!40000 ALTER TABLE `campanas_mailing` DISABLE KEYS */;
INSERT INTO `campanas_mailing` VALUES (1,36,18,NULL,1,4,'Media','CON TU PREPAGO PAGO DE ENTEL!','Mayor disponibilidad de megas.','Internet','2025-12-03 13:00:00','2025-12-03 21:00:00','','<p class=\"text-gray-800 text-base leading-relaxed py-1\"></p>','','http://localhost:3000/encuesta/null','2025-11-30 18:39:58','2025-12-03 15:40:48'),(4,42,8,3,1,6,'Media','prueba cancelar',NULL,'test','2025-12-05 04:05:00','2025-12-06 04:05:00',NULL,NULL,NULL,'http://localhost:3000/encuesta/3','2025-12-01 04:05:48','2025-12-01 04:06:27'),(5,48,8,12,2,6,'Media','testeo programacion',NULL,'test','2025-12-04 08:33:00','2025-12-05 08:31:00',NULL,NULL,NULL,'http://localhost:3000/encuesta/12','2025-12-04 08:32:14','2025-12-05 18:10:56'),(6,59,18,11,2,6,'Media','Prueba pa Taco','Hola aña uwu onichan','Test','2025-12-10 10:00:00','2026-01-20 00:00:00',NULL,NULL,NULL,'http://localhost:3000/encuesta/11','2025-12-04 16:42:40','2025-12-04 17:19:04'),(7,60,16,2,1,6,'Baja','Prueba 2 pa taco','aña','Test 2','2025-12-04 17:00:00','2025-12-16 11:47:00',NULL,NULL,NULL,'http://localhost:3000/encuesta/2','2025-12-04 16:47:44','2025-12-05 18:11:32'),(8,61,43,13,1,6,'Media','ALDANA CASTILLA HUANCA','Que es una faltita?','Faltitas','2025-12-07 11:47:00','2025-12-10 11:47:00','','<p class=\"text-gray-800 text-base leading-relaxed py-1\"></p>','','http://localhost:3000/encuesta/13','2025-12-04 16:48:03','2025-12-05 18:12:15'),(9,63,43,4,1,5,'Media','MARCO ALDANA CHAVEZ','--','anaeurisma','2025-12-04 17:35:00','2025-12-04 18:40:00','PRUEBA DE CORREO CON RESEND','<p class=\"text-gray-800 text-base leading-relaxed py-1\"><strong>Buenas tardes</strong>, como se encuentra.</p>','ME INTERESA','http://localhost:3000/encuesta/4','2025-12-04 17:21:18','2025-12-04 18:43:12'),(10,64,44,NULL,1,6,'Media','UltraFibra 2025 – Conexión que Impulsa tu Hogar','Mejora tu internet! :)','Internet','2025-12-04 19:12:00','2025-12-04 20:15:00','Renueva tu experiencia: nuevos planes de Internet Hogar UltraFibra','<p class=\"text-gray-800 text-base leading-relaxed py-1\"><strong>Hola, Marco Castilla,</strong></p><p class=\"text-gray-800 text-base leading-relaxed py-1\">En el marco de nuestra campaña <strong>“UltraFibra 2025 – Conexión que Impulsa tu Hogar”</strong>, en <strong>TelcoFutura Perú</strong> queremos llevar tu experiencia digital al siguiente nivel con nuestros <strong>nuevos planes UltraFibra Hogar</strong>, diseñados para ofrecerte velocidad, estabilidad y una cobertura superior.</p><p class=\"text-gray-800 text-base leading-relaxed py-1\"><strong>? Beneficios de nuestros nuevos planes UltraFibra</strong></p><p class=\"text-gray-800 text-base leading-relaxed py-1\">Velocidades <strong>300, 600 y 900 Mbps</strong>.</p><p class=\"text-gray-800 text-base leading-relaxed py-1\">Router <strong>WiFi 6 con cobertura ampliada</strong>.</p><p class=\"text-gray-800 text-base leading-relaxed py-1\"><strong>Instalación sin costo</strong> para clientes actuales.</p><p class=\"text-gray-800 text-base leading-relaxed py-1\">Atención prioritaria con nuestro equipo <strong>TechCare 24/7</strong>.</p><p class=\"text-gray-800 text-base leading-relaxed py-1\">Descuentos exclusivos durante los primeros 3 meses.</p><h3 class=\"text-gray-900 font-bold mt-4 mb-2\"><strong>? ¿Por qué cambiar a UltraFibra?</strong></h3><p class=\"text-gray-800 text-base leading-relaxed py-1\">Tu hogar merece una conexión moderna que soporte videollamadas, gaming, clases virtuales, streaming en 4K y múltiples dispositivos conectados al mismo tiempo.<br>Con UltraFibra, podrás hacerlo sin interrupciones.</p><p class=\"text-gray-800 text-base leading-relaxed py-1\"></p><p class=\"text-gray-800 text-base leading-relaxed py-1\"></p>','? Mejora tu plan ahora con UltraFibra','http://localhost:3000/encuesta/null','2025-12-04 18:32:31','2025-12-04 19:10:39'),(11,65,43,10,1,5,'Media','UltraFibra 2025 – Conexión que Impulsa tu Hogar	','Mejora tu net!','Internet','2025-12-04 19:18:00','2025-12-04 20:20:00','Renueva tu experiencia: nuevos planes de Internet Hogar UltraFibra','<p class=\"text-gray-800 text-base leading-relaxed py-1\"><strong>Hola, Marco Castilla,</strong></p><p class=\"text-gray-800 text-base leading-relaxed py-1\">En el marco de nuestra campaña <strong>“UltraFibra 2025 – Conexión que Impulsa tu Hogar”</strong>, en <strong>TelcoFutura Perú</strong> queremos llevar tu experiencia digital al siguiente nivel con nuestros <strong>nuevos planes UltraFibra Hogar</strong>, diseñados para ofrecerte velocidad, estabilidad y una cobertura superior.</p><p class=\"text-gray-800 text-base leading-relaxed py-1\"><strong>? Beneficios de nuestros nuevos planes UltraFibra</strong></p><p class=\"text-gray-800 text-base leading-relaxed py-1\">Velocidades <strong>300, 600 y 900 Mbps</strong>.</p><p class=\"text-gray-800 text-base leading-relaxed py-1\">Router <strong>WiFi 6 con cobertura ampliada</strong>.</p><p class=\"text-gray-800 text-base leading-relaxed py-1\"><strong>Instalación sin costo</strong> para clientes actuales.</p><p class=\"text-gray-800 text-base leading-relaxed py-1\">Atención prioritaria con nuestro equipo <strong>TechCare 24/7</strong>.</p><p class=\"text-gray-800 text-base leading-relaxed py-1\">Descuentos exclusivos durante los primeros 3 meses.</p><h3 class=\"text-gray-900 font-bold mt-4 mb-2\"><strong>? ¿Por qué cambiar a UltraFibra?</strong></h3><p class=\"text-gray-800 text-base leading-relaxed py-1\">Tu hogar merece una conexión moderna que soporte videollamadas, gaming, clases virtuales, streaming en 4K y múltiples dispositivos conectados al mismo tiempo.<br>Con UltraFibra, podrás hacerlo sin interrupciones.</p><p class=\"text-gray-800 text-base leading-relaxed py-1\"></p>','? Mejora tu plan ahora con UltraFibra','http://localhost:3000/encuesta/10','2025-12-04 19:13:59','2025-12-04 20:22:10'),(12,66,43,10,1,6,'Alta','pruebas finales','-- xxxxxxxxxxxxxxxx --','prueba','2025-12-05 14:34:00','2025-12-05 15:35:00','prueba','<p class=\"text-gray-800 text-base leading-relaxed py-1\">pruebaaaa</p>','hola','http://localhost:3000/encuesta/10','2025-12-05 14:32:25','2025-12-05 18:12:43'),(13,67,43,12,1,6,'Alta','Campaña ejemplito metricas','wwwww','wwwww','2025-12-05 14:57:00','2025-12-05 15:58:00','HOLAAAAAA','<p class=\"text-gray-800 text-base leading-relaxed py-1\"><strong>Hola </strong></p>','PRESIONA AQUI PARA CONFIRMAR','http://localhost:3000/encuesta/12','2025-12-05 14:54:52','2025-12-05 18:12:59'),(14,68,43,11,1,5,'Baja','CAMPAÑA APERTURA','app','apertura','2025-12-05 15:53:00','2025-12-05 16:53:00','sdfsdfdfdfdfsfd','<p class=\"text-gray-800 text-base leading-relaxed py-1\">dfsdfdsfssdfdsfsdf</p>','sdfs','http://localhost:3000/encuesta/11','2025-12-05 15:50:27','2025-12-05 16:56:33'),(15,69,18,12,1,1,'Baja','MegaFibra Hogar Premium','Campaña orientada a familias que requieren velocidad estable para videollamadas, clases virtuales, streaming 4K y gaming. El objetivo es migrar clientes actuales a un plan superior con beneficios exclusivos y percepción premium.','Mejora de servicio doméstico orientado a familias con alto consumo digital.','2025-12-09 19:31:00','2025-12-10 19:31:00','Mejora tu hogar a Fibra Premium con instalación gratis ?','<p class=\"text-gray-800 text-base leading-relaxed py-1\">Hola ?,<br>Tu hogar merece una conexión a la altura de lo que usan cada día.<br>Nuestro nuevo plan <strong>Fibra Hogar Premium</strong> incluye:<br><br>✔ WiFi 6 incluido<br>✔ Ancho de banda hasta 900 Mbps<br>✔ Estabilidad garantizada<br>✔ Sin costo de migración</p><p class=\"text-gray-800 text-base leading-relaxed py-1\">Ideal para streaming, estudio remoto y juegos sin cortes.</p><p class=\"text-gray-800 text-base leading-relaxed py-1\">¿Quieres vivir la experiencia premium?</p>','Mejorar mi plan ahora','http://localhost:3000/encuesta/12','2025-12-05 19:31:38','2025-12-05 19:35:23'),(16,71,43,13,1,5,'Media','Upgrade Gratuito de Velocidad','La campaña busca fidelizar usuarios existentes ofreciéndoles un aumento de velocidad, reforzando percepción de marca enfocada en mejora constante. Requiere programar visita técnica o reconexión.','Incremento de valor gratuito para clientes actuales.','2025-12-05 22:55:00','2025-12-05 23:57:00','? ¡Obtén tu upgrade de velocidad totalmente gratis!','<p class=\"text-gray-800 text-base leading-relaxed py-1\">Hola ?,<br>Tu línea ha sido seleccionada para recibir una <strong>mejora de velocidad sin costo adicional</strong>.</p><p class=\"text-gray-800 text-base leading-relaxed py-1\">Incluye:<br>✨ Aumento inmediato de megas<br>✨ Sin cambios en tu tarifa actual<br>✨ Sin penalidades</p><p class=\"text-gray-800 text-base leading-relaxed py-1\">Solo necesitamos tu confirmación para activarlo.</p>','Quiero mi upgrade gratuito','http://localhost:3000/encuesta/13','2025-12-05 22:53:44','2025-12-06 00:16:29'),(17,72,43,11,1,5,'Alta','Conecta Más – Planes en Promo 2025','Campaña enfocada en captar nuevos clientes ofreciendo planes móviles con descuentos exclusivos por tiempo limitado. Se resaltará la alta cobertura, la velocidad de internet y beneficios extras como redes sociales ilimitadas.','Promoción limitada de planes móviles con mayor velocidad y más gigas por menor precio.','2025-12-06 01:36:00','2025-12-06 02:37:00','? ¡Solo por hoy! Duplica tus gigas y paga menos ?','<p class=\"text-gray-800 text-base leading-relaxed py-1\">Hola ?,</p><p class=\"text-gray-800 text-base leading-relaxed py-1\">Sabemos que estar conectado es parte esencial de tu día. Por eso, hemos creado una promoción especial solo por tiempo limitado:</p><p class=\"text-gray-800 text-base leading-relaxed py-1\">✨ <strong>Plan Conecta+ 30 GB → ahora 60 GB</strong><br>✨ Incluye WhatsApp, Instagram y Facebook ilimitados<br>✨ Sin costo de activación<br>✨ Instalación en menos de 24 horas</p><p class=\"text-gray-800 text-base leading-relaxed py-1\">? Ideal para estudiar, trabajar, navegar y jugar sin preocuparte por los megas.</p><p class=\"text-gray-800 text-base leading-relaxed py-1\">Y lo mejor… desde <strong>S/39 al mes</strong>.</p><p class=\"text-gray-800 text-base leading-relaxed py-1\">? Promoción válida solo por esta semana.</p><p class=\"text-gray-800 text-base leading-relaxed py-1\">¿Te lo vas a perder?</p>','¡Quiero duplicar mis gigas! ?','http://localhost:3000/encuesta/11','2025-12-06 01:33:40','2025-12-06 02:37:45'),(18,73,43,10,1,4,'Baja','Fibra Turbo Hogar 2025','Internet hogar a mayor velocidad con instalación inmediata.','Internet hogar a mayor velocidad con instalación inmediata.','2025-12-06 04:58:00','2025-12-08 04:55:00',NULL,NULL,NULL,'http://localhost:3000/encuesta/10','2025-12-06 04:55:42','2025-12-06 04:59:33'),(19,74,43,4,1,3,'Media','Hogar Conectado Smart','Paquete basado en fibra + televisor incluido financiado, por motivo navideño o verano.','Venta cruzada: Internet + Smart TV + instalación.','2025-12-06 05:04:00','2025-12-07 05:00:00','? Internet + Smart TV incluido desde S/79/mes ?','<p class=\"text-gray-800 text-base leading-relaxed py-1\">Hola,<br>Llévate hoy tu <strong>Plan Hogar Conectado Smart</strong>:</p><p class=\"text-gray-800 text-base leading-relaxed py-1\">✔ Fibra óptica 400 Mbps<br>✔ Smart TV 32” o 50”<br>✔ Instalación inmediata<br>✔ Financiado sin intereses</p><p class=\"text-gray-800 text-base leading-relaxed py-1\">Ideal para streaming, gaming y estudiar desde casa.</p><p class=\"text-gray-800 text-base leading-relaxed py-1\">Oferta limitada hasta agotar stock.</p>','? “Quiero mi combo Smart”','http://localhost:3000/encuesta/4','2025-12-06 05:01:11','2025-12-06 05:04:50'),(20,76,43,11,1,6,'Media','Recarga Doble Power','Promoción corta por fin de semana con doble saldo y minutos ilimitados.','Recarga móvil y duplicado de saldo.','2025-12-06 06:00:00','2025-12-08 05:57:00','? Recarga S/10 y recibe S/20, SOLO HOY ?','<p class=\"text-gray-800 text-base leading-relaxed py-1\">¡Aprovecha Domingo Power!<br>Recarga desde S/10 y recibe el doble en saldo.</p><p class=\"text-gray-800 text-base leading-relaxed py-1\">? Además incluye<br>✔ Minutos ilimitados<br>✔ Redes ilimitadas<br>✔ Vigencia extendida</p><p class=\"text-gray-800 text-base leading-relaxed py-1\">Recarga desde la app, agentes o banca móvil.</p>','? “Recargar ahora”','http://localhost:3000/encuesta/11','2025-12-06 05:58:10','2025-12-06 06:31:10'),(21,82,43,4,1,3,'Baja','Full Streaming Sin Cortes','Campaña dirigida a personas que consumen Netflix, YouTube, Disney+ o Twitch, especialmente familias.','Planes optimizados para plataformas de streaming.','2025-12-06 06:42:00','2025-12-10 06:39:00','? Mira streaming sin pausas: fibra desde S/49 ?','<p class=\"text-gray-800 text-base leading-relaxed py-1\">Hola,<br>¿Te detiene el cargando mientras ves tus series?<br>Con nuestro plan <strong>Full Streaming</strong> disfrutas:</p><p class=\"text-gray-800 text-base leading-relaxed py-1\">✔ Velocidad real sin microcortes<br>✔ WiFi amplificado<br>✔ Instalación el mismo día<br>✔ Prioridad para dispositivos Smart TV</p><p class=\"text-gray-800 text-base leading-relaxed py-1\">Ahora puedes maratonear sin interrupciones.</p>','? “Quiero ver sin cortes”','http://localhost:3000/encuesta/4','2025-12-06 06:39:47','2025-12-06 06:42:23'),(22,83,43,13,1,3,'Baja','Crear mi pack familiar','Se resalta baja latencia, estabilidad y cobertura WiFi gamer.','Planes enfocados en gamers.','2025-12-06 02:15:00','2025-12-09 07:04:00','? Baja latencia + WiFi gamer = victoria asegurada ?','<p class=\"text-gray-800 text-base leading-relaxed py-1\">Hola gamer,<br>Rompe los retrasos en tus partidas con nuestro plan especializado:</p><p class=\"text-gray-800 text-base leading-relaxed py-1\">✔ 500 Mbps simétricos<br>✔ Ping estable &lt; 10 ms<br>✔ Router WiFi Pro<br>✔ Prioridad de tráfico gaming</p><p class=\"text-gray-800 text-base leading-relaxed py-1\">Ideal para PC, consola o móvil.</p>','? “Mejorar conexión gaming”','http://localhost:3000/encuesta/13','2025-12-06 07:04:47','2025-12-06 07:14:26'),(23,84,43,2,1,3,'Alta','Revolución Fibra Real','Campaña aspiracional enfocada en migración tecnológica. Se resalta mejora real en velocidad, estabilidad, latencia y experiencia hogar.','Cambio de ADSL o cable coaxial a fibra óptica pura.','2025-12-06 08:02:00','2025-12-08 07:59:00','? Cambia tu internet a fibra real y vive la diferencia desde el 1er día','<p class=\"text-gray-800 text-base leading-relaxed py-1\">Hola,</p><p class=\"text-gray-800 text-base leading-relaxed py-1\">Todavía hay quienes creen que tener internet rápido es cuestión de suerte…<br>Lo cierto es que no, es cuestión de tecnología.</p><p class=\"text-gray-800 text-base leading-relaxed py-1\">? Con <strong>Fibra Real</strong> experimentas de inmediato:<br>✔ Velocidad constante, no “hasta”<br>✔ Sin microcortes<br>✔ Mejor rendimiento en streaming y videollamadas<br>✔ Mayor alcance WiFi</p><p class=\"text-gray-800 text-base leading-relaxed py-1\">Instalamos en solo horas y sin costo de activación.<br>Tu hogar merece tecnología que evoluciona contigo.</p><p class=\"text-gray-800 text-base leading-relaxed py-1\">Tú solo agenda la fecha, nosotros hacemos el resto.</p>','✨ “Migrar a Fibra Real”','http://localhost:3000/encuesta/2','2025-12-06 08:00:17','2025-12-06 08:05:40'),(24,85,43,10,1,2,'Baja','Plan 5G Power Experience','Servicio enfocado en rendimiento extremo de navegación, descargas rápidas y gaming móvil.','Planes móviles de alta velocidad con cobertura 5G.','2025-12-06 08:17:00','2025-12-09 08:15:00','⚡ Siente el poder del 5G: descargas en segundos y full velocidad','<p class=\"text-gray-800 text-base leading-relaxed py-1\">Hola,</p><p class=\"text-gray-800 text-base leading-relaxed py-1\">Ya no se trata de navegar… ahora se trata de experimentar la velocidad en su máximo nivel.</p><p class=\"text-gray-800 text-base leading-relaxed py-1\">Con <strong>5G Power Experience</strong> obtén:<br>? Descargas hasta 10X más rápidas<br>? Gaming sin lag<br>? Video HD sin cortes<br>? Cobertura ampliada en zonas urbanas</p><p class=\"text-gray-800 text-base leading-relaxed py-1\">Además:<br>✔ Redes sociales ilimitadas<br>✔ Equipo financiado sin intereses<br>✔ Sin permanencia</p><p class=\"text-gray-800 text-base leading-relaxed py-1\">Tu teléfono ya soporta 5G.<br>Ahora deja que tu conexión haga el resto.</p>','⚡ “Activar mi plan 5G Power”','http://localhost:3000/encuesta/10','2025-12-06 08:15:56','2025-12-06 08:17:00');
/*!40000 ALTER TABLE `campanas_mailing` ENABLE KEYS */;
UNLOCK TABLES;

--
-- Table structure for table `campania_agente`
--

DROP TABLE IF EXISTS `campania_agente`;
/*!40101 SET @saved_cs_client     = @@character_set_client */;
/*!50503 SET character_set_client = utf8mb4 */;
CREATE TABLE `campania_agente` (
  `id_campania` int NOT NULL,
  `id_agente` int NOT NULL,
  PRIMARY KEY (`id_campania`,`id_agente`),
  KEY `fk_campania_agente_id_campania_telefonica_idx` (`id_campania`),
  KEY `fk_campania_agente_id_agente_idx` (`id_agente`),
  CONSTRAINT `fk_campania_agente_id_agente` FOREIGN KEY (`id_agente`) REFERENCES `agente_marketing` (`id_agente`),
  CONSTRAINT `fk_campania_agente_id_campania_telefonica` FOREIGN KEY (`id_campania`) REFERENCES `campania_telefonica` (`id`)
) ENGINE=InnoDB DEFAULT CHARSET=utf8mb4 COLLATE=utf8mb4_0900_ai_ci;
/*!40101 SET character_set_client = @saved_cs_client */;

--
-- Dumping data for table `campania_agente`
--

LOCK TABLES `campania_agente` WRITE;
/*!40000 ALTER TABLE `campania_agente` DISABLE KEYS */;
INSERT INTO `campania_agente` VALUES (3,1),(4,1),(5,1),(6,1),(7,1),(8,1),(9,1),(10,1),(11,2),(12,2),(13,1);
/*!40000 ALTER TABLE `campania_agente` ENABLE KEYS */;
UNLOCK TABLES;

--
-- Table structure for table `campania_telefonica`
--

DROP TABLE IF EXISTS `campania_telefonica`;
/*!40101 SET @saved_cs_client     = @@character_set_client */;
/*!50503 SET character_set_client = utf8mb4 */;
CREATE TABLE `campania_telefonica` (
  `id` int NOT NULL AUTO_INCREMENT,
  `id_campana_gestion` bigint NOT NULL,
  `id_segmento` bigint NOT NULL,
  `id_encuesta` int DEFAULT NULL,
  `nombre` varchar(200) NOT NULL,
  `fecha_inicio` date NOT NULL,
  `fecha_fin` date NOT NULL,
  `estado` varchar(45) NOT NULL DEFAULT 'BORRADOR',
  `id_estado` int NOT NULL DEFAULT '1',
  `prioridad` enum('Alta','Media','Baja') NOT NULL DEFAULT 'Media',
  `fecha_creacion` timestamp NOT NULL DEFAULT CURRENT_TIMESTAMP,
  `fecha_modificacion` timestamp NOT NULL DEFAULT CURRENT_TIMESTAMP ON UPDATE CURRENT_TIMESTAMP,
  `es_archivado` tinyint(1) NOT NULL DEFAULT '0',
  PRIMARY KEY (`id`),
  UNIQUE KEY `id_UNIQUE` (`id`),
  KEY `fk_ct_campana` (`id_campana_gestion`),
  KEY `fk_ct_segmento` (`id_segmento`),
  KEY `fk_ct_encuesta` (`id_encuesta`),
  KEY `fk_ct_estado` (`id_estado`),
  CONSTRAINT `fk_ct_campana` FOREIGN KEY (`id_campana_gestion`) REFERENCES `campana` (`id_campana`),
  CONSTRAINT `fk_ct_encuesta` FOREIGN KEY (`id_encuesta`) REFERENCES `Encuesta` (`id_encuesta`),
  CONSTRAINT `fk_ct_estado` FOREIGN KEY (`id_estado`) REFERENCES `cat_estados_campana` (`id`),
  CONSTRAINT `fk_ct_segmento` FOREIGN KEY (`id_segmento`) REFERENCES `segmento` (`id_segmento`)
) ENGINE=InnoDB AUTO_INCREMENT=14 DEFAULT CHARSET=utf8mb4 COLLATE=utf8mb4_0900_ai_ci;
/*!40101 SET character_set_client = @saved_cs_client */;

--
-- Dumping data for table `campania_telefonica`
--

LOCK TABLES `campania_telefonica` WRITE;
/*!40000 ALTER TABLE `campania_telefonica` DISABLE KEYS */;
INSERT INTO `campania_telefonica` VALUES (3,6,8,2,'Renovación iPhone 16 VIP','2025-12-10','2025-12-11','Cancelada',5,'Alta','2025-11-27 21:09:26','2025-12-01 07:37:35',0),(4,26,8,NULL,'Campaña de Prueba Borrador','2025-12-06','2025-12-11','Cancelada',5,'Media','2025-11-30 07:19:19','2025-11-30 07:38:32',0),(5,38,18,NULL,'Campaña de prueba hecha por Marco','2025-12-01','2025-12-06','Vigente',2,'Media','2025-11-30 20:56:04','2025-12-01 16:22:03',0),(6,39,8,2,'Test Agent ID Debug','2025-12-01','2025-12-01','Vigente',2,'Alta','2025-12-01 00:18:40','2025-12-01 16:22:06',0),(7,40,8,2,'Test Agent ID Debug','2025-12-01','2025-12-01','Vigente',2,'Alta','2025-12-01 00:20:14','2025-12-01 16:22:09',0),(8,43,8,NULL,'TestAutoTest','2025-11-30','2025-12-03','Vigente',2,'Media','2025-12-01 04:28:52','2025-12-01 04:30:07',0),(9,44,15,4,'Test de integración con Marco','2025-12-01','2025-12-05','Vigente',2,'Media','2025-12-01 07:58:51','2025-12-01 16:22:12',0),(10,45,8,3,'Test marco 2','2025-12-01','2025-12-03','Vigente',2,'Media','2025-12-01 08:01:36','2025-12-01 08:03:49',0),(11,46,8,4,'test10','2026-01-09','2026-01-10','Programada',1,'Media','2025-12-04 04:34:42','2025-12-04 04:34:42',0),(12,49,8,12,'testeo programacion 2','2025-12-04','2025-12-05','Vigente',2,'Media','2025-12-04 08:34:49','2025-12-04 08:36:02',0),(13,70,39,13,'Campaña de Recompensas Navideñas','2025-12-05','2025-12-12','Vigente',2,'Media','2025-12-05 21:38:04','2025-12-05 21:39:02',0);
/*!40000 ALTER TABLE `campania_telefonica` ENABLE KEYS */;
UNLOCK TABLES;

--
-- Table structure for table `campania_telefonica_config`
--

DROP TABLE IF EXISTS `campania_telefonica_config`;
/*!40101 SET @saved_cs_client     = @@character_set_client */;
/*!50503 SET character_set_client = utf8mb4 */;
CREATE TABLE `campania_telefonica_config` (
  `id_campania_telefonica` int NOT NULL,
  `hora_inicio_permitida` time NOT NULL DEFAULT '09:00:00',
  `hora_fin_permitida` time NOT NULL DEFAULT '21:00:00',
  `dias_semana_permitidos` varchar(50) DEFAULT 'LUN-MAR-MIE-JUE-VIE',
  `max_intentos` int NOT NULL,
  `intervalo_reintentos_min` int NOT NULL DEFAULT '60',
  `tipo_discado` enum('Manual','Preview','Progresivo') NOT NULL DEFAULT 'Manual',
  `modo_contacto` enum('Llamada','Llamada+SMS') NOT NULL DEFAULT 'Llamada',
  `permite_sms_respaldo` tinyint(1) NOT NULL DEFAULT '0',
  PRIMARY KEY (`id_campania_telefonica`),
  CONSTRAINT `fk_ctc_campania` FOREIGN KEY (`id_campania_telefonica`) REFERENCES `campania_telefonica` (`id`) ON DELETE CASCADE
) ENGINE=InnoDB DEFAULT CHARSET=utf8mb4 COLLATE=utf8mb4_0900_ai_ci;
/*!40101 SET character_set_client = @saved_cs_client */;

--
-- Dumping data for table `campania_telefonica_config`
--

LOCK TABLES `campania_telefonica_config` WRITE;
/*!40000 ALTER TABLE `campania_telefonica_config` DISABLE KEYS */;
INSERT INTO `campania_telefonica_config` VALUES (3,'09:00:00','21:00:00','LUN-MAR-MIE-JUE-VIE',3,60,'Manual','Llamada',0),(4,'09:00:00','21:00:00','LUN-MAR-MIE-JUE-VIE',3,60,'Manual','Llamada',0),(5,'09:00:00','21:00:00','LUN-MAR-MIE-JUE-VIE',3,60,'Manual','Llamada',0),(6,'09:00:00','21:00:00','LUN-MAR-MIE-JUE-VIE',3,60,'Manual','Llamada',0),(7,'09:00:00','21:00:00','LUN-MAR-MIE-JUE-VIE',3,60,'Manual','Llamada',0),(8,'09:00:00','21:00:00','LUN-MAR-MIE-JUE-VIE',3,60,'Manual','Llamada',0),(9,'09:00:00','21:00:00','LUN-MAR-MIE-JUE-VIE',3,60,'Manual','Llamada',0),(10,'09:00:00','21:00:00','LUN-MAR-MIE-JUE-VIE',3,60,'Manual','Llamada',0),(11,'09:00:00','21:00:00','LUN-MAR-MIE-JUE-VIE',3,60,'Manual','Llamada',0),(12,'09:00:00','21:00:00','LUN-MAR-MIE-JUE-VIE',3,60,'Manual','Llamada',0),(13,'09:00:00','21:00:00','LUN-MAR-MIE-JUE-VIE',3,60,'Manual','Llamada',0);
/*!40000 ALTER TABLE `campania_telefonica_config` ENABLE KEYS */;
UNLOCK TABLES;

--
-- Table structure for table `cat_estados_campana`
--

DROP TABLE IF EXISTS `cat_estados_campana`;
/*!40101 SET @saved_cs_client     = @@character_set_client */;
/*!50503 SET character_set_client = utf8mb4 */;
CREATE TABLE `cat_estados_campana` (
  `id` int NOT NULL,
  `nombre` varchar(50) NOT NULL,
  PRIMARY KEY (`id`),
  UNIQUE KEY `nombre` (`nombre`)
) ENGINE=InnoDB DEFAULT CHARSET=utf8mb4 COLLATE=utf8mb4_0900_ai_ci;
/*!40101 SET character_set_client = @saved_cs_client */;

--
-- Dumping data for table `cat_estados_campana`
--

LOCK TABLES `cat_estados_campana` WRITE;
/*!40000 ALTER TABLE `cat_estados_campana` DISABLE KEYS */;
INSERT INTO `cat_estados_campana` VALUES (6,'cancelado'),(3,'enviado'),(5,'finalizado'),(2,'listo'),(1,'pendiente'),(4,'vencido');
/*!40000 ALTER TABLE `cat_estados_campana` ENABLE KEYS */;
UNLOCK TABLES;

--
-- Table structure for table `cat_tipos_interaccion`
--

DROP TABLE IF EXISTS `cat_tipos_interaccion`;
/*!40101 SET @saved_cs_client     = @@character_set_client */;
/*!50503 SET character_set_client = utf8mb4 */;
CREATE TABLE `cat_tipos_interaccion` (
  `id` int NOT NULL,
  `nombre` varchar(50) NOT NULL,
  PRIMARY KEY (`id`),
  UNIQUE KEY `nombre` (`nombre`)
) ENGINE=InnoDB DEFAULT CHARSET=utf8mb4 COLLATE=utf8mb4_0900_ai_ci;
/*!40101 SET character_set_client = @saved_cs_client */;

--
-- Dumping data for table `cat_tipos_interaccion`
--

LOCK TABLES `cat_tipos_interaccion` WRITE;
/*!40000 ALTER TABLE `cat_tipos_interaccion` DISABLE KEYS */;
INSERT INTO `cat_tipos_interaccion` VALUES (1,'apertura'),(4,'baja'),(2,'clic'),(3,'rebote');
/*!40000 ALTER TABLE `cat_tipos_interaccion` ENABLE KEYS */;
UNLOCK TABLES;

--
-- Table structure for table `catalogo_filtro`
--

DROP TABLE IF EXISTS `catalogo_filtro`;
/*!40101 SET @saved_cs_client     = @@character_set_client */;
/*!50503 SET character_set_client = utf8mb4 */;
CREATE TABLE `catalogo_filtro` (
  `id_filtro` bigint NOT NULL AUTO_INCREMENT,
  `categoria` varchar(255) DEFAULT NULL,
  `campo` varchar(255) DEFAULT NULL,
  `tipo_dato` varchar(255) DEFAULT NULL,
  `operadores_permitidos` varchar(255) DEFAULT NULL,
  `tipo_audiencia` varchar(20) DEFAULT 'LEAD',
  PRIMARY KEY (`id_filtro`),
  KEY `idx_catalogo_filtros_campo_audiencia` (`campo`,`tipo_audiencia`),
  KEY `idx_catalogo_filtros_campo` (`campo`)
) ENGINE=InnoDB AUTO_INCREMENT=33 DEFAULT CHARSET=utf8mb4 COLLATE=utf8mb4_0900_ai_ci;
/*!40101 SET character_set_client = @saved_cs_client */;

--
-- Dumping data for table `catalogo_filtro`
--

LOCK TABLES `catalogo_filtro` WRITE;
/*!40000 ALTER TABLE `catalogo_filtro` DISABLE KEYS */;
INSERT INTO `catalogo_filtro` VALUES (1,'DEMOGRAFICO','edad','NUMBER','IGUAL,DIFERENTE,MAYOR_QUE,MENOR_QUE,MAYOR_IGUAL,MENOR_IGUAL','AMBOS'),(2,'DEMOGRAFICO','genero','SELECT','IGUAL,DIFERENTE','AMBOS'),(3,'DEMOGRAFICO','estado_civil','SELECT','IGUAL,DIFERENTE','LEAD'),(4,'DEMOGRAFICO','niveleducativo','SELECT','IGUAL,DIFERENTE','LEAD'),(5,'UBICACION','distrito','TEXT','IGUAL,DIFERENTE,CONTIENE','LEAD'),(6,'UBICACION','distritoid','TEXT','IGUAL,DIFERENTE','LEAD'),(7,'UBICACION','provincia','TEXT','IGUAL,DIFERENTE,CONTIENE','LEAD'),(8,'UBICACION','provinciaid','TEXT','IGUAL,DIFERENTE','LEAD'),(9,'UBICACION','departamento','TEXT','IGUAL,DIFERENTE,CONTIENE','LEAD'),(10,'UBICACION','departamentoid','TEXT','IGUAL,DIFERENTE','LEAD'),(11,'UBICACION','ciudad','TEXT','IGUAL,DIFERENTE,CONTIENE','LEAD'),(12,'ECONOMICO','ingresos','NUMBER','IGUAL,DIFERENTE,MAYOR_QUE,MENOR_QUE,MAYOR_IGUAL,MENOR_IGUAL','LEAD'),(13,'ECONOMICO','score','NUMBER','IGUAL,DIFERENTE,MAYOR_QUE,MENOR_QUE,MAYOR_IGUAL,MENOR_IGUAL','LEAD'),(14,'CONTACTO','email','TEXT','IGUAL,DIFERENTE,CONTIENE','AMBOS'),(15,'CONTACTO','telefono','TEXT','IGUAL,DIFERENTE,CONTIENE','LEAD'),(16,'COMPORTAMIENTO','utmsource','TEXT','IGUAL,DIFERENTE,CONTIENE','LEAD'),(17,'COMPORTAMIENTO','utmmedium','TEXT','IGUAL,DIFERENTE,CONTIENE','LEAD'),(18,'COMPORTAMIENTO','utmcampaign','TEXT','IGUAL,DIFERENTE,CONTIENE','LEAD'),(19,'COMPORTAMIENTO','tipofuente','TEXT','IGUAL,DIFERENTE','LEAD'),(25,'Perfil','ocupacion','TEXTO','IGUAL,CONTIENE','CLIENTE'),(26,'Perfil','idioma','TEXTO','IGUAL','CLIENTE'),(27,'Comportamiento','total_gastado','NUMERO','MAYOR_QUE,MENOR_QUE,ENTRE','CLIENTE'),(28,'Comportamiento','total_transacciones','NUMERO','MAYOR_QUE,MENOR_QUE,IGUAL','CLIENTE'),(29,'Comportamiento','score_fidelidad','NUMERO','MAYOR_QUE,MENOR_QUE,ENTRE','CLIENTE'),(30,'Comportamiento','intereses_declarados','TEXTO','CONTIENE','CLIENTE'),(31,'Comportamiento','canal_contacto_favorito','TEXTO','IGUAL','CLIENTE'),(32,'Comportamiento','acepta_publicidad','BOOLEANO','IGUAL','CLIENTE');
/*!40000 ALTER TABLE `catalogo_filtro` ENABLE KEYS */;
UNLOCK TABLES;

--
-- Table structure for table `cola_llamada`
--

DROP TABLE IF EXISTS `cola_llamada`;
/*!40101 SET @saved_cs_client     = @@character_set_client */;
/*!50503 SET character_set_client = utf8mb4 */;
CREATE TABLE `cola_llamada` (
  `id` int NOT NULL AUTO_INCREMENT,
  `id_campania` int NOT NULL,
  `id_lead` bigint NOT NULL,
  `prioridad_cola` varchar(45) NOT NULL DEFAULT 'MEDIA',
  `estado_en_cola` varchar(45) NOT NULL DEFAULT 'PENDIENTE',
  `id_agente_actual` int DEFAULT NULL,
  `fecha_programada` datetime DEFAULT NULL,
  `fecha_ultima_llamada` datetime DEFAULT NULL,
  `resultado_ultima_llamada` varchar(255) DEFAULT NULL,
  PRIMARY KEY (`id`),
  UNIQUE KEY `id_cola_llamada_UNIQUE` (`id`),
  KEY `cola_llamada_campania_idx` (`id_campania`),
  KEY `cola_llamada_lead_idx` (`id_lead`),
  KEY `cola_llamada_agente_idx` (`id_agente_actual`),
  CONSTRAINT `fk_cola_llamada_agente` FOREIGN KEY (`id_agente_actual`) REFERENCES `agente_marketing` (`id_agente`),
  CONSTRAINT `fk_cola_llamada_campania` FOREIGN KEY (`id_campania`) REFERENCES `campania_telefonica` (`id`),
  CONSTRAINT `fk_cola_llamada_lead` FOREIGN KEY (`id_lead`) REFERENCES `leads` (`lead_id`)
) ENGINE=InnoDB AUTO_INCREMENT=228 DEFAULT CHARSET=utf8mb4 COLLATE=utf8mb4_0900_ai_ci;
/*!40101 SET character_set_client = @saved_cs_client */;

--
-- Dumping data for table `cola_llamada`
--

LOCK TABLES `cola_llamada` WRITE;
/*!40000 ALTER TABLE `cola_llamada` DISABLE KEYS */;
INSERT INTO `cola_llamada` VALUES (1,3,65,'MEDIA','EN_PROCESO',1,NULL,NULL,NULL),(2,3,75,'MEDIA','COMPLETADO',NULL,NULL,NULL,NULL),(3,3,77,'MEDIA','COMPLETADO',NULL,NULL,NULL,NULL),(4,3,84,'MEDIA','EN_PROCESO',1,NULL,NULL,NULL),(5,3,85,'MEDIA','COMPLETADO',NULL,NULL,NULL,NULL),(6,3,88,'MEDIA','COMPLETADO',NULL,NULL,NULL,NULL),(7,3,97,'MEDIA','COMPLETADO',NULL,NULL,NULL,NULL),(8,3,100,'MEDIA','EN_PROCESO',1,NULL,NULL,NULL),(9,3,110,'MEDIA','COMPLETADO',NULL,NULL,NULL,NULL),(10,3,115,'MEDIA','EN_PROCESO',1,NULL,NULL,NULL),(11,3,117,'MEDIA','PENDIENTE',NULL,NULL,NULL,NULL),(12,3,121,'MEDIA','PENDIENTE',NULL,NULL,NULL,NULL),(13,3,122,'MEDIA','PENDIENTE',NULL,NULL,NULL,NULL),(14,3,124,'MEDIA','PENDIENTE',NULL,NULL,NULL,NULL),(15,3,128,'MEDIA','PENDIENTE',NULL,NULL,NULL,NULL),(16,3,136,'MEDIA','PENDIENTE',NULL,NULL,NULL,NULL),(17,3,137,'MEDIA','PENDIENTE',NULL,NULL,NULL,NULL),(18,3,138,'MEDIA','PENDIENTE',NULL,NULL,NULL,NULL),(19,3,145,'MEDIA','PENDIENTE',NULL,NULL,NULL,NULL),(20,3,147,'MEDIA','PENDIENTE',NULL,NULL,NULL,NULL),(21,3,149,'ALTA','COMPLETADO',NULL,NULL,NULL,NULL),(22,4,65,'MEDIA','EN_PROCESO',1,NULL,NULL,NULL),(23,4,75,'MEDIA','PENDIENTE',NULL,NULL,NULL,NULL),(24,4,77,'MEDIA','PENDIENTE',NULL,NULL,NULL,NULL),(25,4,84,'MEDIA','PENDIENTE',NULL,NULL,NULL,NULL),(26,4,85,'MEDIA','PENDIENTE',NULL,NULL,NULL,NULL),(27,4,88,'MEDIA','PENDIENTE',NULL,NULL,NULL,NULL),(28,4,97,'MEDIA','PENDIENTE',NULL,NULL,NULL,NULL),(29,4,100,'MEDIA','PENDIENTE',NULL,NULL,NULL,NULL),(30,4,110,'MEDIA','PENDIENTE',NULL,NULL,NULL,NULL),(31,4,115,'MEDIA','PENDIENTE',NULL,NULL,NULL,NULL),(32,4,117,'MEDIA','PENDIENTE',NULL,NULL,NULL,NULL),(33,4,121,'MEDIA','PENDIENTE',NULL,NULL,NULL,NULL),(34,4,122,'MEDIA','PENDIENTE',NULL,NULL,NULL,NULL),(35,4,124,'MEDIA','PENDIENTE',NULL,NULL,NULL,NULL),(36,4,128,'MEDIA','PENDIENTE',NULL,NULL,NULL,NULL),(37,4,136,'MEDIA','PENDIENTE',NULL,NULL,NULL,NULL),(38,4,137,'MEDIA','PENDIENTE',NULL,NULL,NULL,NULL),(39,4,138,'MEDIA','PENDIENTE',NULL,NULL,NULL,NULL),(40,4,145,'MEDIA','PENDIENTE',NULL,NULL,NULL,NULL),(41,4,147,'MEDIA','PENDIENTE',NULL,NULL,NULL,NULL),(42,5,66,'MEDIA','PENDIENTE',NULL,NULL,NULL,NULL),(43,5,108,'MEDIA','PENDIENTE',NULL,NULL,NULL,NULL),(44,5,130,'MEDIA','PENDIENTE',NULL,NULL,NULL,NULL),(45,5,132,'MEDIA','PENDIENTE',NULL,NULL,NULL,NULL),(46,5,139,'MEDIA','PENDIENTE',NULL,NULL,NULL,NULL),(47,5,142,'MEDIA','PENDIENTE',NULL,NULL,NULL,NULL),(48,5,143,'MEDIA','PENDIENTE',NULL,NULL,NULL,NULL),(49,5,150,'MEDIA','PENDIENTE',NULL,NULL,NULL,NULL),(50,5,151,'MEDIA','PENDIENTE',NULL,NULL,NULL,NULL),(51,5,168,'MEDIA','PENDIENTE',NULL,NULL,NULL,NULL),(52,6,65,'MEDIA','EN_PROCESO',1,NULL,NULL,NULL),(53,6,75,'MEDIA','EN_PROCESO',1,NULL,NULL,NULL),(54,6,77,'MEDIA','PENDIENTE',NULL,NULL,NULL,NULL),(55,6,84,'MEDIA','PENDIENTE',NULL,NULL,NULL,NULL),(56,6,85,'MEDIA','PENDIENTE',NULL,NULL,NULL,NULL),(57,6,88,'MEDIA','PENDIENTE',NULL,NULL,NULL,NULL),(58,6,97,'MEDIA','PENDIENTE',NULL,NULL,NULL,NULL),(59,6,100,'MEDIA','PENDIENTE',NULL,NULL,NULL,NULL),(60,6,110,'MEDIA','PENDIENTE',NULL,NULL,NULL,NULL),(61,6,115,'MEDIA','PENDIENTE',NULL,NULL,NULL,NULL),(62,6,117,'MEDIA','PENDIENTE',NULL,NULL,NULL,NULL),(63,6,121,'MEDIA','PENDIENTE',NULL,NULL,NULL,NULL),(64,6,122,'MEDIA','PENDIENTE',NULL,NULL,NULL,NULL),(65,6,124,'MEDIA','PENDIENTE',NULL,NULL,NULL,NULL),(66,6,128,'MEDIA','PENDIENTE',NULL,NULL,NULL,NULL),(67,6,136,'MEDIA','PENDIENTE',NULL,NULL,NULL,NULL),(68,6,137,'MEDIA','PENDIENTE',NULL,NULL,NULL,NULL),(69,6,138,'MEDIA','PENDIENTE',NULL,NULL,NULL,NULL),(70,6,145,'MEDIA','PENDIENTE',NULL,NULL,NULL,NULL),(71,6,147,'MEDIA','PENDIENTE',NULL,NULL,NULL,NULL),(72,7,65,'MEDIA','COMPLETADO',1,NULL,'2025-12-06 10:38:28','NO_INTERESADO'),(73,7,75,'MEDIA','COMPLETADO',NULL,NULL,NULL,NULL),(74,7,77,'MEDIA','COMPLETADO',1,NULL,'2025-12-05 11:14:51','INTERESADO'),(75,7,84,'MEDIA','COMPLETADO',NULL,NULL,NULL,NULL),(76,7,85,'MEDIA','COMPLETADO',1,NULL,'2025-12-05 10:03:48','INTERESADO'),(77,7,88,'ALTA','COMPLETADO',1,'2025-12-06 06:00:00','2025-12-05 09:28:31','INTERESADO'),(78,7,97,'MEDIA','EN_PROCESO',1,NULL,NULL,NULL),(79,7,100,'ALTA','COMPLETADO',1,'2025-12-05 13:45:00','2025-12-06 10:13:44','NO_INTERESADO'),(80,7,110,'MEDIA','COMPLETADO',1,NULL,'2025-12-04 11:41:27','CONTACTADO'),(81,7,115,'MEDIA','COMPLETADO',1,NULL,'2025-12-04 12:41:48','NO_INTERESADO'),(82,7,117,'ALTA','PENDIENTE',1,'2025-12-04 22:20:00','2025-12-05 03:17:47','NO_CONTESTA'),(83,7,121,'MEDIA','EN_PROCESO',1,NULL,NULL,NULL),(84,7,122,'MEDIA','PENDIENTE',NULL,NULL,NULL,NULL),(85,7,124,'MEDIA','PENDIENTE',NULL,NULL,NULL,NULL),(86,7,128,'MEDIA','PENDIENTE',NULL,NULL,NULL,NULL),(87,7,136,'MEDIA','PENDIENTE',NULL,NULL,NULL,NULL),(88,7,137,'MEDIA','PENDIENTE',NULL,NULL,NULL,NULL),(89,7,138,'MEDIA','PENDIENTE',NULL,NULL,NULL,NULL),(90,7,145,'MEDIA','PENDIENTE',NULL,NULL,NULL,NULL),(91,7,147,'MEDIA','PENDIENTE',NULL,NULL,NULL,NULL),(92,8,65,'MEDIA','PENDIENTE',NULL,NULL,NULL,NULL),(93,8,75,'MEDIA','PENDIENTE',NULL,NULL,NULL,NULL),(94,8,77,'MEDIA','PENDIENTE',NULL,NULL,NULL,NULL),(95,8,84,'MEDIA','PENDIENTE',NULL,NULL,NULL,NULL),(96,8,85,'MEDIA','PENDIENTE',NULL,NULL,NULL,NULL),(97,8,88,'MEDIA','PENDIENTE',NULL,NULL,NULL,NULL),(98,8,97,'MEDIA','PENDIENTE',NULL,NULL,NULL,NULL),(99,8,100,'MEDIA','PENDIENTE',NULL,NULL,NULL,NULL),(100,8,110,'MEDIA','PENDIENTE',NULL,NULL,NULL,NULL),(101,8,115,'MEDIA','PENDIENTE',NULL,NULL,NULL,NULL),(102,8,117,'MEDIA','PENDIENTE',NULL,NULL,NULL,NULL),(103,8,121,'MEDIA','PENDIENTE',NULL,NULL,NULL,NULL),(104,8,122,'MEDIA','PENDIENTE',NULL,NULL,NULL,NULL),(105,8,124,'MEDIA','PENDIENTE',NULL,NULL,NULL,NULL),(106,8,128,'MEDIA','PENDIENTE',NULL,NULL,NULL,NULL),(107,8,136,'MEDIA','PENDIENTE',NULL,NULL,NULL,NULL),(108,8,137,'MEDIA','PENDIENTE',NULL,NULL,NULL,NULL),(109,8,138,'MEDIA','PENDIENTE',NULL,NULL,NULL,NULL),(110,8,145,'MEDIA','PENDIENTE',NULL,NULL,NULL,NULL),(111,8,147,'MEDIA','PENDIENTE',NULL,NULL,NULL,NULL),(112,9,59,'MEDIA','PENDIENTE',NULL,NULL,NULL,NULL),(113,9,61,'MEDIA','PENDIENTE',NULL,NULL,NULL,NULL),(114,9,72,'MEDIA','PENDIENTE',NULL,NULL,NULL,NULL),(115,9,73,'MEDIA','PENDIENTE',NULL,NULL,NULL,NULL),(116,9,87,'MEDIA','PENDIENTE',NULL,NULL,NULL,NULL),(117,9,92,'MEDIA','PENDIENTE',NULL,NULL,NULL,NULL),(118,9,107,'MEDIA','PENDIENTE',NULL,NULL,NULL,NULL),(119,10,65,'MEDIA','PENDIENTE',NULL,NULL,NULL,NULL),(120,10,75,'MEDIA','PENDIENTE',NULL,NULL,NULL,NULL),(121,10,77,'MEDIA','PENDIENTE',NULL,NULL,NULL,NULL),(122,10,84,'MEDIA','PENDIENTE',NULL,NULL,NULL,NULL),(123,10,85,'MEDIA','PENDIENTE',NULL,NULL,NULL,NULL),(124,10,88,'MEDIA','PENDIENTE',NULL,NULL,NULL,NULL),(125,10,97,'MEDIA','PENDIENTE',NULL,NULL,NULL,NULL),(126,10,100,'MEDIA','PENDIENTE',NULL,NULL,NULL,NULL),(127,10,110,'MEDIA','PENDIENTE',NULL,NULL,NULL,NULL),(128,10,115,'MEDIA','PENDIENTE',NULL,NULL,NULL,NULL),(129,10,117,'MEDIA','PENDIENTE',NULL,NULL,NULL,NULL),(130,10,121,'MEDIA','PENDIENTE',NULL,NULL,NULL,NULL),(131,10,122,'MEDIA','PENDIENTE',NULL,NULL,NULL,NULL),(132,10,124,'MEDIA','PENDIENTE',NULL,NULL,NULL,NULL),(133,10,128,'MEDIA','PENDIENTE',NULL,NULL,NULL,NULL),(134,10,136,'MEDIA','PENDIENTE',NULL,NULL,NULL,NULL),(135,10,137,'MEDIA','PENDIENTE',NULL,NULL,NULL,NULL),(136,10,138,'MEDIA','PENDIENTE',NULL,NULL,NULL,NULL),(137,10,145,'MEDIA','PENDIENTE',NULL,NULL,NULL,NULL),(138,10,147,'MEDIA','PENDIENTE',NULL,NULL,NULL,NULL),(139,11,65,'MEDIA','PENDIENTE',NULL,NULL,NULL,NULL),(140,11,75,'MEDIA','PENDIENTE',NULL,NULL,NULL,NULL),(141,11,77,'MEDIA','PENDIENTE',NULL,NULL,NULL,NULL),(142,11,84,'MEDIA','PENDIENTE',NULL,NULL,NULL,NULL),(143,11,85,'MEDIA','PENDIENTE',NULL,NULL,NULL,NULL),(144,11,88,'MEDIA','PENDIENTE',NULL,NULL,NULL,NULL),(145,11,97,'MEDIA','PENDIENTE',NULL,NULL,NULL,NULL),(146,11,100,'MEDIA','PENDIENTE',NULL,NULL,NULL,NULL),(147,11,110,'MEDIA','PENDIENTE',NULL,NULL,NULL,NULL),(148,11,115,'MEDIA','PENDIENTE',NULL,NULL,NULL,NULL),(149,11,117,'MEDIA','PENDIENTE',NULL,NULL,NULL,NULL),(150,11,121,'MEDIA','PENDIENTE',NULL,NULL,NULL,NULL),(151,11,122,'MEDIA','PENDIENTE',NULL,NULL,NULL,NULL),(152,11,124,'MEDIA','PENDIENTE',NULL,NULL,NULL,NULL),(153,11,128,'MEDIA','PENDIENTE',NULL,NULL,NULL,NULL),(154,11,136,'MEDIA','PENDIENTE',NULL,NULL,NULL,NULL),(155,11,137,'MEDIA','PENDIENTE',NULL,NULL,NULL,NULL),(156,11,138,'MEDIA','PENDIENTE',NULL,NULL,NULL,NULL),(157,11,145,'MEDIA','PENDIENTE',NULL,NULL,NULL,NULL),(158,11,147,'MEDIA','PENDIENTE',NULL,NULL,NULL,NULL),(159,12,65,'MEDIA','PENDIENTE',NULL,NULL,NULL,NULL),(160,12,75,'MEDIA','PENDIENTE',NULL,NULL,NULL,NULL),(161,12,77,'MEDIA','PENDIENTE',NULL,NULL,NULL,NULL),(162,12,84,'MEDIA','PENDIENTE',NULL,NULL,NULL,NULL),(163,12,85,'MEDIA','PENDIENTE',NULL,NULL,NULL,NULL),(164,12,88,'MEDIA','PENDIENTE',NULL,NULL,NULL,NULL),(165,12,97,'MEDIA','PENDIENTE',NULL,NULL,NULL,NULL),(166,12,100,'MEDIA','PENDIENTE',NULL,NULL,NULL,NULL),(167,12,110,'MEDIA','PENDIENTE',NULL,NULL,NULL,NULL),(168,12,115,'MEDIA','PENDIENTE',NULL,NULL,NULL,NULL),(169,12,117,'MEDIA','PENDIENTE',NULL,NULL,NULL,NULL),(170,12,121,'MEDIA','PENDIENTE',NULL,NULL,NULL,NULL),(171,12,122,'MEDIA','PENDIENTE',NULL,NULL,NULL,NULL),(172,12,124,'MEDIA','PENDIENTE',NULL,NULL,NULL,NULL),(173,12,128,'MEDIA','PENDIENTE',NULL,NULL,NULL,NULL),(174,12,136,'MEDIA','PENDIENTE',NULL,NULL,NULL,NULL),(175,12,137,'MEDIA','PENDIENTE',NULL,NULL,NULL,NULL),(176,12,138,'MEDIA','PENDIENTE',NULL,NULL,NULL,NULL),(177,12,145,'MEDIA','PENDIENTE',NULL,NULL,NULL,NULL),(178,12,147,'MEDIA','PENDIENTE',NULL,NULL,NULL,NULL),(179,12,165,'ALTA','PENDIENTE',NULL,NULL,NULL,NULL),(180,12,157,'ALTA','PENDIENTE',NULL,NULL,NULL,NULL),(181,13,14,'MEDIA','COMPLETADO',1,NULL,'2025-12-06 09:45:07','NO_INTERESADO'),(182,13,24,'MEDIA','COMPLETADO',1,NULL,'2025-12-06 06:57:07','INTERESADO'),(183,13,57,'MEDIA','COMPLETADO',1,NULL,'2025-12-06 07:47:08','INTERESADO'),(184,13,59,'MEDIA','COMPLETADO',1,NULL,'2025-12-06 11:45:02','NO_INTERESADO'),(185,13,61,'MEDIA','PENDIENTE',NULL,NULL,NULL,NULL),(186,13,66,'MEDIA','COMPLETADO',1,NULL,'2025-12-06 09:55:03','NO_INTERESADO'),(187,13,72,'MEDIA','PENDIENTE',NULL,NULL,NULL,NULL),(188,13,73,'MEDIA','PENDIENTE',NULL,NULL,NULL,NULL),(189,13,80,'MEDIA','PENDIENTE',NULL,NULL,NULL,NULL),(190,13,87,'MEDIA','PENDIENTE',NULL,NULL,NULL,NULL),(191,13,89,'MEDIA','PENDIENTE',NULL,NULL,NULL,NULL),(192,13,92,'MEDIA','PENDIENTE',NULL,NULL,NULL,NULL),(193,13,99,'MEDIA','PENDIENTE',NULL,NULL,NULL,NULL),(194,13,107,'MEDIA','PENDIENTE',NULL,NULL,NULL,NULL),(195,13,108,'MEDIA','PENDIENTE',NULL,NULL,NULL,NULL),(196,13,113,'MEDIA','PENDIENTE',NULL,NULL,NULL,NULL),(197,13,130,'MEDIA','PENDIENTE',NULL,NULL,NULL,NULL),(198,13,132,'MEDIA','PENDIENTE',NULL,NULL,NULL,NULL),(199,13,134,'MEDIA','PENDIENTE',NULL,NULL,NULL,NULL),(200,13,139,'MEDIA','PENDIENTE',NULL,NULL,NULL,NULL),(201,13,142,'MEDIA','PENDIENTE',NULL,NULL,NULL,NULL),(202,13,143,'MEDIA','COMPLETADO',1,NULL,'2025-12-06 09:25:57','INTERESADO'),(203,13,148,'MEDIA','PENDIENTE',NULL,NULL,NULL,NULL),(204,13,150,'MEDIA','PENDIENTE',NULL,NULL,NULL,NULL),(205,13,151,'MEDIA','PENDIENTE',NULL,NULL,NULL,NULL),(206,13,156,'MEDIA','PENDIENTE',NULL,NULL,NULL,NULL),(207,13,164,'MEDIA','PENDIENTE',NULL,NULL,NULL,NULL),(208,13,168,'MEDIA','PENDIENTE',NULL,NULL,NULL,NULL),(209,13,172,'MEDIA','PENDIENTE',NULL,NULL,NULL,NULL),(210,13,203,'MEDIA','COMPLETADO',1,NULL,'2025-12-06 08:42:23','INTERESADO'),(211,13,204,'MEDIA','COMPLETADO',1,NULL,'2025-12-06 07:18:46','INTERESADO'),(212,13,207,'MEDIA','PENDIENTE',NULL,NULL,NULL,NULL),(213,13,210,'MEDIA','PENDIENTE',NULL,NULL,NULL,NULL),(214,13,213,'MEDIA','PENDIENTE',NULL,NULL,NULL,NULL),(215,13,215,'MEDIA','PENDIENTE',NULL,NULL,NULL,NULL),(216,13,216,'MEDIA','PENDIENTE',NULL,NULL,NULL,NULL),(217,13,219,'MEDIA','COMPLETADO',1,NULL,'2025-12-06 08:56:30','INTERESADO'),(218,13,221,'MEDIA','PENDIENTE',NULL,NULL,NULL,NULL),(219,13,223,'MEDIA','COMPLETADO',1,NULL,'2025-12-06 09:35:08','INTERESADO'),(220,13,224,'MEDIA','COMPLETADO',1,NULL,'2025-12-06 11:33:06','NO_INTERESADO'),(221,13,227,'MEDIA','PENDIENTE',NULL,NULL,NULL,NULL),(222,13,229,'MEDIA','COMPLETADO',1,NULL,'2025-12-06 09:17:29','INTERESADO'),(223,13,231,'MEDIA','PENDIENTE',NULL,NULL,NULL,NULL),(224,13,233,'MEDIA','PENDIENTE',NULL,NULL,NULL,NULL),(225,12,231,'ALTA','PENDIENTE',NULL,NULL,NULL,NULL),(226,12,230,'ALTA','PENDIENTE',NULL,NULL,NULL,NULL),(227,12,229,'ALTA','PENDIENTE',NULL,NULL,NULL,NULL);
/*!40000 ALTER TABLE `cola_llamada` ENABLE KEYS */;
UNLOCK TABLES;

--
-- Table structure for table `departamentos`
--

DROP TABLE IF EXISTS `departamentos`;
/*!40101 SET @saved_cs_client     = @@character_set_client */;
/*!50503 SET character_set_client = utf8mb4 */;
CREATE TABLE `departamentos` (
  `id_departamento` varchar(2) NOT NULL COMMENT 'Coincide con el ID del INEI (ej: 01)',
  `nombre` varchar(255) DEFAULT NULL,
  PRIMARY KEY (`id_departamento`),
  KEY `idx_departamento_nombre` (`nombre`)
) ENGINE=InnoDB DEFAULT CHARSET=utf8mb4 COLLATE=utf8mb4_0900_ai_ci COMMENT='Departamentos del Perú (INEI)';
/*!40101 SET character_set_client = @saved_cs_client */;

--
-- Dumping data for table `departamentos`
--

LOCK TABLES `departamentos` WRITE;
/*!40000 ALTER TABLE `departamentos` DISABLE KEYS */;
INSERT INTO `departamentos` VALUES ('01','Amazonas'),('02','Áncash'),('03','Apurímac'),('04','Arequipa'),('05','Ayacucho'),('06','Cajamarca'),('07','Callao'),('08','Cusco'),('09','Huancavelica'),('10','Huánuco'),('11','Ica'),('12','Junín'),('13','La Libertad'),('14','Lambayeque'),('15','Lima'),('16','Loreto'),('17','Madre de Dios'),('18','Moquegua'),('19','Pasco'),('20','Piura'),('21','Puno'),('22','San Martín'),('23','Tacna'),('24','Tumbes'),('25','Ucayali');
/*!40000 ALTER TABLE `departamentos` ENABLE KEYS */;
UNLOCK TABLES;

--
-- Table structure for table `distritos`
--

DROP TABLE IF EXISTS `distritos`;
/*!40101 SET @saved_cs_client     = @@character_set_client */;
/*!50503 SET character_set_client = utf8mb4 */;
CREATE TABLE `distritos` (
  `id_distrito` varchar(6) NOT NULL COMMENT 'Coincide con el ID del INEI (ej: 010101)',
  `nombre` varchar(255) DEFAULT NULL,
  `id_provincia` varchar(4) NOT NULL,
  `id_departamento` varchar(2) NOT NULL,
  PRIMARY KEY (`id_distrito`),
  KEY `fk_dist_provincia` (`id_provincia`),
  KEY `fk_dist_departamento` (`id_departamento`),
  KEY `idx_distrito_nombre` (`nombre`),
  CONSTRAINT `fk_dist_departamento` FOREIGN KEY (`id_departamento`) REFERENCES `departamentos` (`id_departamento`),
  CONSTRAINT `fk_dist_provincia` FOREIGN KEY (`id_provincia`) REFERENCES `provincias` (`id_provincia`)
) ENGINE=InnoDB DEFAULT CHARSET=utf8mb4 COLLATE=utf8mb4_0900_ai_ci COMMENT='Distritos del Perú (INEI)';
/*!40101 SET character_set_client = @saved_cs_client */;

--
-- Dumping data for table `distritos`
--

LOCK TABLES `distritos` WRITE;
/*!40000 ALTER TABLE `distritos` DISABLE KEYS */;
INSERT INTO `distritos` VALUES ('010101','Chachapoyas','0101','01'),('010102','Asunción','0101','01'),('010103','Balsas','0101','01'),('010104','Cheto','0101','01'),('010105','Chiliquin','0101','01'),('010106','Chuquibamba','0101','01'),('010107','Granada','0101','01'),('010108','Huancas','0101','01'),('010109','La Jalca','0101','01'),('010110','Leimebamba','0101','01'),('010111','Levanto','0101','01'),('010112','Magdalena','0101','01'),('010113','Mariscal Castilla','0101','01'),('010114','Molinopampa','0101','01'),('010115','Montevideo','0101','01'),('010116','Olleros','0101','01'),('010117','Quinjalca','0101','01'),('010118','San Francisco de Daguas','0101','01'),('010119','San Isidro de Maino','0101','01'),('010120','Soloco','0101','01'),('010121','Sonche','0101','01'),('010201','Bagua','0102','01'),('010202','Aramango','0102','01'),('010203','Copallin','0102','01'),('010204','El Parco','0102','01'),('010205','Imaza','0102','01'),('010206','La Peca','0102','01'),('010301','Jumbilla','0103','01'),('010302','Chisquilla','0103','01'),('010303','Churuja','0103','01'),('010304','Corosha','0103','01'),('010305','Cuispes','0103','01'),('010306','Florida','0103','01'),('010307','Jazan','0103','01'),('010308','Recta','0103','01'),('010309','San Carlos','0103','01'),('010310','Shipasbamba','0103','01'),('010311','Valera','0103','01'),('010312','Yambrasbamba','0103','01'),('010401','Nieva','0104','01'),('010402','El Cenepa','0104','01'),('010403','Río Santiago','0104','01'),('010501','Lamud','0105','01'),('010502','Camporredondo','0105','01'),('010503','Cocabamba','0105','01'),('010504','Colcamar','0105','01'),('010505','Conila','0105','01'),('010506','Inguilpata','0105','01'),('010507','Longuita','0105','01'),('010508','Lonya Chico','0105','01'),('010509','Luya','0105','01'),('010510','Luya Viejo','0105','01'),('010511','María','0105','01'),('010512','Ocalli','0105','01'),('010513','Ocumal','0105','01'),('010514','Pisuquia','0105','01'),('010515','Providencia','0105','01'),('010516','San Cristóbal','0105','01'),('010517','San Francisco de Yeso','0105','01'),('010518','San Jerónimo','0105','01'),('010519','San Juan de Lopecancha','0105','01'),('010520','Santa Catalina','0105','01'),('010521','Santo Tomas','0105','01'),('010522','Tingo','0105','01'),('010523','Trita','0105','01'),('010601','San Nicolás','0106','01'),('010602','Chirimoto','0106','01'),('010603','Cochamal','0106','01'),('010604','Huambo','0106','01'),('010605','Limabamba','0106','01'),('010606','Longar','0106','01'),('010607','Mariscal Benavides','0106','01'),('010608','Milpuc','0106','01'),('010609','Omia','0106','01'),('010610','Santa Rosa','0106','01'),('010611','Totora','0106','01'),('010612','Vista Alegre','0106','01'),('010701','Bagua Grande','0107','01'),('010702','Cajaruro','0107','01'),('010703','Cumba','0107','01'),('010704','El Milagro','0107','01'),('010705','Jamalca','0107','01'),('010706','Lonya Grande','0107','01'),('010707','Yamon','0107','01'),('020101','Huaraz','0201','02'),('020102','Cochabamba','0201','02'),('020103','Colcabamba','0201','02'),('020104','Huanchay','0201','02'),('020105','Independencia','0201','02'),('020106','Jangas','0201','02'),('020107','La Libertad','0201','02'),('020108','Olleros','0201','02'),('020109','Pampas Grande','0201','02'),('020110','Pariacoto','0201','02'),('020111','Pira','0201','02'),('020112','Tarica','0201','02'),('020201','Aija','0202','02'),('020202','Coris','0202','02'),('020203','Huacllan','0202','02'),('020204','La Merced','0202','02'),('020205','Succha','0202','02'),('020301','Llamellin','0203','02'),('020302','Aczo','0203','02'),('020303','Chaccho','0203','02'),('020304','Chingas','0203','02'),('020305','Mirgas','0203','02'),('020306','San Juan de Rontoy','0203','02'),('020401','Chacas','0204','02'),('020402','Acochaca','0204','02'),('020501','Chiquian','0205','02'),('020502','Abelardo Pardo Lezameta','0205','02'),('020503','Antonio Raymondi','0205','02'),('020504','Aquia','0205','02'),('020505','Cajacay','0205','02'),('020506','Canis','0205','02'),('020507','Colquioc','0205','02'),('020508','Huallanca','0205','02'),('020509','Huasta','0205','02'),('020510','Huayllacayan','0205','02'),('020511','La Primavera','0205','02'),('020512','Mangas','0205','02'),('020513','Pacllon','0205','02'),('020514','San Miguel de Corpanqui','0205','02'),('020515','Ticllos','0205','02'),('020601','Carhuaz','0206','02'),('020602','Acopampa','0206','02'),('020603','Amashca','0206','02'),('020604','Anta','0206','02'),('020605','Ataquero','0206','02'),('020606','Marcara','0206','02'),('020607','Pariahuanca','0206','02'),('020608','San Miguel de Aco','0206','02'),('020609','Shilla','0206','02'),('020610','Tinco','0206','02'),('020611','Yungar','0206','02'),('020701','San Luis','0207','02'),('020702','San Nicolás','0207','02'),('020703','Yauya','0207','02'),('020801','Casma','0208','02'),('020802','Buena Vista Alta','0208','02'),('020803','Comandante Noel','0208','02'),('020804','Yautan','0208','02'),('020901','Corongo','0209','02'),('020902','Aco','0209','02'),('020903','Bambas','0209','02'),('020904','Cusca','0209','02'),('020905','La Pampa','0209','02'),('020906','Yanac','0209','02'),('020907','Yupan','0209','02'),('021001','Huari','0210','02'),('021002','Anra','0210','02'),('021003','Cajay','0210','02'),('021004','Chavin de Huantar','0210','02'),('021005','Huacachi','0210','02'),('021006','Huacchis','0210','02'),('021007','Huachis','0210','02'),('021008','Huantar','0210','02'),('021009','Masin','0210','02'),('021010','Paucas','0210','02'),('021011','Ponto','0210','02'),('021012','Rahuapampa','0210','02'),('021013','Rapayan','0210','02'),('021014','San Marcos','0210','02'),('021015','San Pedro de Chana','0210','02'),('021016','Uco','0210','02'),('021101','Huarmey','0211','02'),('021102','Cochapeti','0211','02'),('021103','Culebras','0211','02'),('021104','Huayan','0211','02'),('021105','Malvas','0211','02'),('021201','Caraz','0212','02'),('021202','Huallanca','0212','02'),('021203','Huata','0212','02'),('021204','Huaylas','0212','02'),('021205','Mato','0212','02'),('021206','Pamparomas','0212','02'),('021207','Pueblo Libre','0212','02'),('021208','Santa Cruz','0212','02'),('021209','Santo Toribio','0212','02'),('021210','Yuracmarca','0212','02'),('021301','Piscobamba','0213','02'),('021302','Casca','0213','02'),('021303','Eleazar Guzmán Barron','0213','02'),('021304','Fidel Olivas Escudero','0213','02'),('021305','Llama','0213','02'),('021306','Llumpa','0213','02'),('021307','Lucma','0213','02'),('021308','Musga','0213','02'),('021401','Ocros','0214','02'),('021402','Acas','0214','02'),('021403','Cajamarquilla','0214','02'),('021404','Carhuapampa','0214','02'),('021405','Cochas','0214','02'),('021406','Congas','0214','02'),('021407','Llipa','0214','02'),('021408','San Cristóbal de Rajan','0214','02'),('021409','San Pedro','0214','02'),('021410','Santiago de Chilcas','0214','02'),('021501','Cabana','0215','02'),('021502','Bolognesi','0215','02'),('021503','Conchucos','0215','02'),('021504','Huacaschuque','0215','02'),('021505','Huandoval','0215','02'),('021506','Lacabamba','0215','02'),('021507','Llapo','0215','02'),('021508','Pallasca','0215','02'),('021509','Pampas','0215','02'),('021510','Santa Rosa','0215','02'),('021511','Tauca','0215','02'),('021601','Pomabamba','0216','02'),('021602','Huayllan','0216','02'),('021603','Parobamba','0216','02'),('021604','Quinuabamba','0216','02'),('021701','Recuay','0217','02'),('021702','Catac','0217','02'),('021703','Cotaparaco','0217','02'),('021704','Huayllapampa','0217','02'),('021705','Llacllin','0217','02'),('021706','Marca','0217','02'),('021707','Pampas Chico','0217','02'),('021708','Pararin','0217','02'),('021709','Tapacocha','0217','02'),('021710','Ticapampa','0217','02'),('021801','Chimbote','0218','02'),('021802','Cáceres del Perú','0218','02'),('021803','Coishco','0218','02'),('021804','Macate','0218','02'),('021805','Moro','0218','02'),('021806','Nepeña','0218','02'),('021807','Samanco','0218','02'),('021808','Santa','0218','02'),('021809','Nuevo Chimbote','0218','02'),('021901','Sihuas','0219','02'),('021902','Acobamba','0219','02'),('021903','Alfonso Ugarte','0219','02'),('021904','Cashapampa','0219','02'),('021905','Chingalpo','0219','02'),('021906','Huayllabamba','0219','02'),('021907','Quiches','0219','02'),('021908','Ragash','0219','02'),('021909','San Juan','0219','02'),('021910','Sicsibamba','0219','02'),('022001','Yungay','0220','02'),('022002','Cascapara','0220','02'),('022003','Mancos','0220','02'),('022004','Matacoto','0220','02'),('022005','Quillo','0220','02'),('022006','Ranrahirca','0220','02'),('022007','Shupluy','0220','02'),('022008','Yanama','0220','02'),('030101','Abancay','0301','03'),('030102','Chacoche','0301','03'),('030103','Circa','0301','03'),('030104','Curahuasi','0301','03'),('030105','Huanipaca','0301','03'),('030106','Lambrama','0301','03'),('030107','Pichirhua','0301','03'),('030108','San Pedro de Cachora','0301','03'),('030109','Tamburco','0301','03'),('030201','Andahuaylas','0302','03'),('030202','Andarapa','0302','03'),('030203','Chiara','0302','03'),('030204','Huancarama','0302','03'),('030205','Huancaray','0302','03'),('030206','Huayana','0302','03'),('030207','Kishuara','0302','03'),('030208','Pacobamba','0302','03'),('030209','Pacucha','0302','03'),('030210','Pampachiri','0302','03'),('030211','Pomacocha','0302','03'),('030212','San Antonio de Cachi','0302','03'),('030213','San Jerónimo','0302','03'),('030214','San Miguel de Chaccrampa','0302','03'),('030215','Santa María de Chicmo','0302','03'),('030216','Talavera','0302','03'),('030217','Tumay Huaraca','0302','03'),('030218','Turpo','0302','03'),('030219','Kaquiabamba','0302','03'),('030220','José María Arguedas','0302','03'),('030301','Antabamba','0303','03'),('030302','El Oro','0303','03'),('030303','Huaquirca','0303','03'),('030304','Juan Espinoza Medrano','0303','03'),('030305','Oropesa','0303','03'),('030306','Pachaconas','0303','03'),('030307','Sabaino','0303','03'),('030401','Chalhuanca','0304','03'),('030402','Capaya','0304','03'),('030403','Caraybamba','0304','03'),('030404','Chapimarca','0304','03'),('030405','Colcabamba','0304','03'),('030406','Cotaruse','0304','03'),('030407','Ihuayllo','0304','03'),('030408','Justo Apu Sahuaraura','0304','03'),('030409','Lucre','0304','03'),('030410','Pocohuanca','0304','03'),('030411','San Juan de Chacña','0304','03'),('030412','Sañayca','0304','03'),('030413','Soraya','0304','03'),('030414','Tapairihua','0304','03'),('030415','Tintay','0304','03'),('030416','Toraya','0304','03'),('030417','Yanaca','0304','03'),('030501','Tambobamba','0305','03'),('030502','Cotabambas','0305','03'),('030503','Coyllurqui','0305','03'),('030504','Haquira','0305','03'),('030505','Mara','0305','03'),('030506','Challhuahuacho','0305','03'),('030601','Chincheros','0306','03'),('030602','Anco_Huallo','0306','03'),('030603','Cocharcas','0306','03'),('030604','Huaccana','0306','03'),('030605','Ocobamba','0306','03'),('030606','Ongoy','0306','03'),('030607','Uranmarca','0306','03'),('030608','Ranracancha','0306','03'),('030609','Rocchacc','0306','03'),('030610','El Porvenir','0306','03'),('030611','Los Chankas','0306','03'),('030701','Chuquibambilla','0307','03'),('030702','Curpahuasi','0307','03'),('030703','Gamarra','0307','03'),('030704','Huayllati','0307','03'),('030705','Mamara','0307','03'),('030706','Micaela Bastidas','0307','03'),('030707','Pataypampa','0307','03'),('030708','Progreso','0307','03'),('030709','San Antonio','0307','03'),('030710','Santa Rosa','0307','03'),('030711','Turpay','0307','03'),('030712','Vilcabamba','0307','03'),('030713','Virundo','0307','03'),('030714','Curasco','0307','03'),('040101','Arequipa','0401','04'),('040102','Alto Selva Alegre','0401','04'),('040103','Cayma','0401','04'),('040104','Cerro Colorado','0401','04'),('040105','Characato','0401','04'),('040106','Chiguata','0401','04'),('040107','Jacobo Hunter','0401','04'),('040108','La Joya','0401','04'),('040109','Mariano Melgar','0401','04'),('040110','Miraflores','0401','04'),('040111','Mollebaya','0401','04'),('040112','Paucarpata','0401','04'),('040113','Pocsi','0401','04'),('040114','Polobaya','0401','04'),('040115','Quequeña','0401','04'),('040116','Sabandia','0401','04'),('040117','Sachaca','0401','04'),('040118','San Juan de Siguas','0401','04'),('040119','San Juan de Tarucani','0401','04'),('040120','Santa Isabel de Siguas','0401','04'),('040121','Santa Rita de Siguas','0401','04'),('040122','Socabaya','0401','04'),('040123','Tiabaya','0401','04'),('040124','Uchumayo','0401','04'),('040125','Vitor','0401','04'),('040126','Yanahuara','0401','04'),('040127','Yarabamba','0401','04'),('040128','Yura','0401','04'),('040129','José Luis Bustamante Y Rivero','0401','04'),('040201','Camaná','0402','04'),('040202','José María Quimper','0402','04'),('040203','Mariano Nicolás Valcárcel','0402','04'),('040204','Mariscal Cáceres','0402','04'),('040205','Nicolás de Pierola','0402','04'),('040206','Ocoña','0402','04'),('040207','Quilca','0402','04'),('040208','Samuel Pastor','0402','04'),('040301','Caravelí','0403','04'),('040302','Acarí','0403','04'),('040303','Atico','0403','04'),('040304','Atiquipa','0403','04'),('040305','Bella Unión','0403','04'),('040306','Cahuacho','0403','04'),('040307','Chala','0403','04'),('040308','Chaparra','0403','04'),('040309','Huanuhuanu','0403','04'),('040310','Jaqui','0403','04'),('040311','Lomas','0403','04'),('040312','Quicacha','0403','04'),('040313','Yauca','0403','04'),('040401','Aplao','0404','04'),('040402','Andagua','0404','04'),('040403','Ayo','0404','04'),('040404','Chachas','0404','04'),('040405','Chilcaymarca','0404','04'),('040406','Choco','0404','04'),('040407','Huancarqui','0404','04'),('040408','Machaguay','0404','04'),('040409','Orcopampa','0404','04'),('040410','Pampacolca','0404','04'),('040411','Tipan','0404','04'),('040412','Uñon','0404','04'),('040413','Uraca','0404','04'),('040414','Viraco','0404','04'),('040501','Chivay','0405','04'),('040502','Achoma','0405','04'),('040503','Cabanaconde','0405','04'),('040504','Callalli','0405','04'),('040505','Caylloma','0405','04'),('040506','Coporaque','0405','04'),('040507','Huambo','0405','04'),('040508','Huanca','0405','04'),('040509','Ichupampa','0405','04'),('040510','Lari','0405','04'),('040511','Lluta','0405','04'),('040512','Maca','0405','04'),('040513','Madrigal','0405','04'),('040514','San Antonio de Chuca','0405','04'),('040515','Sibayo','0405','04'),('040516','Tapay','0405','04'),('040517','Tisco','0405','04'),('040518','Tuti','0405','04'),('040519','Yanque','0405','04'),('040520','Majes','0405','04'),('040601','Chuquibamba','0406','04'),('040602','Andaray','0406','04'),('040603','Cayarani','0406','04'),('040604','Chichas','0406','04'),('040605','Iray','0406','04'),('040606','Río Grande','0406','04'),('040607','Salamanca','0406','04'),('040608','Yanaquihua','0406','04'),('040701','Mollendo','0407','04'),('040702','Cocachacra','0407','04'),('040703','Dean Valdivia','0407','04'),('040704','Islay','0407','04'),('040705','Mejia','0407','04'),('040706','Punta de Bombón','0407','04'),('040801','Cotahuasi','0408','04'),('040802','Alca','0408','04'),('040803','Charcana','0408','04'),('040804','Huaynacotas','0408','04'),('040805','Pampamarca','0408','04'),('040806','Puyca','0408','04'),('040807','Quechualla','0408','04'),('040808','Sayla','0408','04'),('040809','Tauria','0408','04'),('040810','Tomepampa','0408','04'),('040811','Toro','0408','04'),('050101','Ayacucho','0501','05'),('050102','Acocro','0501','05'),('050103','Acos Vinchos','0501','05'),('050104','Carmen Alto','0501','05'),('050105','Chiara','0501','05'),('050106','Ocros','0501','05'),('050107','Pacaycasa','0501','05'),('050108','Quinua','0501','05'),('050109','San José de Ticllas','0501','05'),('050110','San Juan Bautista','0501','05'),('050111','Santiago de Pischa','0501','05'),('050112','Socos','0501','05'),('050113','Tambillo','0501','05'),('050114','Vinchos','0501','05'),('050115','Jesús Nazareno','0501','05'),('050116','Andrés Avelino Cáceres Dorregaray','0501','05'),('050201','Cangallo','0502','05'),('050202','Chuschi','0502','05'),('050203','Los Morochucos','0502','05'),('050204','María Parado de Bellido','0502','05'),('050205','Paras','0502','05'),('050206','Totos','0502','05'),('050301','Sancos','0503','05'),('050302','Carapo','0503','05'),('050303','Sacsamarca','0503','05'),('050304','Santiago de Lucanamarca','0503','05'),('050401','Huanta','0504','05'),('050402','Ayahuanco','0504','05'),('050403','Huamanguilla','0504','05'),('050404','Iguain','0504','05'),('050405','Luricocha','0504','05'),('050406','Santillana','0504','05'),('050407','Sivia','0504','05'),('050408','Llochegua','0504','05'),('050409','Canayre','0504','05'),('050410','Uchuraccay','0504','05'),('050411','Pucacolpa','0504','05'),('050412','Chaca','0504','05'),('050501','San Miguel','0505','05'),('050502','Anco','0505','05'),('050503','Ayna','0505','05'),('050504','Chilcas','0505','05'),('050505','Chungui','0505','05'),('050506','Luis Carranza','0505','05'),('050507','Santa Rosa','0505','05'),('050508','Tambo','0505','05'),('050509','Samugari','0505','05'),('050510','Anchihuay','0505','05'),('050511','Oronccoy','0505','05'),('050601','Puquio','0506','05'),('050602','Aucara','0506','05'),('050603','Cabana','0506','05'),('050604','Carmen Salcedo','0506','05'),('050605','Chaviña','0506','05'),('050606','Chipao','0506','05'),('050607','Huac-Huas','0506','05'),('050608','Laramate','0506','05'),('050609','Leoncio Prado','0506','05'),('050610','Llauta','0506','05'),('050611','Lucanas','0506','05'),('050612','Ocaña','0506','05'),('050613','Otoca','0506','05'),('050614','Saisa','0506','05'),('050615','San Cristóbal','0506','05'),('050616','San Juan','0506','05'),('050617','San Pedro','0506','05'),('050618','San Pedro de Palco','0506','05'),('050619','Sancos','0506','05'),('050620','Santa Ana de Huaycahuacho','0506','05'),('050621','Santa Lucia','0506','05'),('050701','Coracora','0507','05'),('050702','Chumpi','0507','05'),('050703','Coronel Castañeda','0507','05'),('050704','Pacapausa','0507','05'),('050705','Pullo','0507','05'),('050706','Puyusca','0507','05'),('050707','San Francisco de Ravacayco','0507','05'),('050708','Upahuacho','0507','05'),('050801','Pausa','0508','05'),('050802','Colta','0508','05'),('050803','Corculla','0508','05'),('050804','Lampa','0508','05'),('050805','Marcabamba','0508','05'),('050806','Oyolo','0508','05'),('050807','Pararca','0508','05'),('050808','San Javier de Alpabamba','0508','05'),('050809','San José de Ushua','0508','05'),('050810','Sara Sara','0508','05'),('050901','Querobamba','0509','05'),('050902','Belén','0509','05'),('050903','Chalcos','0509','05'),('050904','Chilcayoc','0509','05'),('050905','Huacaña','0509','05'),('050906','Morcolla','0509','05'),('050907','Paico','0509','05'),('050908','San Pedro de Larcay','0509','05'),('050909','San Salvador de Quije','0509','05'),('050910','Santiago de Paucaray','0509','05'),('050911','Soras','0509','05'),('051001','Huancapi','0510','05'),('051002','Alcamenca','0510','05'),('051003','Apongo','0510','05'),('051004','Asquipata','0510','05'),('051005','Canaria','0510','05'),('051006','Cayara','0510','05'),('051007','Colca','0510','05'),('051008','Huamanquiquia','0510','05'),('051009','Huancaraylla','0510','05'),('051010','Hualla','0510','05'),('051011','Sarhua','0510','05'),('051012','Vilcanchos','0510','05'),('051101','Vilcas Huaman','0511','05'),('051102','Accomarca','0511','05'),('051103','Carhuanca','0511','05'),('051104','Concepción','0511','05'),('051105','Huambalpa','0511','05'),('051106','Independencia','0511','05'),('051107','Saurama','0511','05'),('051108','Vischongo','0511','05'),('060101','Cajamarca','0601','06'),('060102','Asunción','0601','06'),('060103','Chetilla','0601','06'),('060104','Cospan','0601','06'),('060105','Encañada','0601','06'),('060106','Jesús','0601','06'),('060107','Llacanora','0601','06'),('060108','Los Baños del Inca','0601','06'),('060109','Magdalena','0601','06'),('060110','Matara','0601','06'),('060111','Namora','0601','06'),('060112','San Juan','0601','06'),('060201','Cajabamba','0602','06'),('060202','Cachachi','0602','06'),('060203','Condebamba','0602','06'),('060204','Sitacocha','0602','06'),('060301','Celendín','0603','06'),('060302','Chumuch','0603','06'),('060303','Cortegana','0603','06'),('060304','Huasmin','0603','06'),('060305','Jorge Chávez','0603','06'),('060306','José Gálvez','0603','06'),('060307','Miguel Iglesias','0603','06'),('060308','Oxamarca','0603','06'),('060309','Sorochuco','0603','06'),('060310','Sucre','0603','06'),('060311','Utco','0603','06'),('060312','La Libertad de Pallan','0603','06'),('060401','Chota','0604','06'),('060402','Anguia','0604','06'),('060403','Chadin','0604','06'),('060404','Chiguirip','0604','06'),('060405','Chimban','0604','06'),('060406','Choropampa','0604','06'),('060407','Cochabamba','0604','06'),('060408','Conchan','0604','06'),('060409','Huambos','0604','06'),('060410','Lajas','0604','06'),('060411','Llama','0604','06'),('060412','Miracosta','0604','06'),('060413','Paccha','0604','06'),('060414','Pion','0604','06'),('060415','Querocoto','0604','06'),('060416','San Juan de Licupis','0604','06'),('060417','Tacabamba','0604','06'),('060418','Tocmoche','0604','06'),('060419','Chalamarca','0604','06'),('060501','Contumaza','0605','06'),('060502','Chilete','0605','06'),('060503','Cupisnique','0605','06'),('060504','Guzmango','0605','06'),('060505','San Benito','0605','06'),('060506','Santa Cruz de Toledo','0605','06'),('060507','Tantarica','0605','06'),('060508','Yonan','0605','06'),('060601','Cutervo','0606','06'),('060602','Callayuc','0606','06'),('060603','Choros','0606','06'),('060604','Cujillo','0606','06'),('060605','La Ramada','0606','06'),('060606','Pimpingos','0606','06'),('060607','Querocotillo','0606','06'),('060608','San Andrés de Cutervo','0606','06'),('060609','San Juan de Cutervo','0606','06'),('060610','San Luis de Lucma','0606','06'),('060611','Santa Cruz','0606','06'),('060612','Santo Domingo de la Capilla','0606','06'),('060613','Santo Tomas','0606','06'),('060614','Socota','0606','06'),('060615','Toribio Casanova','0606','06'),('060701','Bambamarca','0607','06'),('060702','Chugur','0607','06'),('060703','Hualgayoc','0607','06'),('060801','Jaén','0608','06'),('060802','Bellavista','0608','06'),('060803','Chontali','0608','06'),('060804','Colasay','0608','06'),('060805','Huabal','0608','06'),('060806','Las Pirias','0608','06'),('060807','Pomahuaca','0608','06'),('060808','Pucara','0608','06'),('060809','Sallique','0608','06'),('060810','San Felipe','0608','06'),('060811','San José del Alto','0608','06'),('060812','Santa Rosa','0608','06'),('060901','San Ignacio','0609','06'),('060902','Chirinos','0609','06'),('060903','Huarango','0609','06'),('060904','La Coipa','0609','06'),('060905','Namballe','0609','06'),('060906','San José de Lourdes','0609','06'),('060907','Tabaconas','0609','06'),('061001','Pedro Gálvez','0610','06'),('061002','Chancay','0610','06'),('061003','Eduardo Villanueva','0610','06'),('061004','Gregorio Pita','0610','06'),('061005','Ichocan','0610','06'),('061006','José Manuel Quiroz','0610','06'),('061007','José Sabogal','0610','06'),('061101','San Miguel','0611','06'),('061102','Bolívar','0611','06'),('061103','Calquis','0611','06'),('061104','Catilluc','0611','06'),('061105','El Prado','0611','06'),('061106','La Florida','0611','06'),('061107','Llapa','0611','06'),('061108','Nanchoc','0611','06'),('061109','Niepos','0611','06'),('061110','San Gregorio','0611','06'),('061111','San Silvestre de Cochan','0611','06'),('061112','Tongod','0611','06'),('061113','Unión Agua Blanca','0611','06'),('061201','San Pablo','0612','06'),('061202','San Bernardino','0612','06'),('061203','San Luis','0612','06'),('061204','Tumbaden','0612','06'),('061301','Santa Cruz','0613','06'),('061302','Andabamba','0613','06'),('061303','Catache','0613','06'),('061304','Chancaybaños','0613','06'),('061305','La Esperanza','0613','06'),('061306','Ninabamba','0613','06'),('061307','Pulan','0613','06'),('061308','Saucepampa','0613','06'),('061309','Sexi','0613','06'),('061310','Uticyacu','0613','06'),('061311','Yauyucan','0613','06'),('070101','Callao','0701','07'),('070102','Bellavista','0701','07'),('070103','Carmen de la Legua Reynoso','0701','07'),('070104','La Perla','0701','07'),('070105','La Punta','0701','07'),('070106','Ventanilla','0701','07'),('070107','Mi Perú','0701','07'),('080101','Cusco','0801','08'),('080102','Ccorca','0801','08'),('080103','Poroy','0801','08'),('080104','San Jerónimo','0801','08'),('080105','San Sebastian','0801','08'),('080106','Santiago','0801','08'),('080107','Saylla','0801','08'),('080108','Wanchaq','0801','08'),('080201','Acomayo','0802','08'),('080202','Acopia','0802','08'),('080203','Acos','0802','08'),('080204','Mosoc Llacta','0802','08'),('080205','Pomacanchi','0802','08'),('080206','Rondocan','0802','08'),('080207','Sangarara','0802','08'),('080301','Anta','0803','08'),('080302','Ancahuasi','0803','08'),('080303','Cachimayo','0803','08'),('080304','Chinchaypujio','0803','08'),('080305','Huarocondo','0803','08'),('080306','Limatambo','0803','08'),('080307','Mollepata','0803','08'),('080308','Pucyura','0803','08'),('080309','Zurite','0803','08'),('080401','Calca','0804','08'),('080402','Coya','0804','08'),('080403','Lamay','0804','08'),('080404','Lares','0804','08'),('080405','Pisac','0804','08'),('080406','San Salvador','0804','08'),('080407','Taray','0804','08'),('080408','Yanatile','0804','08'),('080501','Yanaoca','0805','08'),('080502','Checca','0805','08'),('080503','Kunturkanki','0805','08'),('080504','Langui','0805','08'),('080505','Layo','0805','08'),('080506','Pampamarca','0805','08'),('080507','Quehue','0805','08'),('080508','Tupac Amaru','0805','08'),('080601','Sicuani','0806','08'),('080602','Checacupe','0806','08'),('080603','Combapata','0806','08'),('080604','Marangani','0806','08'),('080605','Pitumarca','0806','08'),('080606','San Pablo','0806','08'),('080607','San Pedro','0806','08'),('080608','Tinta','0806','08'),('080701','Santo Tomas','0807','08'),('080702','Capacmarca','0807','08'),('080703','Chamaca','0807','08'),('080704','Colquemarca','0807','08'),('080705','Livitaca','0807','08'),('080706','Llusco','0807','08'),('080707','Quiñota','0807','08'),('080708','Velille','0807','08'),('080801','Espinar','0808','08'),('080802','Condoroma','0808','08'),('080803','Coporaque','0808','08'),('080804','Ocoruro','0808','08'),('080805','Pallpata','0808','08'),('080806','Pichigua','0808','08'),('080807','Suyckutambo','0808','08'),('080808','Alto Pichigua','0808','08'),('080901','Santa Ana','0809','08'),('080902','Echarate','0809','08'),('080903','Huayopata','0809','08'),('080904','Maranura','0809','08'),('080905','Ocobamba','0809','08'),('080906','Quellouno','0809','08'),('080907','Kimbiri','0809','08'),('080908','Santa Teresa','0809','08'),('080909','Vilcabamba','0809','08'),('080910','Pichari','0809','08'),('080911','Inkawasi','0809','08'),('080912','Villa Virgen','0809','08'),('080913','Villa Kintiarina','0809','08'),('080914','Megantoni','0809','08'),('081001','Paruro','0810','08'),('081002','Accha','0810','08'),('081003','Ccapi','0810','08'),('081004','Colcha','0810','08'),('081005','Huanoquite','0810','08'),('081006','Omachaç','0810','08'),('081007','Paccaritambo','0810','08'),('081008','Pillpinto','0810','08'),('081009','Yaurisque','0810','08'),('081101','Paucartambo','0811','08'),('081102','Caicay','0811','08'),('081103','Challabamba','0811','08'),('081104','Colquepata','0811','08'),('081105','Huancarani','0811','08'),('081106','Kosñipata','0811','08'),('081201','Urcos','0812','08'),('081202','Andahuaylillas','0812','08'),('081203','Camanti','0812','08'),('081204','Ccarhuayo','0812','08'),('081205','Ccatca','0812','08'),('081206','Cusipata','0812','08'),('081207','Huaro','0812','08'),('081208','Lucre','0812','08'),('081209','Marcapata','0812','08'),('081210','Ocongate','0812','08'),('081211','Oropesa','0812','08'),('081212','Quiquijana','0812','08'),('081301','Urubamba','0813','08'),('081302','Chinchero','0813','08'),('081303','Huayllabamba','0813','08'),('081304','Machupicchu','0813','08'),('081305','Maras','0813','08'),('081306','Ollantaytambo','0813','08'),('081307','Yucay','0813','08'),('090101','Huancavelica','0901','09'),('090102','Acobambilla','0901','09'),('090103','Acoria','0901','09'),('090104','Conayca','0901','09'),('090105','Cuenca','0901','09'),('090106','Huachocolpa','0901','09'),('090107','Huayllahuara','0901','09'),('090108','Izcuchaca','0901','09'),('090109','Laria','0901','09'),('090110','Manta','0901','09'),('090111','Mariscal Cáceres','0901','09'),('090112','Moya','0901','09'),('090113','Nuevo Occoro','0901','09'),('090114','Palca','0901','09'),('090115','Pilchaca','0901','09'),('090116','Vilca','0901','09'),('090117','Yauli','0901','09'),('090118','Ascensión','0901','09'),('090119','Huando','0901','09'),('090201','Acobamba','0902','09'),('090202','Andabamba','0902','09'),('090203','Anta','0902','09'),('090204','Caja','0902','09'),('090205','Marcas','0902','09'),('090206','Paucara','0902','09'),('090207','Pomacocha','0902','09'),('090208','Rosario','0902','09'),('090301','Lircay','0903','09'),('090302','Anchonga','0903','09'),('090303','Callanmarca','0903','09'),('090304','Ccochaccasa','0903','09'),('090305','Chincho','0903','09'),('090306','Congalla','0903','09'),('090307','Huanca-Huanca','0903','09'),('090308','Huayllay Grande','0903','09'),('090309','Julcamarca','0903','09'),('090310','San Antonio de Antaparco','0903','09'),('090311','Santo Tomas de Pata','0903','09'),('090312','Secclla','0903','09'),('090401','Castrovirreyna','0904','09'),('090402','Arma','0904','09'),('090403','Aurahua','0904','09'),('090404','Capillas','0904','09'),('090405','Chupamarca','0904','09'),('090406','Cocas','0904','09'),('090407','Huachos','0904','09'),('090408','Huamatambo','0904','09'),('090409','Mollepampa','0904','09'),('090410','San Juan','0904','09'),('090411','Santa Ana','0904','09'),('090412','Tantara','0904','09'),('090413','Ticrapo','0904','09'),('090501','Churcampa','0905','09'),('090502','Anco','0905','09'),('090503','Chinchihuasi','0905','09'),('090504','El Carmen','0905','09'),('090505','La Merced','0905','09'),('090506','Locroja','0905','09'),('090507','Paucarbamba','0905','09'),('090508','San Miguel de Mayocc','0905','09'),('090509','San Pedro de Coris','0905','09'),('090510','Pachamarca','0905','09'),('090511','Cosme','0905','09'),('090601','Huaytara','0906','09'),('090602','Ayavi','0906','09'),('090603','Córdova','0906','09'),('090604','Huayacundo Arma','0906','09'),('090605','Laramarca','0906','09'),('090606','Ocoyo','0906','09'),('090607','Pilpichaca','0906','09'),('090608','Querco','0906','09'),('090609','Quito-Arma','0906','09'),('090610','San Antonio de Cusicancha','0906','09'),('090611','San Francisco de Sangayaico','0906','09'),('090612','San Isidro','0906','09'),('090613','Santiago de Chocorvos','0906','09'),('090614','Santiago de Quirahuara','0906','09'),('090615','Santo Domingo de Capillas','0906','09'),('090616','Tambo','0906','09'),('090701','Pampas','0907','09'),('090702','Acostambo','0907','09'),('090703','Acraquia','0907','09'),('090704','Ahuaycha','0907','09'),('090705','Colcabamba','0907','09'),('090706','Daniel Hernández','0907','09'),('090707','Huachocolpa','0907','09'),('090709','Huaribamba','0907','09'),('090710','Ñahuimpuquio','0907','09'),('090711','Pazos','0907','09'),('090713','Quishuar','0907','09'),('090714','Salcabamba','0907','09'),('090715','Salcahuasi','0907','09'),('090716','San Marcos de Rocchac','0907','09'),('090717','Surcubamba','0907','09'),('090718','Tintay Puncu','0907','09'),('090719','Quichuas','0907','09'),('090720','Andaymarca','0907','09'),('090721','Roble','0907','09'),('090722','Pichos','0907','09'),('090723','Santiago de Tucuma','0907','09'),('100101','Huanuco','1001','10'),('100102','Amarilis','1001','10'),('100103','Chinchao','1001','10'),('100104','Churubamba','1001','10'),('100105','Margos','1001','10'),('100106','Quisqui (Kichki)','1001','10'),('100107','San Francisco de Cayran','1001','10'),('100108','San Pedro de Chaulan','1001','10'),('100109','Santa María del Valle','1001','10'),('100110','Yarumayo','1001','10'),('100111','Pillco Marca','1001','10'),('100112','Yacus','1001','10'),('100113','San Pablo de Pillao','1001','10'),('100201','Ambo','1002','10'),('100202','Cayna','1002','10'),('100203','Colpas','1002','10'),('100204','Conchamarca','1002','10'),('100205','Huacar','1002','10'),('100206','San Francisco','1002','10'),('100207','San Rafael','1002','10'),('100208','Tomay Kichwa','1002','10'),('100301','La Unión','1003','10'),('100307','Chuquis','1003','10'),('100311','Marías','1003','10'),('100313','Pachas','1003','10'),('100316','Quivilla','1003','10'),('100317','Ripan','1003','10'),('100321','Shunqui','1003','10'),('100322','Sillapata','1003','10'),('100323','Yanas','1003','10'),('100401','Huacaybamba','1004','10'),('100402','Canchabamba','1004','10'),('100403','Cochabamba','1004','10'),('100404','Pinra','1004','10'),('100501','Llata','1005','10'),('100502','Arancay','1005','10'),('100503','Chavín de Pariarca','1005','10'),('100504','Jacas Grande','1005','10'),('100505','Jircan','1005','10'),('100506','Miraflores','1005','10'),('100507','Monzón','1005','10'),('100508','Punchao','1005','10'),('100509','Puños','1005','10'),('100510','Singa','1005','10'),('100511','Tantamayo','1005','10'),('100601','Rupa-Rupa','1006','10'),('100602','Daniel Alomía Robles','1006','10'),('100603','Hermílio Valdizan','1006','10'),('100604','José Crespo y Castillo','1006','10'),('100605','Luyando','1006','10'),('100606','Mariano Damaso Beraun','1006','10'),('100607','Pucayacu','1006','10'),('100608','Castillo Grande','1006','10'),('100609','Pueblo Nuevo','1006','10'),('100610','Santo Domingo de Anda','1006','10'),('100701','Huacrachuco','1007','10'),('100702','Cholon','1007','10'),('100703','San Buenaventura','1007','10'),('100704','La Morada','1007','10'),('100705','Santa Rosa de Alto Yanajanca','1007','10'),('100801','Panao','1008','10'),('100802','Chaglla','1008','10'),('100803','Molino','1008','10'),('100804','Umari','1008','10'),('100901','Puerto Inca','1009','10'),('100902','Codo del Pozuzo','1009','10'),('100903','Honoria','1009','10'),('100904','Tournavista','1009','10'),('100905','Yuyapichis','1009','10'),('101001','Jesús','1010','10'),('101002','Baños','1010','10'),('101003','Jivia','1010','10'),('101004','Queropalca','1010','10'),('101005','Rondos','1010','10'),('101006','San Francisco de Asís','1010','10'),('101007','San Miguel de Cauri','1010','10'),('101101','Chavinillo','1011','10'),('101102','Cahuac','1011','10'),('101103','Chacabamba','1011','10'),('101104','Aparicio Pomares','1011','10'),('101105','Jacas Chico','1011','10'),('101106','Obas','1011','10'),('101107','Pampamarca','1011','10'),('101108','Choras','1011','10'),('110101','Ica','1101','11'),('110102','La Tinguiña','1101','11'),('110103','Los Aquijes','1101','11'),('110104','Ocucaje','1101','11'),('110105','Pachacutec','1101','11'),('110106','Parcona','1101','11'),('110107','Pueblo Nuevo','1101','11'),('110108','Salas','1101','11'),('110109','San José de Los Molinos','1101','11'),('110110','San Juan Bautista','1101','11'),('110111','Santiago','1101','11'),('110112','Subtanjalla','1101','11'),('110113','Tate','1101','11'),('110114','Yauca del Rosario','1101','11'),('110201','Chincha Alta','1102','11'),('110202','Alto Laran','1102','11'),('110203','Chavin','1102','11'),('110204','Chincha Baja','1102','11'),('110205','El Carmen','1102','11'),('110206','Grocio Prado','1102','11'),('110207','Pueblo Nuevo','1102','11'),('110208','San Juan de Yanac','1102','11'),('110209','San Pedro de Huacarpana','1102','11'),('110210','Sunampe','1102','11'),('110211','Tambo de Mora','1102','11'),('110301','Nasca','1103','11'),('110302','Changuillo','1103','11'),('110303','El Ingenio','1103','11'),('110304','Marcona','1103','11'),('110305','Vista Alegre','1103','11'),('110401','Palpa','1104','11'),('110402','Llipata','1104','11'),('110403','Río Grande','1104','11'),('110404','Santa Cruz','1104','11'),('110405','Tibillo','1104','11'),('110501','Pisco','1105','11'),('110502','Huancano','1105','11'),('110503','Humay','1105','11'),('110504','Independencia','1105','11'),('110505','Paracas','1105','11'),('110506','San Andrés','1105','11'),('110507','San Clemente','1105','11'),('110508','Tupac Amaru Inca','1105','11'),('120101','Huancayo','1201','12'),('120104','Carhuacallanga','1201','12'),('120105','Chacapampa','1201','12'),('120106','Chicche','1201','12'),('120107','Chilca','1201','12'),('120108','Chongos Alto','1201','12'),('120111','Chupuro','1201','12'),('120112','Colca','1201','12'),('120113','Cullhuas','1201','12'),('120114','El Tambo','1201','12'),('120116','Huacrapuquio','1201','12'),('120117','Hualhuas','1201','12'),('120119','Huancan','1201','12'),('120120','Huasicancha','1201','12'),('120121','Huayucachi','1201','12'),('120122','Ingenio','1201','12'),('120124','Pariahuanca','1201','12'),('120125','Pilcomayo','1201','12'),('120126','Pucara','1201','12'),('120127','Quichuay','1201','12'),('120128','Quilcas','1201','12'),('120129','San Agustín','1201','12'),('120130','San Jerónimo de Tunan','1201','12'),('120132','Saño','1201','12'),('120133','Sapallanga','1201','12'),('120134','Sicaya','1201','12'),('120135','Santo Domingo de Acobamba','1201','12'),('120136','Viques','1201','12'),('120201','Concepción','1202','12'),('120202','Aco','1202','12'),('120203','Andamarca','1202','12'),('120204','Chambara','1202','12'),('120205','Cochas','1202','12'),('120206','Comas','1202','12'),('120207','Heroínas Toledo','1202','12'),('120208','Manzanares','1202','12'),('120209','Mariscal Castilla','1202','12'),('120210','Matahuasi','1202','12'),('120211','Mito','1202','12'),('120212','Nueve de Julio','1202','12'),('120213','Orcotuna','1202','12'),('120214','San José de Quero','1202','12'),('120215','Santa Rosa de Ocopa','1202','12'),('120301','Chanchamayo','1203','12'),('120302','Perene','1203','12'),('120303','Pichanaqui','1203','12'),('120304','San Luis de Shuaro','1203','12'),('120305','San Ramón','1203','12'),('120306','Vitoc','1203','12'),('120401','Jauja','1204','12'),('120402','Acolla','1204','12'),('120403','Apata','1204','12'),('120404','Ataura','1204','12'),('120405','Canchayllo','1204','12'),('120406','Curicaca','1204','12'),('120407','El Mantaro','1204','12'),('120408','Huamali','1204','12'),('120409','Huaripampa','1204','12'),('120410','Huertas','1204','12'),('120411','Janjaillo','1204','12'),('120412','Julcán','1204','12'),('120413','Leonor Ordóñez','1204','12'),('120414','Llocllapampa','1204','12'),('120415','Marco','1204','12'),('120416','Masma','1204','12'),('120417','Masma Chicche','1204','12'),('120418','Molinos','1204','12'),('120419','Monobamba','1204','12'),('120420','Muqui','1204','12'),('120421','Muquiyauyo','1204','12'),('120422','Paca','1204','12'),('120423','Paccha','1204','12'),('120424','Pancan','1204','12'),('120425','Parco','1204','12'),('120426','Pomacancha','1204','12'),('120427','Ricran','1204','12'),('120428','San Lorenzo','1204','12'),('120429','San Pedro de Chunan','1204','12'),('120430','Sausa','1204','12'),('120431','Sincos','1204','12'),('120432','Tunan Marca','1204','12'),('120433','Yauli','1204','12'),('120434','Yauyos','1204','12'),('120501','Junin','1205','12'),('120502','Carhuamayo','1205','12'),('120503','Ondores','1205','12'),('120504','Ulcumayo','1205','12'),('120601','Satipo','1206','12'),('120602','Coviriali','1206','12'),('120603','Llaylla','1206','12'),('120604','Mazamari','1206','12'),('120605','Pampa Hermosa','1206','12'),('120606','Pangoa','1206','12'),('120607','Río Negro','1206','12'),('120608','Río Tambo','1206','12'),('120609','Vizcatan del Ene','1206','12'),('120701','Tarma','1207','12'),('120702','Acobamba','1207','12'),('120703','Huaricolca','1207','12'),('120704','Huasahuasi','1207','12'),('120705','La Unión','1207','12'),('120706','Palca','1207','12'),('120707','Palcamayo','1207','12'),('120708','San Pedro de Cajas','1207','12'),('120709','Tapo','1207','12'),('120801','La Oroya','1208','12'),('120802','Chacapalpa','1208','12'),('120803','Huay-Huay','1208','12'),('120804','Marcapomacocha','1208','12'),('120805','Morococha','1208','12'),('120806','Paccha','1208','12'),('120807','Santa Bárbara de Carhuacayan','1208','12'),('120808','Santa Rosa de Sacco','1208','12'),('120809','Suitucancha','1208','12'),('120810','Yauli','1208','12'),('120901','Chupaca','1209','12'),('120902','Ahuac','1209','12'),('120903','Chongos Bajo','1209','12'),('120904','Huachac','1209','12'),('120905','Huamancaca Chico','1209','12'),('120906','San Juan de Iscos','1209','12'),('120907','San Juan de Jarpa','1209','12'),('120908','Tres de Diciembre','1209','12'),('120909','Yanacancha','1209','12'),('130101','Trujillo','1301','13'),('130102','El Porvenir','1301','13'),('130103','Florencia de Mora','1301','13'),('130104','Huanchaco','1301','13'),('130105','La Esperanza','1301','13'),('130106','Laredo','1301','13'),('130107','Moche','1301','13'),('130108','Poroto','1301','13'),('130109','Salaverry','1301','13'),('130110','Simbal','1301','13'),('130111','Victor Larco Herrera','1301','13'),('130201','Ascope','1302','13'),('130202','Chicama','1302','13'),('130203','Chocope','1302','13'),('130204','Magdalena de Cao','1302','13'),('130205','Paijan','1302','13'),('130206','Rázuri','1302','13'),('130207','Santiago de Cao','1302','13'),('130208','Casa Grande','1302','13'),('130301','Bolívar','1303','13'),('130302','Bambamarca','1303','13'),('130303','Condormarca','1303','13'),('130304','Longotea','1303','13'),('130305','Uchumarca','1303','13'),('130306','Ucuncha','1303','13'),('130401','Chepen','1304','13'),('130402','Pacanga','1304','13'),('130403','Pueblo Nuevo','1304','13'),('130501','Julcan','1305','13'),('130502','Calamarca','1305','13'),('130503','Carabamba','1305','13'),('130504','Huaso','1305','13'),('130601','Otuzco','1306','13'),('130602','Agallpampa','1306','13'),('130604','Charat','1306','13'),('130605','Huaranchal','1306','13'),('130606','La Cuesta','1306','13'),('130608','Mache','1306','13'),('130610','Paranday','1306','13'),('130611','Salpo','1306','13'),('130613','Sinsicap','1306','13'),('130614','Usquil','1306','13'),('130701','San Pedro de Lloc','1307','13'),('130702','Guadalupe','1307','13'),('130703','Jequetepeque','1307','13'),('130704','Pacasmayo','1307','13'),('130705','San José','1307','13'),('130801','Tayabamba','1308','13'),('130802','Buldibuyo','1308','13'),('130803','Chillia','1308','13'),('130804','Huancaspata','1308','13'),('130805','Huaylillas','1308','13'),('130806','Huayo','1308','13'),('130807','Ongon','1308','13'),('130808','Parcoy','1308','13'),('130809','Pataz','1308','13'),('130810','Pias','1308','13'),('130811','Santiago de Challas','1308','13'),('130812','Taurija','1308','13'),('130813','Urpay','1308','13'),('130901','Huamachuco','1309','13'),('130902','Chugay','1309','13'),('130903','Cochorco','1309','13'),('130904','Curgos','1309','13'),('130905','Marcabal','1309','13'),('130906','Sanagoran','1309','13'),('130907','Sarin','1309','13'),('130908','Sartimbamba','1309','13'),('131001','Santiago de Chuco','1310','13'),('131002','Angasmarca','1310','13'),('131003','Cachicadan','1310','13'),('131004','Mollebamba','1310','13'),('131005','Mollepata','1310','13'),('131006','Quiruvilca','1310','13'),('131007','Santa Cruz de Chuca','1310','13'),('131008','Sitabamba','1310','13'),('131101','Cascas','1311','13'),('131102','Lucma','1311','13'),('131103','Marmot','1311','13'),('131104','Sayapullo','1311','13'),('131201','Viru','1312','13'),('131202','Chao','1312','13'),('131203','Guadalupito','1312','13'),('140101','Chiclayo','1401','14'),('140102','Chongoyape','1401','14'),('140103','Eten','1401','14'),('140104','Eten Puerto','1401','14'),('140105','José Leonardo Ortiz','1401','14'),('140106','La Victoria','1401','14'),('140107','Lagunas','1401','14'),('140108','Monsefu','1401','14'),('140109','Nueva Arica','1401','14'),('140110','Oyotun','1401','14'),('140111','Picsi','1401','14'),('140112','Pimentel','1401','14'),('140113','Reque','1401','14'),('140114','Santa Rosa','1401','14'),('140115','Saña','1401','14'),('140116','Cayalti','1401','14'),('140117','Patapo','1401','14'),('140118','Pomalca','1401','14'),('140119','Pucala','1401','14'),('140120','Tuman','1401','14'),('140201','Ferreñafe','1402','14'),('140202','Cañaris','1402','14'),('140203','Incahuasi','1402','14'),('140204','Manuel Antonio Mesones Muro','1402','14'),('140205','Pitipo','1402','14'),('140206','Pueblo Nuevo','1402','14'),('140301','Lambayeque','1403','14'),('140302','Chochope','1403','14'),('140303','Illimo','1403','14'),('140304','Jayanca','1403','14'),('140305','Mochumi','1403','14'),('140306','Morrope','1403','14'),('140307','Motupe','1403','14'),('140308','Olmos','1403','14'),('140309','Pacora','1403','14'),('140310','Salas','1403','14'),('140311','San José','1403','14'),('140312','Tucume','1403','14'),('150101','Lima','1501','15'),('150102','Ancón','1501','15'),('150103','Ate','1501','15'),('150104','Barranco','1501','15'),('150105','Breña','1501','15'),('150106','Carabayllo','1501','15'),('150107','Chaclacayo','1501','15'),('150108','Chorrillos','1501','15'),('150109','Cieneguilla','1501','15'),('150110','Comas','1501','15'),('150111','El Agustino','1501','15'),('150112','Independencia','1501','15'),('150113','Jesús María','1501','15'),('150114','La Molina','1501','15'),('150115','La Victoria','1501','15'),('150116','Lince','1501','15'),('150117','Los Olivos','1501','15'),('150118','Lurigancho','1501','15'),('150119','Lurin','1501','15'),('150120','Magdalena del Mar','1501','15'),('150121','Pueblo Libre','1501','15'),('150122','Miraflores','1501','15'),('150123','Pachacamac','1501','15'),('150124','Pucusana','1501','15'),('150125','Puente Piedra','1501','15'),('150126','Punta Hermosa','1501','15'),('150127','Punta Negra','1501','15'),('150128','Rímac','1501','15'),('150129','San Bartolo','1501','15'),('150130','San Borja','1501','15'),('150131','San Isidro','1501','15'),('150132','San Juan de Lurigancho','1501','15'),('150133','San Juan de Miraflores','1501','15'),('150134','San Luis','1501','15'),('150135','San Martín de Porres','1501','15'),('150136','San Miguel','1501','15'),('150137','Santa Anita','1501','15'),('150138','Santa María del Mar','1501','15'),('150139','Santa Rosa','1501','15'),('150140','Santiago de Surco','1501','15'),('150141','Surquillo','1501','15'),('150142','Villa El Salvador','1501','15'),('150143','Villa María del Triunfo','1501','15'),('150201','Barranca','1502','15'),('150202','Paramonga','1502','15'),('150203','Pativilca','1502','15'),('150204','Supe','1502','15'),('150205','Supe Puerto','1502','15'),('150301','Cajatambo','1503','15'),('150302','Copa','1503','15'),('150303','Gorgor','1503','15'),('150304','Huancapon','1503','15'),('150305','Manas','1503','15'),('150401','Canta','1504','15'),('150402','Arahuay','1504','15'),('150403','Huamantanga','1504','15'),('150404','Huaros','1504','15'),('150405','Lachaqui','1504','15'),('150406','San Buenaventura','1504','15'),('150407','Santa Rosa de Quives','1504','15'),('150501','San Vicente de Cañete','1505','15'),('150502','Asia','1505','15'),('150503','Calango','1505','15'),('150504','Cerro Azul','1505','15'),('150505','Chilca','1505','15'),('150506','Coayllo','1505','15'),('150507','Imperial','1505','15'),('150508','Lunahuana','1505','15'),('150509','Mala','1505','15'),('150510','Nuevo Imperial','1505','15'),('150511','Pacaran','1505','15'),('150512','Quilmana','1505','15'),('150513','San Antonio','1505','15'),('150514','San Luis','1505','15'),('150515','Santa Cruz de Flores','1505','15'),('150516','Zúñiga','1505','15'),('150601','Huaral','1506','15'),('150602','Atavillos Alto','1506','15'),('150603','Atavillos Bajo','1506','15'),('150604','Aucallama','1506','15'),('150605','Chancay','1506','15'),('150606','Ihuari','1506','15'),('150607','Lampian','1506','15'),('150608','Pacaraos','1506','15'),('150609','San Miguel de Acos','1506','15'),('150610','Santa Cruz de Andamarca','1506','15'),('150611','Sumbilca','1506','15'),('150612','Veintisiete de Noviembre','1506','15'),('150701','Matucana','1507','15'),('150702','Antioquia','1507','15'),('150703','Callahuanca','1507','15'),('150704','Carampoma','1507','15'),('150705','Chicla','1507','15'),('150706','Cuenca','1507','15'),('150707','Huachupampa','1507','15'),('150708','Huanza','1507','15'),('150709','Huarochiri','1507','15'),('150710','Lahuaytambo','1507','15'),('150711','Langa','1507','15'),('150712','Laraos','1507','15'),('150713','Mariatana','1507','15'),('150714','Ricardo Palma','1507','15'),('150715','San Andrés de Tupicocha','1507','15'),('150716','San Antonio','1507','15'),('150717','San Bartolomé','1507','15'),('150718','San Damian','1507','15'),('150719','San Juan de Iris','1507','15'),('150720','San Juan de Tantaranche','1507','15'),('150721','San Lorenzo de Quinti','1507','15'),('150722','San Mateo','1507','15'),('150723','San Mateo de Otao','1507','15'),('150724','San Pedro de Casta','1507','15'),('150725','San Pedro de Huancayre','1507','15'),('150726','Sangallaya','1507','15'),('150727','Santa Cruz de Cocachacra','1507','15'),('150728','Santa Eulalia','1507','15'),('150729','Santiago de Anchucaya','1507','15'),('150730','Santiago de Tuna','1507','15'),('150731','Santo Domingo de Los Olleros','1507','15'),('150732','Surco','1507','15'),('150801','Huacho','1508','15'),('150802','Ambar','1508','15'),('150803','Caleta de Carquin','1508','15'),('150804','Checras','1508','15'),('150805','Hualmay','1508','15'),('150806','Huaura','1508','15'),('150807','Leoncio Prado','1508','15'),('150808','Paccho','1508','15'),('150809','Santa Leonor','1508','15'),('150810','Santa María','1508','15'),('150811','Sayan','1508','15'),('150812','Vegueta','1508','15'),('150901','Oyon','1509','15'),('150902','Andajes','1509','15'),('150903','Caujul','1509','15'),('150904','Cochamarca','1509','15'),('150905','Navan','1509','15'),('150906','Pachangara','1509','15'),('151001','Yauyos','1510','15'),('151002','Alis','1510','15'),('151003','Allauca','1510','15'),('151004','Ayaviri','1510','15'),('151005','Azángaro','1510','15'),('151006','Cacra','1510','15'),('151007','Carania','1510','15'),('151008','Catahuasi','1510','15'),('151009','Chocos','1510','15'),('151010','Cochas','1510','15'),('151011','Colonia','1510','15'),('151012','Hongos','1510','15'),('151013','Huampara','1510','15'),('151014','Huancaya','1510','15'),('151015','Huangascar','1510','15'),('151016','Huantan','1510','15'),('151017','Huañec','1510','15'),('151018','Laraos','1510','15'),('151019','Lincha','1510','15'),('151020','Madean','1510','15'),('151021','Miraflores','1510','15'),('151022','Omas','1510','15'),('151023','Putinza','1510','15'),('151024','Quinches','1510','15'),('151025','Quinocay','1510','15'),('151026','San Joaquín','1510','15'),('151027','San Pedro de Pilas','1510','15'),('151028','Tanta','1510','15'),('151029','Tauripampa','1510','15'),('151030','Tomas','1510','15'),('151031','Tupe','1510','15'),('151032','Viñac','1510','15'),('151033','Vitis','1510','15'),('160101','Iquitos','1601','16'),('160102','Alto Nanay','1601','16'),('160103','Fernando Lores','1601','16'),('160104','Indiana','1601','16'),('160105','Las Amazonas','1601','16'),('160106','Mazan','1601','16'),('160107','Napo','1601','16'),('160108','Punchana','1601','16'),('160110','Torres Causana','1601','16'),('160112','Belén','1601','16'),('160113','San Juan Bautista','1601','16'),('160201','Yurimaguas','1602','16'),('160202','Balsapuerto','1602','16'),('160205','Jeberos','1602','16'),('160206','Lagunas','1602','16'),('160210','Santa Cruz','1602','16'),('160211','Teniente Cesar López Rojas','1602','16'),('160301','Nauta','1603','16'),('160302','Parinari','1603','16'),('160303','Tigre','1603','16'),('160304','Trompeteros','1603','16'),('160305','Urarinas','1603','16'),('160401','Ramón Castilla','1604','16'),('160402','Pebas','1604','16'),('160403','Yavari','1604','16'),('160404','San Pablo','1604','16'),('160501','Requena','1605','16'),('160502','Alto Tapiche','1605','16'),('160503','Capelo','1605','16'),('160504','Emilio San Martín','1605','16'),('160505','Maquia','1605','16'),('160506','Puinahua','1605','16'),('160507','Saquena','1605','16'),('160508','Soplin','1605','16'),('160509','Tapiche','1605','16'),('160510','Jenaro Herrera','1605','16'),('160511','Yaquerana','1605','16'),('160601','Contamana','1606','16'),('160602','Inahuaya','1606','16'),('160603','Padre Márquez','1606','16'),('160604','Pampa Hermosa','1606','16'),('160605','Sarayacu','1606','16'),('160606','Vargas Guerra','1606','16'),('160701','Barranca','1607','16'),('160702','Cahuapanas','1607','16'),('160703','Manseriche','1607','16'),('160704','Morona','1607','16'),('160705','Pastaza','1607','16'),('160706','Andoas','1607','16'),('160801','Putumayo','1608','16'),('160802','Rosa Panduro','1608','16'),('160803','Teniente Manuel Clavero','1608','16'),('160804','Yaguas','1608','16'),('170101','Tambopata','1701','17'),('170102','Inambari','1701','17'),('170103','Las Piedras','1701','17'),('170104','Laberinto','1701','17'),('170201','Manu','1702','17'),('170202','Fitzcarrald','1702','17'),('170203','Madre de Dios','1702','17'),('170204','Huepetuhe','1702','17'),('170301','Iñapari','1703','17'),('170302','Iberia','1703','17'),('170303','Tahuamanu','1703','17'),('180101','Moquegua','1801','18'),('180102','Carumas','1801','18'),('180103','Cuchumbaya','1801','18'),('180104','Samegua','1801','18'),('180105','San Cristóbal','1801','18'),('180106','Torata','1801','18'),('180201','Omate','1802','18'),('180202','Chojata','1802','18'),('180203','Coalaque','1802','18'),('180204','Ichuña','1802','18'),('180205','La Capilla','1802','18'),('180206','Lloque','1802','18'),('180207','Matalaque','1802','18'),('180208','Puquina','1802','18'),('180209','Quinistaquillas','1802','18'),('180210','Ubinas','1802','18'),('180211','Yunga','1802','18'),('180301','Ilo','1803','18'),('180302','El Algarrobal','1803','18'),('180303','Pacocha','1803','18'),('190101','Chaupimarca','1901','19'),('190102','Huachon','1901','19'),('190103','Huariaca','1901','19'),('190104','Huayllay','1901','19'),('190105','Ninacaca','1901','19'),('190106','Pallanchacra','1901','19'),('190107','Paucartambo','1901','19'),('190108','San Francisco de Asís de Yarusyacan','1901','19'),('190109','Simon Bolívar','1901','19'),('190110','Ticlacayan','1901','19'),('190111','Tinyahuarco','1901','19'),('190112','Vicco','1901','19'),('190113','Yanacancha','1901','19'),('190201','Yanahuanca','1902','19'),('190202','Chacayan','1902','19'),('190203','Goyllarisquizga','1902','19'),('190204','Paucar','1902','19'),('190205','San Pedro de Pillao','1902','19'),('190206','Santa Ana de Tusi','1902','19'),('190207','Tapuc','1902','19'),('190208','Vilcabamba','1902','19'),('190301','Oxapampa','1903','19'),('190302','Chontabamba','1903','19'),('190303','Huancabamba','1903','19'),('190304','Palcazu','1903','19'),('190305','Pozuzo','1903','19'),('190306','Puerto Bermúdez','1903','19'),('190307','Villa Rica','1903','19'),('190308','Constitución','1903','19'),('200101','Piura','2001','20'),('200104','Castilla','2001','20'),('200105','Catacaos','2001','20'),('200107','Cura Mori','2001','20'),('200108','El Tallan','2001','20'),('200109','La Arena','2001','20'),('200110','La Unión','2001','20'),('200111','Las Lomas','2001','20'),('200114','Tambo Grande','2001','20'),('200115','Veintiseis de Octubre','2001','20'),('200201','Ayabaca','2002','20'),('200202','Frias','2002','20'),('200203','Jilili','2002','20'),('200204','Lagunas','2002','20'),('200205','Montero','2002','20'),('200206','Pacaipampa','2002','20'),('200207','Paimas','2002','20'),('200208','Sapillica','2002','20'),('200209','Sicchez','2002','20'),('200210','Suyo','2002','20'),('200301','Huancabamba','2003','20'),('200302','Canchaque','2003','20'),('200303','El Carmen de la Frontera','2003','20'),('200304','Huarmaca','2003','20'),('200305','Lalaquiz','2003','20'),('200306','San Miguel de El Faique','2003','20'),('200307','Sondor','2003','20'),('200308','Sondorillo','2003','20'),('200401','Chulucanas','2004','20'),('200402','Buenos Aires','2004','20'),('200403','Chalaco','2004','20'),('200404','La Matanza','2004','20'),('200405','Morropon','2004','20'),('200406','Salitral','2004','20'),('200407','San Juan de Bigote','2004','20'),('200408','Santa Catalina de Mossa','2004','20'),('200409','Santo Domingo','2004','20'),('200410','Yamango','2004','20'),('200501','Paita','2005','20'),('200502','Amotape','2005','20'),('200503','Arenal','2005','20'),('200504','Colan','2005','20'),('200505','La Huaca','2005','20'),('200506','Tamarindo','2005','20'),('200507','Vichayal','2005','20'),('200601','Sullana','2006','20'),('200602','Bellavista','2006','20'),('200603','Ignacio Escudero','2006','20'),('200604','Lancones','2006','20'),('200605','Marcavelica','2006','20'),('200606','Miguel Checa','2006','20'),('200607','Querecotillo','2006','20'),('200608','Salitral','2006','20'),('200701','Pariñas','2007','20'),('200702','El Alto','2007','20'),('200703','La Brea','2007','20'),('200704','Lobitos','2007','20'),('200705','Los Organos','2007','20'),('200706','Mancora','2007','20'),('200801','Sechura','2008','20'),('200802','Bellavista de la Unión','2008','20'),('200803','Bernal','2008','20'),('200804','Cristo Nos Valga','2008','20'),('200805','Vice','2008','20'),('200806','Rinconada Llicuar','2008','20'),('210101','Puno','2101','21'),('210102','Acora','2101','21'),('210103','Amantani','2101','21'),('210104','Atuncolla','2101','21'),('210105','Capachica','2101','21'),('210106','Chucuito','2101','21'),('210107','Coata','2101','21'),('210108','Huata','2101','21'),('210109','Mañazo','2101','21'),('210110','Paucarcolla','2101','21'),('210111','Pichacani','2101','21'),('210112','Plateria','2101','21'),('210113','San Antonio','2101','21'),('210114','Tiquillaca','2101','21'),('210115','Vilque','2101','21'),('210201','Azángaro','2102','21'),('210202','Achaya','2102','21'),('210203','Arapa','2102','21'),('210204','Asillo','2102','21'),('210205','Caminaca','2102','21'),('210206','Chupa','2102','21'),('210207','José Domingo Choquehuanca','2102','21'),('210208','Muñani','2102','21'),('210209','Potoni','2102','21'),('210210','Saman','2102','21'),('210211','San Anton','2102','21'),('210212','San José','2102','21'),('210213','San Juan de Salinas','2102','21'),('210214','Santiago de Pupuja','2102','21'),('210215','Tirapata','2102','21'),('210301','Macusani','2103','21'),('210302','Ajoyani','2103','21'),('210303','Ayapata','2103','21'),('210304','Coasa','2103','21'),('210305','Corani','2103','21'),('210306','Crucero','2103','21'),('210307','Ituata','2103','21'),('210308','Ollachea','2103','21'),('210309','San Gaban','2103','21'),('210310','Usicayos','2103','21'),('210401','Juli','2104','21'),('210402','Desaguadero','2104','21'),('210403','Huacullani','2104','21'),('210404','Kelluyo','2104','21'),('210405','Pisacoma','2104','21'),('210406','Pomata','2104','21'),('210407','Zepita','2104','21'),('210501','Ilave','2105','21'),('210502','Capazo','2105','21'),('210503','Pilcuyo','2105','21'),('210504','Santa Rosa','2105','21'),('210505','Conduriri','2105','21'),('210601','Huancane','2106','21'),('210602','Cojata','2106','21'),('210603','Huatasani','2106','21'),('210604','Inchupalla','2106','21'),('210605','Pusi','2106','21'),('210606','Rosaspata','2106','21'),('210607','Taraco','2106','21'),('210608','Vilque Chico','2106','21'),('210701','Lampa','2107','21'),('210702','Cabanilla','2107','21'),('210703','Calapuja','2107','21'),('210704','Nicasio','2107','21'),('210705','Ocuviri','2107','21'),('210706','Palca','2107','21'),('210707','Paratia','2107','21'),('210708','Pucara','2107','21'),('210709','Santa Lucia','2107','21'),('210710','Vilavila','2107','21'),('210801','Ayaviri','2108','21'),('210802','Antauta','2108','21'),('210803','Cupi','2108','21'),('210804','Llalli','2108','21'),('210805','Macari','2108','21'),('210806','Nuñoa','2108','21'),('210807','Orurillo','2108','21'),('210808','Santa Rosa','2108','21'),('210809','Umachiri','2108','21'),('210901','Moho','2109','21'),('210902','Conima','2109','21'),('210903','Huayrapata','2109','21'),('210904','Tilali','2109','21'),('211001','Putina','2110','21'),('211002','Ananea','2110','21'),('211003','Pedro Vilca Apaza','2110','21'),('211004','Quilcapuncu','2110','21'),('211005','Sina','2110','21'),('211101','Juliaca','2111','21'),('211102','Cabana','2111','21'),('211103','Cabanillas','2111','21'),('211104','Caracoto','2111','21'),('211105','San Miguel','2111','21'),('211201','Sandia','2112','21'),('211202','Cuyocuyo','2112','21'),('211203','Limbani','2112','21'),('211204','Patambuco','2112','21'),('211205','Phara','2112','21'),('211206','Quiaca','2112','21'),('211207','San Juan del Oro','2112','21'),('211208','Yanahuaya','2112','21'),('211209','Alto Inambari','2112','21'),('211210','San Pedro de Putina Punco','2112','21'),('211301','Yunguyo','2113','21'),('211302','Anapia','2113','21'),('211303','Copani','2113','21'),('211304','Cuturapi','2113','21'),('211305','Ollaraya','2113','21'),('211306','Tinicachi','2113','21'),('211307','Unicachi','2113','21'),('220101','Moyobamba','2201','22'),('220102','Calzada','2201','22'),('220103','Habana','2201','22'),('220104','Jepelacio','2201','22'),('220105','Soritor','2201','22'),('220106','Yantalo','2201','22'),('220201','Bellavista','2202','22'),('220202','Alto Biavo','2202','22'),('220203','Bajo Biavo','2202','22'),('220204','Huallaga','2202','22'),('220205','San Pablo','2202','22'),('220206','San Rafael','2202','22'),('220301','San José de Sisa','2203','22'),('220302','Agua Blanca','2203','22'),('220303','San Martín','2203','22'),('220304','Santa Rosa','2203','22'),('220305','Shatoja','2203','22'),('220401','Saposoa','2204','22'),('220402','Alto Saposoa','2204','22'),('220403','El Eslabón','2204','22'),('220404','Piscoyacu','2204','22'),('220405','Sacanche','2204','22'),('220406','Tingo de Saposoa','2204','22'),('220501','Lamas','2205','22'),('220502','Alonso de Alvarado','2205','22'),('220503','Barranquita','2205','22'),('220504','Caynarachi','2205','22'),('220505','Cuñumbuqui','2205','22'),('220506','Pinto Recodo','2205','22'),('220507','Rumisapa','2205','22'),('220508','San Roque de Cumbaza','2205','22'),('220509','Shanao','2205','22'),('220510','Tabalosos','2205','22'),('220511','Zapatero','2205','22'),('220601','Juanjuí','2206','22'),('220602','Campanilla','2206','22'),('220603','Huicungo','2206','22'),('220604','Pachiza','2206','22'),('220605','Pajarillo','2206','22'),('220701','Picota','2207','22'),('220702','Buenos Aires','2207','22'),('220703','Caspisapa','2207','22'),('220704','Pilluana','2207','22'),('220705','Pucacaca','2207','22'),('220706','San Cristóbal','2207','22'),('220707','San Hilarión','2207','22'),('220708','Shamboyacu','2207','22'),('220709','Tingo de Ponasa','2207','22'),('220710','Tres Unidos','2207','22'),('220801','Rioja','2208','22'),('220802','Awajun','2208','22'),('220803','Elías Soplin Vargas','2208','22'),('220804','Nueva Cajamarca','2208','22'),('220805','Pardo Miguel','2208','22'),('220806','Posic','2208','22'),('220807','San Fernando','2208','22'),('220808','Yorongos','2208','22'),('220809','Yuracyacu','2208','22'),('220901','Tarapoto','2209','22'),('220902','Alberto Leveau','2209','22'),('220903','Cacatachi','2209','22'),('220904','Chazuta','2209','22'),('220905','Chipurana','2209','22'),('220906','El Porvenir','2209','22'),('220907','Huimbayoc','2209','22'),('220908','Juan Guerra','2209','22'),('220909','La Banda de Shilcayo','2209','22'),('220910','Morales','2209','22'),('220911','Papaplaya','2209','22'),('220912','San Antonio','2209','22'),('220913','Sauce','2209','22'),('220914','Shapaja','2209','22'),('221001','Tocache','2210','22'),('221002','Nuevo Progreso','2210','22'),('221003','Polvora','2210','22'),('221004','Shunte','2210','22'),('221005','Uchiza','2210','22'),('230101','Tacna','2301','23'),('230102','Alto de la Alianza','2301','23'),('230103','Calana','2301','23'),('230104','Ciudad Nueva','2301','23'),('230105','Inclan','2301','23'),('230106','Pachia','2301','23'),('230107','Palca','2301','23'),('230108','Pocollay','2301','23'),('230109','Sama','2301','23'),('230110','Coronel Gregorio Albarracín Lanchipa','2301','23'),('230111','La Yarada los Palos','2301','23'),('230201','Candarave','2302','23'),('230202','Cairani','2302','23'),('230203','Camilaca','2302','23'),('230204','Curibaya','2302','23'),('230205','Huanuara','2302','23'),('230206','Quilahuani','2302','23'),('230301','Locumba','2303','23'),('230302','Ilabaya','2303','23'),('230303','Ite','2303','23'),('230401','Tarata','2304','23'),('230402','Héroes Albarracín','2304','23'),('230403','Estique','2304','23'),('230404','Estique-Pampa','2304','23'),('230405','Sitajara','2304','23'),('230406','Susapaya','2304','23'),('230407','Tarucachi','2304','23'),('230408','Ticaco','2304','23'),('240101','Tumbes','2401','24'),('240102','Corrales','2401','24'),('240103','La Cruz','2401','24'),('240104','Pampas de Hospital','2401','24'),('240105','San Jacinto','2401','24'),('240106','San Juan de la Virgen','2401','24'),('240201','Zorritos','2402','24'),('240202','Casitas','2402','24'),('240203','Canoas de Punta Sal','2402','24'),('240301','Zarumilla','2403','24'),('240302','Aguas Verdes','2403','24'),('240303','Matapalo','2403','24'),('240304','Papayal','2403','24'),('250101','Calleria','2501','25'),('250102','Campoverde','2501','25'),('250103','Iparia','2501','25'),('250104','Masisea','2501','25'),('250105','Yarinacocha','2501','25'),('250106','Nueva Requena','2501','25'),('250107','Manantay','2501','25'),('250201','Raymondi','2502','25'),('250202','Sepahua','2502','25'),('250203','Tahuania','2502','25'),('250204','Yurua','2502','25'),('250301','Padre Abad','2503','25'),('250302','Irazola','2503','25'),('250303','Curimana','2503','25'),('250304','Neshuya','2503','25'),('250305','Alexander Von Humboldt','2503','25'),('250401','Purus','2504','25');
/*!40000 ALTER TABLE `distritos` ENABLE KEYS */;
UNLOCK TABLES;

--
-- Table structure for table `email_metadata`
--

DROP TABLE IF EXISTS `email_metadata`;
/*!40101 SET @saved_cs_client     = @@character_set_client */;
/*!50503 SET character_set_client = utf8mb4 */;
CREATE TABLE `email_metadata` (
  `id` bigint NOT NULL AUTO_INCREMENT,
  `resend_email_id` varchar(100) COLLATE utf8mb4_unicode_ci NOT NULL COMMENT 'ID único del email en Resend',
  `id_campana_mailing` int NOT NULL COMMENT 'FK a campanas_mailing (tiene id_agente_asignado)',
  `email_destinatario` varchar(255) COLLATE utf8mb4_unicode_ci NOT NULL COMMENT 'Email del destinatario',
  `id_lead` bigint DEFAULT NULL COMMENT 'FK al lead (puede ser NULL si no se encuentra)',
  `fecha_envio` datetime NOT NULL DEFAULT CURRENT_TIMESTAMP COMMENT 'Fecha/hora de envío del email',
  PRIMARY KEY (`id`),
  UNIQUE KEY `resend_email_id` (`resend_email_id`),
  UNIQUE KEY `uk_campana_email` (`id_campana_mailing`,`email_destinatario`),
  KEY `idx_resend_email_id` (`resend_email_id`),
  KEY `idx_campana_email` (`id_campana_mailing`,`email_destinatario`),
  KEY `idx_campana_mailing` (`id_campana_mailing`),
  KEY `idx_fecha_envio` (`fecha_envio`),
  CONSTRAINT `fk_email_metadata_campana` FOREIGN KEY (`id_campana_mailing`) REFERENCES `campanas_mailing` (`id`) ON DELETE CASCADE
) ENGINE=InnoDB AUTO_INCREMENT=10 DEFAULT CHARSET=utf8mb4 COLLATE=utf8mb4_unicode_ci COMMENT='Mapeo de email_id de Resend con metadata interna. id_agente_asignado se obtiene via JOIN con campanas_mailing';
/*!40101 SET character_set_client = @saved_cs_client */;

--
-- Dumping data for table `email_metadata`
--

LOCK TABLES `email_metadata` WRITE;
/*!40000 ALTER TABLE `email_metadata` DISABLE KEYS */;
INSERT INTO `email_metadata` VALUES (1,'8a72a1d3-af9c-4f58-8a7e-eacbf92c3037',13,'miguel.taco@unmsm.edu.pe',239,'2025-12-05 14:59:59'),(2,'9293468d-1651-4021-9ddd-46bbc41f9a13',14,'miguel.taco@unmsm.edu.pe',239,'2025-12-05 15:54:15'),(3,'ce335a85-29d1-4895-8bf7-533453bc9906',16,'miguel.taco@unmsm.edu.pe',239,'2025-12-05 22:57:11'),(4,'3c4eb616-bcfa-4e87-932e-2e83bdc6a2dc',17,'miguel.taco@unmsm.edu.pe',239,'2025-12-06 01:37:14'),(5,'85fa9b0f-d42a-4099-9f15-87ab1bdab15c',19,'miguel.taco@unmsm.edu.pe',239,'2025-12-06 05:04:50'),(6,'c6f1a6a3-9553-4193-8afe-176cd71507f4',20,'miguel.taco@unmsm.edu.pe',239,'2025-12-06 06:00:27'),(7,'b18789e2-4801-4fb0-9d61-0d9c73204547',21,'miguel.taco@unmsm.edu.pe',239,'2025-12-06 06:42:22'),(8,'b18e227d-6c31-4903-a952-6d57584365d7',22,'miguel.taco@unmsm.edu.pe',239,'2025-12-06 07:11:43'),(9,'e32e6bb1-a21a-4eaf-993e-b0e3e8d5891c',23,'miguel.taco@unmsm.edu.pe',239,'2025-12-06 08:05:39');
/*!40000 ALTER TABLE `email_metadata` ENABLE KEYS */;
UNLOCK TABLES;

--
-- Table structure for table `envio_encuesta`
--

DROP TABLE IF EXISTS `envio_encuesta`;
/*!40101 SET @saved_cs_client     = @@character_set_client */;
/*!50503 SET character_set_client = utf8mb4 */;
CREATE TABLE `envio_encuesta` (
  `id` int NOT NULL AUTO_INCREMENT,
  `id_llamada` int NOT NULL,
  `id_encuesta` int NOT NULL,
  `id_lead` bigint NOT NULL,
  `telefono_destino` varchar(20) DEFAULT NULL,
  `url_encuesta` varchar(500) NOT NULL,
  `fecha_envio` datetime NOT NULL DEFAULT CURRENT_TIMESTAMP,
  `estado` enum('ENVIADA','PENDIENTE') NOT NULL DEFAULT 'PENDIENTE',
  `metodo_comunicacion` enum('SMS','WHATSAPP') NOT NULL DEFAULT 'SMS',
  `mensaje_error` text,
  PRIMARY KEY (`id`),
  KEY `idx_llamada` (`id_llamada`),
  KEY `idx_encuesta` (`id_encuesta`),
  KEY `idx_lead` (`id_lead`),
  KEY `idx_estado` (`estado`),
  CONSTRAINT `fk_envio_encuesta_llamada` FOREIGN KEY (`id_llamada`) REFERENCES `llamada` (`id`) ON DELETE CASCADE
) ENGINE=InnoDB AUTO_INCREMENT=29 DEFAULT CHARSET=utf8mb4 COLLATE=utf8mb4_0900_ai_ci;
/*!40101 SET character_set_client = @saved_cs_client */;

--
-- Dumping data for table `envio_encuesta`
--

LOCK TABLES `envio_encuesta` WRITE;
/*!40000 ALTER TABLE `envio_encuesta` DISABLE KEYS */;
INSERT INTO `envio_encuesta` VALUES (1,8,2,75,'900016653','http://localhost:8080/api/encuestas/responder/Mjo3NTo4OjE3NjQ1NTU1ODczNzA','2025-12-01 02:19:47','ENVIADA','SMS',NULL),(2,9,2,84,'900025739','http://localhost:5600/q/2/84','2025-12-01 02:44:26','ENVIADA','SMS',NULL),(3,11,2,110,'955021477','http://localhost:5600/q/2/110','2025-12-01 07:38:44','ENVIADA','SMS',NULL),(4,12,2,110,'955021477','http://localhost:5600/q/2/110','2025-12-01 07:38:44','ENVIADA','SMS',NULL),(5,13,2,110,'955021477','http://localhost:5600/q/2/110','2025-12-01 07:38:45','ENVIADA','SMS',NULL),(6,14,2,110,'955021477','http://localhost:5600/q/2/110','2025-12-01 07:38:45','ENVIADA','SMS',NULL),(7,15,2,110,'955021477','http://localhost:5600/q/2/110','2025-12-01 07:38:45','ENVIADA','SMS',NULL),(8,16,2,110,'955021477','http://localhost:5600/q/2/110','2025-12-01 07:38:50','ENVIADA','SMS',NULL),(9,19,2,110,'955021477','http://localhost:5600/q/2/110','2025-12-04 06:42:35','ENVIADA','SMS',NULL),(10,20,2,110,'955021477','http://localhost:5600/q/2/110','2025-12-04 06:42:38','ENVIADA','SMS',NULL),(11,21,2,115,'955026192','http://localhost:5600/q/2/115','2025-12-04 07:42:10','ENVIADA','SMS',NULL),(12,23,2,88,'900029281','http://localhost:5600/q/2/88','2025-12-05 04:29:39','ENVIADA','SMS',NULL),(13,24,2,85,'900026323','http://localhost:5600/q/2/85','2025-12-05 05:04:23','ENVIADA','SMS',NULL),(14,25,2,77,'900018720','http://localhost:5600/q/2/77','2025-12-05 06:15:27','ENVIADA','SMS',NULL),(15,26,13,24,'987654321','http://localhost:5600/q/13/24','2025-12-06 01:57:37','ENVIADA','SMS',NULL),(16,27,13,204,'984765320','http://localhost:5600/q/13/204','2025-12-06 02:19:28','ENVIADA','SMS',NULL),(17,28,13,57,'977666555','http://localhost:5600/q/13/57','2025-12-06 02:48:43','ENVIADA','SMS',NULL),(18,29,13,203,'987234561','http://localhost:5600/q/13/203','2025-12-06 03:43:01','ENVIADA','SMS',NULL),(19,30,13,219,'987540921','http://localhost:5600/q/13/219','2025-12-06 03:57:01','ENVIADA','SMS',NULL),(20,31,13,229,'983214579','http://localhost:5600/q/13/229','2025-12-06 04:17:54','ENVIADA','SMS',NULL),(21,32,13,143,'977024147','http://localhost:5600/q/13/143','2025-12-06 04:26:23','ENVIADA','SMS',NULL),(22,33,13,223,'999214583','http://localhost:5600/q/13/223','2025-12-06 04:35:42','ENVIADA','SMS',NULL),(23,34,13,14,'999111222','http://localhost:5600/q/13/14','2025-12-06 04:45:58','ENVIADA','SMS',NULL),(24,35,13,66,'900007665','http://localhost:5600/q/13/66','2025-12-06 04:55:35','ENVIADA','SMS',NULL),(25,36,2,100,'955011674','http://localhost:5600/q/2/100','2025-12-06 05:14:18','ENVIADA','SMS',NULL),(26,37,2,65,'900006851','http://localhost:5600/q/2/65','2025-12-06 05:39:04','ENVIADA','SMS',NULL),(27,38,13,224,'986745903','http://localhost:5600/q/13/224','2025-12-06 06:33:59','ENVIADA','SMS',NULL),(28,39,13,59,'988000222','http://localhost:5600/q/13/59','2025-12-06 06:46:18','ENVIADA','SMS',NULL);
/*!40000 ALTER TABLE `envio_encuesta` ENABLE KEYS */;
UNLOCK TABLES;

--
-- Table structure for table `envios_formulario`
--

DROP TABLE IF EXISTS `envios_formulario`;
/*!40101 SET @saved_cs_client     = @@character_set_client */;
/*!50503 SET character_set_client = utf8mb4 */;
CREATE TABLE `envios_formulario` (
  `envio_id` bigint NOT NULL AUTO_INCREMENT,
  `fecha_envio` datetime NOT NULL DEFAULT CURRENT_TIMESTAMP,
  `ip` varchar(45) DEFAULT NULL,
  `user_agent` text,
  `estado_proceso_id` int NOT NULL,
  `motivo_rechazo` text,
  `datos_formulario` json DEFAULT NULL COMMENT 'JSON con los datos del form (nombre, email, etc.)',
  `created_at` datetime NOT NULL DEFAULT CURRENT_TIMESTAMP,
  `updated_at` datetime NOT NULL DEFAULT CURRENT_TIMESTAMP ON UPDATE CURRENT_TIMESTAMP,
  PRIMARY KEY (`envio_id`),
  KEY `idx_envio_estado` (`estado_proceso_id`),
  CONSTRAINT `fk_envio_estado` FOREIGN KEY (`estado_proceso_id`) REFERENCES `estados_proceso` (`estado_proceso_id`)
) ENGINE=InnoDB AUTO_INCREMENT=24 DEFAULT CHARSET=utf8mb4 COLLATE=utf8mb4_0900_ai_ci COMMENT='Datos crudos recibidos del formulario interno';
/*!40101 SET character_set_client = @saved_cs_client */;

--
-- Dumping data for table `envios_formulario`
--

LOCK TABLES `envios_formulario` WRITE;
/*!40000 ALTER TABLE `envios_formulario` DISABLE KEYS */;
INSERT INTO `envios_formulario` VALUES (1,'2025-11-21 17:25:23',NULL,NULL,2,NULL,'{\"nombre\": \"Juan Perez\", \"origen\": \"WEB\"}','2025-11-21 17:25:23','2025-11-21 17:25:23'),(2,'2025-11-22 01:42:33',NULL,NULL,1,NULL,'{\"edad\": \"21\", \"email\": \"aldana@gmail.com\", \"genero\": \"F\", \"telefono\": \"987654321\", \"utm_medium\": \"AGENTE\", \"utm_source\": \"CRM_INTERNO\", \"distrito_id\": \"150111\", \"nombre_completo\": \"Aldana Chavez\"}','2025-11-22 01:42:34','2025-11-22 01:42:34'),(3,'2025-11-22 01:45:19',NULL,NULL,1,NULL,'{\"edad\": \"21\", \"email\": \"ollanta@gmail.com\", \"genero\": \"M\", \"telefono\": \"912345678\", \"utm_medium\": \"AGENTE\", \"utm_source\": \"CRM_INTERNO\", \"distrito_id\": \"211207\", \"nombre_completo\": \"Ollanta Humala\"}','2025-11-22 01:45:19','2025-11-22 01:45:19'),(4,'2025-11-22 01:51:05',NULL,NULL,1,NULL,'{\"edad\": \"28\", \"email\": \"usuario@test.com\", \"genero\": \"M\", \"telefono\": \"942555876\", \"utm_medium\": \"AGENTE\", \"utm_source\": \"CRM_INTERNO\", \"distrito_id\": \"160604\", \"nombre_completo\": \"Joel Alexander Quispe Chavez\"}','2025-11-22 01:51:05','2025-11-22 01:51:05'),(5,'2025-11-23 04:07:34',NULL,NULL,1,NULL,'{\"edad\": \"22\", \"email\": \"marco.churampi@gmail.com\", \"genero\": \"M\", \"telefono\": \"900145328\", \"utm_medium\": \"AGENTE\", \"utm_source\": \"CRM_INTERNO\", \"distrito_id\": \"150133\", \"nombre_completo\": \"Marco Alejandro Churampi Carbajal\"}','2025-11-23 04:07:34','2025-11-23 04:07:34'),(6,'2025-11-23 04:35:59',NULL,NULL,1,NULL,'{\"edad\": \"32\", \"email\": \"julito2805@gmail.com\", \"genero\": \"M\", \"telefono\": \"956023235\", \"utm_medium\": \"AGENTE\", \"utm_source\": \"CRM_INTERNO\", \"distrito_id\": \"131201\", \"nombre_completo\": \"Julian Quito\"}','2025-11-23 04:35:59','2025-11-23 04:35:59'),(7,'2025-11-23 15:16:33',NULL,NULL,1,NULL,'{\"edad\": \"21\", \"email\": \"toledo@gmail.com\", \"genero\": \"M\", \"telefono\": \"987654321\", \"utm_medium\": \"AGENTE\", \"utm_source\": \"CRM_INTERNO\", \"distrito_id\": \"151017\", \"nombre_completo\": \"Alejandro Toledo\"}','2025-11-23 15:16:29','2025-11-23 15:16:29'),(8,'2025-11-23 15:17:47',NULL,NULL,1,NULL,'{\"edad\": \"21\", \"email\": \"toledo@gmail.com\", \"genero\": \"M\", \"telefono\": \"987654321\", \"utm_medium\": \"AGENTE\", \"utm_source\": \"CRM_INTERNO\", \"distrito_id\": \"150116\", \"nombre_completo\": \"Alejandro Toledo\"}','2025-11-23 15:17:43','2025-11-23 15:17:43'),(9,'2025-11-23 15:18:34',NULL,NULL,1,NULL,'{\"edad\": \"21\", \"email\": \"toledo@gmail.com\", \"genero\": \"M\", \"telefono\": \"95522211\", \"utm_medium\": \"AGENTE\", \"utm_source\": \"CRM_INTERNO\", \"distrito_id\": \"150112\", \"nombre_completo\": \"Alejandro Toledo\"}','2025-11-23 15:18:30','2025-11-23 15:18:30'),(10,'2025-11-23 15:25:49',NULL,NULL,1,NULL,'{\"edad\": \"50\", \"email\": \"pizarro@gmail.com\", \"genero\": \"M\", \"telefono\": \"987654321\", \"utm_medium\": \"AGENTE\", \"utm_source\": \"CRM_INTERNO\", \"distrito_id\": \"160303\", \"nombre_completo\": \"Francisco Pizarro\"}','2025-11-23 15:25:45','2025-11-23 15:25:45'),(11,'2025-11-23 15:29:21',NULL,NULL,1,NULL,'{\"edad\": \"21\", \"email\": \"pizarro@gmail.com\", \"genero\": \"M\", \"telefono\": \"987654321\", \"utm_medium\": \"AGENTE\", \"utm_source\": \"CRM_INTERNO\", \"distrito_id\": \"150115\", \"nombre_completo\": \"Francisco Pizarro\"}','2025-11-23 15:29:17','2025-11-23 15:29:17'),(12,'2025-12-04 05:18:16',NULL,NULL,1,NULL,'{\"edad\": \"42\", \"email\": \"lujancarrion@gmail.com\", \"genero\": \"F\", \"telefono\": \"999111222\", \"utm_medium\": \"AGENTE\", \"utm_source\": \"CRM_INTERNO\", \"distrito_id\": \"150119\", \"nombre_completo\": \"Jesus Andres Lujan Carrion\"}','2025-12-04 05:18:13','2025-12-04 05:18:13'),(13,'2025-12-04 05:18:33',NULL,NULL,1,NULL,'{\"edad\": \"42\", \"email\": \"lujancarrion@gmail.com\", \"genero\": \"F\", \"telefono\": \"999111223\", \"utm_medium\": \"AGENTE\", \"utm_source\": \"CRM_INTERNO\", \"distrito_id\": \"150119\", \"nombre_completo\": \"Jesus Andres Lujan Carrion\"}','2025-12-04 05:18:30','2025-12-04 05:18:30'),(14,'2025-12-04 14:09:39',NULL,NULL,1,NULL,'{\"edad\": \"24\", \"email\": \"castilla.aldana@gmail.com\", \"genero\": \"M\", \"telefono\": \"987467037\", \"utm_medium\": \"AGENTE\", \"utm_source\": \"CRM_INTERNO\", \"distrito_id\": \"150101\", \"nombre_completo\": \"Aldana Castilla Marco\"}','2025-12-04 14:09:40','2025-12-04 14:09:40'),(15,'2025-12-04 15:14:42',NULL,NULL,1,NULL,'{\"edad\": \"22\", \"email\": \"miguel.taco@unmsm.edu.pe\", \"genero\": \"M\", \"telefono\": \"123456789\", \"utm_medium\": \"AGENTE\", \"utm_source\": \"CRM_INTERNO\", \"distrito_id\": \"150141\", \"nombre_completo\": \"Miguel Angel Taco \"}','2025-12-04 15:14:42','2025-12-04 15:14:42'),(16,'2025-12-04 15:27:18',NULL,NULL,1,NULL,'{\"edad\": \"85\", \"email\": \"miguel.taco@unmsm.edu.pe\", \"genero\": \"M\", \"telefono\": \"123456789\", \"utm_medium\": \"AGENTE\", \"utm_source\": \"CRM_INTERNO\", \"distrito_id\": \"150141\", \"nombre_completo\": \"Miguel Angel Taco\"}','2025-12-04 15:27:18','2025-12-04 15:27:18'),(17,'2025-12-04 16:48:52',NULL,NULL,1,NULL,'{\"edad\": \"24\", \"email\": \"aldana123@gmail.com\", \"genero\": \"M\", \"telefono\": \"987467008\", \"utm_medium\": \"AGENTE\", \"utm_source\": \"CRM_INTERNO\", \"distrito_id\": \"150101\", \"nombre_completo\": \"Aldana David Chavez\"}','2025-12-04 16:48:53','2025-12-04 16:48:53'),(18,'2025-12-04 18:12:41',NULL,NULL,1,NULL,'{\"edad\": \"86\", \"email\": \"zangelomt@gmail.com\", \"genero\": \"M\", \"telefono\": \"123456789\", \"utm_medium\": \"AGENTE\", \"utm_source\": \"CRM_INTERNO\", \"distrito_id\": \"150141\", \"nombre_completo\": \"Miguelon Taketo\"}','2025-12-04 18:12:41','2025-12-04 18:12:41'),(19,'2025-12-04 18:12:49',NULL,NULL,1,NULL,'{\"edad\": \"86\", \"email\": \"zangelomt@gmail.com\", \"genero\": \"M\", \"telefono\": \"123456789\", \"utm_medium\": \"AGENTE\", \"utm_source\": \"CRM_INTERNO\", \"distrito_id\": \"150141\", \"nombre_completo\": \"Miguelon Taketo\"}','2025-12-04 18:12:50','2025-12-04 18:12:50'),(20,'2025-12-04 18:12:56',NULL,NULL,1,NULL,'{\"edad\": \"86\", \"email\": \"zangelomt@gmail.com\", \"genero\": \"M\", \"telefono\": \"12345678\", \"utm_medium\": \"AGENTE\", \"utm_source\": \"CRM_INTERNO\", \"distrito_id\": \"150141\", \"nombre_completo\": \"Miguelon Taketo\"}','2025-12-04 18:12:57','2025-12-04 18:12:57'),(21,'2025-12-04 22:15:42',NULL,NULL,1,NULL,'{\"edad\": \"25\", \"email\": \"aMarco123@gmail.com\", \"genero\": \"M\", \"telefono\": \"987467012\", \"utm_medium\": \"AGENTE\", \"utm_source\": \"CRM_INTERNO\", \"distrito_id\": \"170102\", \"nombre_completo\": \"Aldana David Chavez Marco\"}','2025-12-04 22:15:42','2025-12-04 22:15:42'),(22,'2025-12-04 22:30:46',NULL,NULL,1,NULL,'{\"edad\": \"25\", \"email\": \"aMiguel123@gmail.com\", \"genero\": \"M\", \"telefono\": \"987468762\", \"utm_medium\": \"AGENTE\", \"utm_source\": \"CRM_INTERNO\", \"distrito_id\": \"090504\", \"nombre_completo\": \"Aldana Chavez Marco Miguel\"}','2025-12-04 22:30:46','2025-12-04 22:30:46'),(23,'2025-12-05 19:50:50',NULL,NULL,1,NULL,'{\"edad\": \"26\", \"email\": \"alseda123@gmail.com\", \"genero\": \"PREFIERO_NO_DECIRLO\", \"telefono\": \"999999991\", \"utm_medium\": \"AGENTE\", \"utm_source\": \"CRM_INTERNO\", \"distrito_id\": \"140202\", \"nombre_completo\": \"Aldana Sevan David\"}','2025-12-05 19:50:50','2025-12-05 19:50:50');
/*!40000 ALTER TABLE `envios_formulario` ENABLE KEYS */;
UNLOCK TABLES;

--
-- Table structure for table `estados_lead`
--

DROP TABLE IF EXISTS `estados_lead`;
/*!40101 SET @saved_cs_client     = @@character_set_client */;
/*!50503 SET character_set_client = utf8mb4 */;
CREATE TABLE `estados_lead` (
  `estado_lead_id` int NOT NULL AUTO_INCREMENT,
  `nombre` varchar(50) NOT NULL COMMENT 'NUEVO, CALIFICADO, DESCARTADO',
  PRIMARY KEY (`estado_lead_id`)
) ENGINE=InnoDB AUTO_INCREMENT=4 DEFAULT CHARSET=utf8mb4 COLLATE=utf8mb4_0900_ai_ci COMMENT='Estados de negocio del Lead (Golden Record)';
/*!40101 SET character_set_client = @saved_cs_client */;

--
-- Dumping data for table `estados_lead`
--

LOCK TABLES `estados_lead` WRITE;
/*!40000 ALTER TABLE `estados_lead` DISABLE KEYS */;
INSERT INTO `estados_lead` VALUES (1,'NUEVO'),(2,'CALIFICADO'),(3,'DESCARTADO');
/*!40000 ALTER TABLE `estados_lead` ENABLE KEYS */;
UNLOCK TABLES;

--
-- Table structure for table `estados_proceso`
--

DROP TABLE IF EXISTS `estados_proceso`;
/*!40101 SET @saved_cs_client     = @@character_set_client */;
/*!50503 SET character_set_client = utf8mb4 */;
CREATE TABLE `estados_proceso` (
  `estado_proceso_id` int NOT NULL AUTO_INCREMENT,
  `nombre` varchar(50) NOT NULL COMMENT 'EN_PROCESO, VALIDADO, RECHAZADO, DUPLICADO',
  PRIMARY KEY (`estado_proceso_id`)
) ENGINE=InnoDB AUTO_INCREMENT=5 DEFAULT CHARSET=utf8mb4 COLLATE=utf8mb4_0900_ai_ci COMMENT='Estados del pipeline de captura (Staging)';
/*!40101 SET character_set_client = @saved_cs_client */;

--
-- Dumping data for table `estados_proceso`
--

LOCK TABLES `estados_proceso` WRITE;
/*!40000 ALTER TABLE `estados_proceso` DISABLE KEYS */;
INSERT INTO `estados_proceso` VALUES (1,'EN_PROCESO'),(2,'VALIDADO'),(3,'RECHAZADO'),(4,'DUPLICADO');
/*!40000 ALTER TABLE `estados_proceso` ENABLE KEYS */;
UNLOCK TABLES;

--
-- Table structure for table `grabacion_llamada`
--

DROP TABLE IF EXISTS `grabacion_llamada`;
/*!40101 SET @saved_cs_client     = @@character_set_client */;
/*!50503 SET character_set_client = utf8mb4 */;
CREATE TABLE `grabacion_llamada` (
  `id` bigint NOT NULL AUTO_INCREMENT,
  `id_campania` int NOT NULL,
  `id_agente` int NOT NULL,
  `id_lead` bigint NOT NULL,
  `id_llamada` int DEFAULT NULL,
  `fecha_hora` datetime NOT NULL DEFAULT CURRENT_TIMESTAMP,
  `duracion_segundos` int NOT NULL,
  `ruta_audio_firebase` varchar(500) NOT NULL,
  `ruta_transcripcion_supabase` varchar(500) DEFAULT NULL,
  `estado_procesamiento` enum('PENDIENTE','PROCESANDO','COMPLETADO','ERROR') NOT NULL DEFAULT 'PENDIENTE',
  `resultado` varchar(100) DEFAULT NULL,
  `mensaje_error` text,
  `intentos_procesamiento` int NOT NULL DEFAULT '0',
  `created_at` datetime NOT NULL DEFAULT CURRENT_TIMESTAMP,
  `updated_at` datetime NOT NULL DEFAULT CURRENT_TIMESTAMP ON UPDATE CURRENT_TIMESTAMP,
  PRIMARY KEY (`id`),
  KEY `idx_agente_campania` (`id_agente`,`id_campania`),
  KEY `idx_fecha_hora` (`fecha_hora`),
  KEY `idx_estado` (`estado_procesamiento`),
  KEY `idx_campania` (`id_campania`),
  KEY `idx_lead` (`id_lead`),
  KEY `fk_grabacion_llamada` (`id_llamada`),
  CONSTRAINT `fk_grabacion_agente` FOREIGN KEY (`id_agente`) REFERENCES `agente_marketing` (`id_agente`) ON DELETE CASCADE,
  CONSTRAINT `fk_grabacion_campania` FOREIGN KEY (`id_campania`) REFERENCES `campania_telefonica` (`id`) ON DELETE CASCADE,
  CONSTRAINT `fk_grabacion_lead` FOREIGN KEY (`id_lead`) REFERENCES `leads` (`lead_id`) ON DELETE CASCADE,
  CONSTRAINT `fk_grabacion_llamada` FOREIGN KEY (`id_llamada`) REFERENCES `llamada` (`id`) ON DELETE SET NULL
) ENGINE=InnoDB AUTO_INCREMENT=12 DEFAULT CHARSET=utf8mb4 COLLATE=utf8mb4_0900_ai_ci;
/*!40101 SET character_set_client = @saved_cs_client */;

--
-- Dumping data for table `grabacion_llamada`
--

LOCK TABLES `grabacion_llamada` WRITE;
/*!40000 ALTER TABLE `grabacion_llamada` DISABLE KEYS */;
INSERT INTO `grabacion_llamada` VALUES (1,13,1,203,29,'2025-12-06 03:43:07',40,'grabaciones/13/1/20251205_224307_203.mp3',NULL,'ERROR','INTERESADO','Error al subir archivo a Firebase Storage',0,'2025-12-06 03:43:07','2025-12-06 03:43:08'),(2,13,1,219,30,'2025-12-06 03:57:07',33,'grabaciones/13/1/20251205_225707_219.mp3',NULL,'ERROR','INTERESADO','Error al subir archivo a Firebase Storage',0,'2025-12-06 03:57:07','2025-12-06 03:57:07'),(3,13,1,229,31,'2025-12-06 04:18:00',28,'grabaciones/13/1/20251205_231800_229.mp3',NULL,'ERROR','INTERESADO','Error al subir archivo a Firebase Storage',0,'2025-12-06 04:18:00','2025-12-06 04:18:01'),(4,13,1,143,32,'2025-12-06 04:26:29',27,'grabaciones/13/1/20251205_232628_143.mp3',NULL,'ERROR','INTERESADO','Error al subir archivo a Firebase Storage',0,'2025-12-06 04:26:29','2025-12-06 04:26:29'),(5,13,1,223,33,'2025-12-06 04:35:49',36,'grabaciones/13/1/20251205_233548_223.mp3',NULL,'ERROR','INTERESADO','Error al transcribir audio: 400',1,'2025-12-06 04:35:49','2025-12-06 04:35:54'),(6,13,1,14,34,'2025-12-06 04:46:04',53,'grabaciones/13/1/20251205_234603_14.mp3',NULL,'ERROR','NO_INTERESADO','Error al transcribir audio: 404',1,'2025-12-06 04:46:04','2025-12-06 04:46:11'),(7,13,1,66,35,'2025-12-06 04:55:41',34,'grabaciones/13/1/20251205_235541_66.mp3',NULL,'ERROR','NO_INTERESADO','Error al transcribir audio: 404',1,'2025-12-06 04:55:41','2025-12-06 04:55:48'),(8,7,1,100,36,'2025-12-06 05:14:24',36,'grabaciones/7/1/20251206_001424_100.mp3',NULL,'ERROR','NO_INTERESADO','Error al transcribir audio: 404',1,'2025-12-06 05:14:24','2025-12-06 05:14:31'),(9,7,1,65,37,'2025-12-06 05:39:13',38,'grabaciones/7/1/20251206_003912_65.mp3','grabaciones_llamada/7/1/20251206_003912_65.md','COMPLETADO','NO_INTERESADO',NULL,1,'2025-12-06 05:39:13','2025-12-06 05:39:26'),(10,13,1,224,38,'2025-12-06 06:34:05',55,'grabaciones/13/1/20251206_013405_224.mp3','grabaciones_llamada/13/1/20251206_013405_224.md','COMPLETADO','NO_INTERESADO',NULL,1,'2025-12-06 06:34:05','2025-12-06 06:34:18'),(11,13,1,59,39,'2025-12-06 06:46:24',48,'grabaciones/13/1/20251206_014624_59.mp3','grabaciones_llamada/13/1/20251206_014624_59.md','COMPLETADO','NO_INTERESADO',NULL,1,'2025-12-06 06:46:24','2025-12-06 06:46:36');
/*!40000 ALTER TABLE `grabacion_llamada` ENABLE KEYS */;
UNLOCK TABLES;

--
-- Table structure for table `guion`
--

DROP TABLE IF EXISTS `guion`;
/*!40101 SET @saved_cs_client     = @@character_set_client */;
/*!50503 SET character_set_client = utf8mb4 */;
CREATE TABLE `guion` (
  `id` int NOT NULL AUTO_INCREMENT,
  `id_campania` int DEFAULT NULL,
  `id_agente` bigint DEFAULT NULL COMMENT 'NULL para guiones generales',
  `nombre` varchar(255) NOT NULL,
  `descripcion` varchar(255) DEFAULT NULL,
  `creado_por` bigint NOT NULL,
  `fecha_creacion` datetime NOT NULL DEFAULT CURRENT_TIMESTAMP,
  `fecha_modificacion` datetime NOT NULL DEFAULT CURRENT_TIMESTAMP ON UPDATE CURRENT_TIMESTAMP,
  `ruta_supabase` varchar(500) NOT NULL COMMENT 'Ruta completa en Supabase Storage',
  `tipo_archivo` varchar(10) NOT NULL DEFAULT 'md',
  `estado` varchar(45) NOT NULL DEFAULT 'BORRADOR',
  `activo` bit(1) DEFAULT NULL,
  `objetivo` text,
  `tipo` varchar(50) DEFAULT NULL,
  `notas_internas` text,
  PRIMARY KEY (`id`),
  UNIQUE KEY `idguion_UNIQUE` (`id`),
  KEY `idx_campania` (`id_campania`),
  KEY `idx_campania_agente` (`id_campania`,`id_agente`),
  CONSTRAINT `fk_guion_campania_telefonica` FOREIGN KEY (`id_campania`) REFERENCES `campania_telefonica` (`id`)
) ENGINE=InnoDB AUTO_INCREMENT=10 DEFAULT CHARSET=utf8mb4 COLLATE=utf8mb4_0900_ai_ci;
/*!40101 SET character_set_client = @saved_cs_client */;

--
-- Dumping data for table `guion`
--

LOCK TABLES `guion` WRITE;
/*!40000 ALTER TABLE `guion` DISABLE KEYS */;
INSERT INTO `guion` VALUES (1,3,NULL,'guion-campana-3.md',NULL,1,'2025-11-28 22:13:22','2025-11-28 22:13:22','campana/3/general/guion-campana-3.md','md','BORRADOR',_binary '',NULL,NULL,NULL),(4,3,NULL,'Tes 1',NULL,1,'2025-11-29 07:09:03','2025-11-29 07:09:03','','md','BORRADOR',_binary '','Esta es una prueba','VENTA_NUEVA','idk'),(6,7,NULL,'test',NULL,1,'2025-12-05 00:44:29','2025-12-05 00:44:29','','md','BORRADOR',_binary '','Hola','RENOVACION','sfdsfds'),(7,7,NULL,'Test 2 7',NULL,1,'2025-12-05 02:14:16','2025-12-05 02:14:16','','md','BORRADOR',_binary '','sadasdsa','SEGUIMIENTO','asdasdas'),(8,9,NULL,'guion 1 9',NULL,1,'2025-12-05 02:15:07','2025-12-05 02:15:07','','md','BORRADOR',_binary '','sdf','RENOVACION','ssdfds'),(9,7,NULL,'sdfsdf',NULL,1,'2025-12-05 02:21:09','2025-12-05 02:21:09','','md','BORRADOR',_binary '','sdfsdf','RETENCION','sdfsd');
/*!40000 ALTER TABLE `guion` ENABLE KEYS */;
UNLOCK TABLES;

--
-- Table structure for table `guion_seccion`
--

DROP TABLE IF EXISTS `guion_seccion`;
/*!40101 SET @saved_cs_client     = @@character_set_client */;
/*!50503 SET character_set_client = utf8mb4 */;
CREATE TABLE `guion_seccion` (
  `id` int NOT NULL AUTO_INCREMENT,
  `id_guion` int NOT NULL,
  `tipo_seccion` varchar(50) NOT NULL,
  `contenido` text,
  `orden` int NOT NULL,
  PRIMARY KEY (`id`),
  KEY `idx_guion_seccion_guion` (`id_guion`),
  KEY `idx_guion_seccion_orden` (`id_guion`,`orden`),
  CONSTRAINT `guion_seccion_ibfk_1` FOREIGN KEY (`id_guion`) REFERENCES `guion` (`id`) ON DELETE CASCADE
) ENGINE=InnoDB AUTO_INCREMENT=24 DEFAULT CHARSET=utf8mb4 COLLATE=utf8mb4_0900_ai_ci;
/*!40101 SET character_set_client = @saved_cs_client */;

--
-- Dumping data for table `guion_seccion`
--

LOCK TABLES `guion_seccion` WRITE;
/*!40000 ALTER TABLE `guion_seccion` DISABLE KEYS */;
INSERT INTO `guion_seccion` VALUES (7,4,'INTRO','<p>Hola</p>',1),(8,4,'DIAGNOSTICO','<p>Este</p>',2),(9,4,'OBJECIONES','<p>Es</p>',3),(10,4,'CIERRE','<p>Un</p>',4),(11,4,'POST_LLAMADA','<p>test</p>',5),(12,6,'INTRO','<p>fesdf</p>',1),(13,7,'INTRO','<p>asd</p>',1),(14,7,'DIAGNOSTICO','<p>asd</p>',2),(15,8,'INTRO','<p>asdasd</p>',1),(16,8,'DIAGNOSTICO','<p>asdas</p>',2),(17,8,'OBJECIONES','<p>asd</p>',3),(18,8,'CIERRE','<p>asd</p>',4),(19,8,'POST_LLAMADA','<p>ad</p>',5),(20,9,'INTRO','<p>sdf</p>',1),(21,9,'DIAGNOSTICO','<p>sdf</p>',2),(22,9,'CIERRE','<p>sdf</p>',4),(23,9,'POST_LLAMADA','<p>sdfsdfsdfsdfsd</p>',5);
/*!40000 ALTER TABLE `guion_seccion` ENABLE KEYS */;
UNLOCK TABLES;

--
-- Table structure for table `historial_campana`
--

DROP TABLE IF EXISTS `historial_campana`;
/*!40101 SET @saved_cs_client     = @@character_set_client */;
/*!50503 SET character_set_client = utf8mb4 */;
CREATE TABLE `historial_campana` (
  `id_historial` bigint NOT NULL AUTO_INCREMENT,
  `id_campana` bigint NOT NULL,
  `fecha_accion` timestamp NOT NULL DEFAULT CURRENT_TIMESTAMP,
  `tipo_accion` enum('ACTIVACION','ARCHIVO','CANCELACION','CREACION','DUPLICACION','EDICION','ERROR_EJECUCION','FINALIZACION','PAUSA','PROGRAMACION','REANUDACION','REPROGRAMACION') NOT NULL,
  `usuario_responsable` varchar(100) DEFAULT NULL,
  `descripcion_detalle` text,
  PRIMARY KEY (`id_historial`),
  KEY `idx_historial_campana` (`id_campana`),
  KEY `idx_historial_campana_fecha` (`id_campana`,`fecha_accion`),
  KEY `idx_historial_tipo` (`tipo_accion`),
  KEY `idx_historial_fecha` (`fecha_accion`),
  CONSTRAINT `fk_historial_campana` FOREIGN KEY (`id_campana`) REFERENCES `campana` (`id_campana`) ON DELETE CASCADE
) ENGINE=InnoDB AUTO_INCREMENT=211 DEFAULT CHARSET=utf8mb4 COLLATE=utf8mb4_0900_ai_ci;
/*!40101 SET character_set_client = @saved_cs_client */;

--
-- Dumping data for table `historial_campana`
--

LOCK TABLES `historial_campana` WRITE;
/*!40000 ALTER TABLE `historial_campana` DISABLE KEYS */;
INSERT INTO `historial_campana` VALUES (1,9,'2025-11-22 05:29:35','CREACION',NULL,'Campaña creada en estado Borrador por el Gestor de Marketing.'),(2,9,'2025-11-23 05:29:35','EDICION',NULL,'Se actualizó la temática a \"Renovación Exclusiva 5G\" y se asignó el segmento VIP.'),(3,9,'2025-11-24 05:29:35','PROGRAMACION',NULL,'Campaña programada para iniciar el día de ayer a las 09:00 AM.'),(4,9,'2025-11-26 05:29:35','ACTIVACION',NULL,'El sistema activó la campaña automáticamente según la fecha programada.'),(5,9,'2025-11-26 08:29:35','ERROR_EJECUCION',NULL,'Fallo en la conexión con el módulo de Mailing (Timeout). Se detuvo el envío del lote #45.'),(6,9,'2025-11-26 09:29:35','PAUSA',NULL,'Campaña pausada automáticamente por el sistema debido a errores consecutivos.'),(7,9,'2025-11-27 00:29:35','REPROGRAMACION',NULL,'Se ajustaron las fechas de finalización para compensar el tiempo perdido.'),(8,9,'2025-11-27 01:29:35','REANUDACION',NULL,'Campaña reanudada manualmente tras confirmar estabilidad del servicio de Mailing.'),(9,9,'2025-11-27 05:29:35','FINALIZACION',NULL,'Notificación de fin de ejecución recibida. El 100% de los correos fueron procesados.'),(10,5,'2025-11-27 05:37:49','EDICION',NULL,'Cambio de estado: Borrador → Borrador. Motivo: Campaña editada'),(11,7,'2025-11-27 05:55:13','PAUSA',NULL,'Cambio de estado: Vigente → Pausada. Motivo: prueba'),(12,7,'2025-11-27 05:55:36','REANUDACION',NULL,'Cambio de estado: Pausada → Vigente'),(13,7,'2025-11-27 05:59:26','PAUSA',NULL,'Cambio de estado: Vigente → Pausada. Motivo: prueba'),(14,7,'2025-11-27 05:59:33','REANUDACION',NULL,'Cambio de estado: Pausada → Vigente'),(21,24,'2025-11-27 21:29:31','CREACION',NULL,'Cambio de estado: null → Borrador. Motivo: Campaña creada'),(22,24,'2025-11-27 21:29:40','PROGRAMACION',NULL,'Cambio de estado: Borrador → Programada'),(24,26,'2025-11-28 08:05:19','CREACION',NULL,'Cambio de estado: null → Borrador. Motivo: Campaña creada'),(25,5,'2025-11-28 08:06:17','PROGRAMACION',NULL,'Cambio de estado: Borrador → Programada'),(26,6,'2025-11-28 08:14:47','REPROGRAMACION',NULL,'Cambio de estado: Programada → Programada. Motivo: Nuevas fechas: 2025-12-04T04:00 - 2025-12-06T13:00'),(27,6,'2025-11-28 08:15:05','REPROGRAMACION',NULL,'Cambio de estado: Programada → Programada. Motivo: Nuevas fechas: 2025-12-10T10:00 - 2025-12-10T12:00'),(28,27,'2025-11-30 06:42:19','CREACION',NULL,'Cambio de estado: null → Borrador. Motivo: Campaña creada'),(29,27,'2025-11-30 06:42:31','PROGRAMACION',NULL,'Cambio de estado: Borrador → Programada'),(30,26,'2025-11-30 07:18:57','EDICION',NULL,'Cambio de estado: Borrador → Borrador. Motivo: Campaña editada'),(31,26,'2025-11-30 07:19:29','PROGRAMACION',NULL,'Cambio de estado: Borrador → Programada'),(32,26,'2025-11-30 07:37:48','REPROGRAMACION',NULL,'Cambio de estado: Programada → Programada'),(33,26,'2025-11-30 07:38:32','CANCELACION',NULL,'Cambio de estado: Programada → Cancelada. Motivo: test'),(34,28,'2025-11-30 15:49:37','CREACION',NULL,'Cambio de estado: null → Borrador. Motivo: Campaña creada'),(42,36,'2025-11-30 18:39:45','CREACION',NULL,'Cambio de estado: null → Borrador. Motivo: Campaña creada'),(43,36,'2025-11-30 18:39:59','PROGRAMACION',NULL,'Cambio de estado: Borrador → Programada'),(44,37,'2025-11-30 18:50:22','CREACION',NULL,'Cambio de estado: null → Borrador. Motivo: Campaña creada'),(45,37,'2025-11-30 18:50:33','PROGRAMACION',NULL,'Cambio de estado: Borrador → Programada'),(46,28,'2025-11-30 18:54:32','PROGRAMACION',NULL,'Cambio de estado: Borrador → Programada'),(47,38,'2025-11-30 20:55:50','CREACION',NULL,'Cambio de estado: null → Borrador. Motivo: Campaña creada'),(48,38,'2025-11-30 20:56:10','PROGRAMACION',NULL,'Cambio de estado: Borrador → Programada'),(49,39,'2025-12-01 00:17:28','CREACION',NULL,'Cambio de estado: null → Borrador. Motivo: Campaña creada'),(50,39,'2025-12-01 00:18:49','PROGRAMACION',NULL,'Cambio de estado: Borrador → Programada'),(51,40,'2025-12-01 00:19:42','CREACION',NULL,'Cambio de estado: null → Borrador. Motivo: Campaña creada'),(52,40,'2025-12-01 00:20:23','PROGRAMACION',NULL,'Cambio de estado: Borrador → Programada'),(53,41,'2025-12-01 00:35:30','CREACION',NULL,'Cambio de estado: null → Borrador. Motivo: Campaña creada'),(54,28,'2025-12-01 00:42:57','CANCELACION',NULL,'Cambio de estado: Programada → Cancelada. Motivo: --'),(55,41,'2025-12-01 00:43:57','EDICION',NULL,'Cambio de estado: Borrador → Borrador. Motivo: Campaña editada'),(56,42,'2025-12-01 04:05:36','CREACION',NULL,'Cambio de estado: null → Borrador. Motivo: Campaña creada'),(57,42,'2025-12-01 04:05:48','PROGRAMACION',NULL,'Cambio de estado: Borrador → Programada'),(58,42,'2025-12-01 04:06:27','CANCELACION',NULL,'Cambio de estado: Programada → Cancelada. Motivo: test'),(59,43,'2025-12-01 04:23:59','CREACION',NULL,'Cambio de estado: null → Borrador. Motivo: Campaña creada'),(60,43,'2025-12-01 04:29:02','PROGRAMACION',NULL,'Cambio de estado: Borrador → Programada'),(61,43,'2025-12-01 04:30:07','ACTIVACION',NULL,'Cambio de estado: Programada → Vigente'),(62,6,'2025-12-01 07:36:48','REPROGRAMACION',NULL,'Cambio de estado: Programada → Programada'),(63,6,'2025-12-01 07:37:35','CANCELACION',NULL,'Cambio de estado: Programada → Cancelada. Motivo: El pelado me lo dijo en mis sueños'),(64,8,'2025-12-01 07:40:09','REANUDACION',NULL,'Cambio de estado: Pausada → Vigente'),(65,44,'2025-12-01 07:58:39','CREACION',NULL,'Cambio de estado: null → Borrador. Motivo: Campaña creada'),(66,44,'2025-12-01 07:58:56','PROGRAMACION',NULL,'Cambio de estado: Borrador → Programada'),(67,45,'2025-12-01 08:01:25','CREACION',NULL,'Cambio de estado: null → Borrador. Motivo: Campaña creada'),(68,45,'2025-12-01 08:01:45','PROGRAMACION',NULL,'Cambio de estado: Borrador → Programada'),(69,45,'2025-12-01 08:03:49','ACTIVACION',NULL,'Cambio de estado: Programada → Vigente'),(70,38,'2025-12-01 16:22:03','ACTIVACION',NULL,'Cambio de estado: Programada → Vigente'),(71,39,'2025-12-01 16:22:06','ACTIVACION',NULL,'Cambio de estado: Programada → Vigente'),(72,40,'2025-12-01 16:22:09','ACTIVACION',NULL,'Cambio de estado: Programada → Vigente'),(73,44,'2025-12-01 16:22:12','ACTIVACION',NULL,'Cambio de estado: Programada → Vigente'),(74,46,'2025-12-04 04:34:30','CREACION',NULL,'Cambio de estado: null → Borrador. Motivo: Campaña creada'),(75,46,'2025-12-04 04:34:51','PROGRAMACION',NULL,'Cambio de estado: Borrador → Programada'),(76,47,'2025-12-04 07:40:43','CREACION','admin','Cambio de estado: null → Borrador. Motivo: Campaña creada'),(77,5,'2025-12-04 08:18:43','ERROR_EJECUCION','SISTEMA','Cambio de estado: Vigente → Vigente. Motivo: Error al delegar ejecución al canal'),(78,27,'2025-12-04 08:18:43','ERROR_EJECUCION','SISTEMA','Cambio de estado: Vigente → Vigente. Motivo: Error al delegar ejecución al canal'),(79,36,'2025-12-04 08:18:44','ERROR_EJECUCION','SISTEMA','Cambio de estado: Vigente → Vigente. Motivo: Error al delegar ejecución al canal'),(80,5,'2025-12-04 08:19:59','ERROR_EJECUCION','SISTEMA','Cambio de estado: Vigente → Vigente. Motivo: Error al delegar ejecución al canal'),(81,27,'2025-12-04 08:20:00','ERROR_EJECUCION','SISTEMA','Cambio de estado: Vigente → Vigente. Motivo: Error al delegar ejecución al canal'),(82,36,'2025-12-04 08:20:00','ERROR_EJECUCION','SISTEMA','Cambio de estado: Vigente → Vigente. Motivo: Error al delegar ejecución al canal'),(83,5,'2025-12-04 08:26:44','ERROR_EJECUCION','SISTEMA','Cambio de estado: Vigente → Vigente. Motivo: Error al delegar ejecución al canal'),(84,27,'2025-12-04 08:26:45','ERROR_EJECUCION','SISTEMA','Cambio de estado: Vigente → Vigente. Motivo: Error al delegar ejecución al canal'),(85,36,'2025-12-04 08:26:45','ERROR_EJECUCION','SISTEMA','Cambio de estado: Vigente → Vigente. Motivo: Error al delegar ejecución al canal'),(86,5,'2025-12-04 08:26:54','ERROR_EJECUCION','SISTEMA','Cambio de estado: Vigente → Vigente. Motivo: Error al delegar ejecución al canal'),(87,27,'2025-12-04 08:26:54','ERROR_EJECUCION','SISTEMA','Cambio de estado: Vigente → Vigente. Motivo: Error al delegar ejecución al canal'),(88,36,'2025-12-04 08:26:55','ERROR_EJECUCION','SISTEMA','Cambio de estado: Vigente → Vigente. Motivo: Error al delegar ejecución al canal'),(89,5,'2025-12-04 08:29:10','ERROR_EJECUCION','SISTEMA','Cambio de estado: Vigente → Vigente. Motivo: Error al delegar ejecución al canal'),(90,27,'2025-12-04 08:29:12','ERROR_EJECUCION','SISTEMA','Cambio de estado: Vigente → Vigente. Motivo: Error al delegar ejecución al canal'),(91,36,'2025-12-04 08:29:15','ERROR_EJECUCION','SISTEMA','Cambio de estado: Vigente → Vigente. Motivo: Error al delegar ejecución al canal'),(92,36,'2025-12-04 08:30:09','ERROR_EJECUCION','SISTEMA','Cambio de estado: Vigente → Vigente. Motivo: Error al delegar ejecución al canal'),(93,48,'2025-12-04 08:32:02','CREACION','admin','Cambio de estado: null → Borrador. Motivo: Campaña creada'),(94,48,'2025-12-04 08:32:14','PROGRAMACION','admin','Cambio de estado: Borrador → Programada'),(95,48,'2025-12-04 08:33:02','ERROR_EJECUCION','SISTEMA','Cambio de estado: Vigente → Vigente. Motivo: Error al delegar ejecución al canal'),(96,49,'2025-12-04 08:34:37','CREACION','admin','Cambio de estado: null → Borrador. Motivo: Campaña creada'),(97,49,'2025-12-04 08:34:58','PROGRAMACION','admin','Cambio de estado: Borrador → Programada'),(98,49,'2025-12-04 08:36:02','ACTIVACION','SISTEMA','Cambio de estado: Programada → Vigente'),(99,36,'2025-12-04 08:48:15','ERROR_EJECUCION','SISTEMA','Cambio de estado: Vigente → Vigente. Motivo: Error al delegar ejecución al canal'),(100,36,'2025-12-04 08:49:29','ERROR_EJECUCION','SISTEMA','Cambio de estado: Vigente → Vigente. Motivo: Error al delegar ejecución al canal'),(101,36,'2025-12-04 08:49:32','ERROR_EJECUCION','SISTEMA','Cambio de estado: Vigente → Vigente. Motivo: Error al delegar ejecución al canal'),(102,36,'2025-12-04 08:50:22','ERROR_EJECUCION','SISTEMA','Cambio de estado: Vigente → Vigente. Motivo: Error al delegar ejecución al canal'),(103,36,'2025-12-04 08:51:16','ERROR_EJECUCION','SISTEMA','Cambio de estado: Vigente → Vigente. Motivo: Error al delegar ejecución al canal'),(104,36,'2025-12-04 08:52:56','ERROR_EJECUCION','SISTEMA','Cambio de estado: Vigente → Vigente. Motivo: Error al delegar ejecución al canal'),(105,36,'2025-12-04 08:56:35','ERROR_EJECUCION','SISTEMA','Cambio de estado: Vigente → Vigente. Motivo: Error al delegar ejecución al canal'),(106,36,'2025-12-04 09:04:09','ERROR_EJECUCION','SISTEMA','Cambio de estado: Vigente → Vigente. Motivo: Error al delegar ejecución al canal'),(116,59,'2025-12-04 16:42:30','CREACION','admin','Cambio de estado: null → Borrador. Motivo: Campaña creada'),(117,59,'2025-12-04 16:42:40','PROGRAMACION','admin','Cambio de estado: Borrador → Programada'),(118,60,'2025-12-04 16:47:37','CREACION','admin','Cambio de estado: null → Borrador. Motivo: Campaña creada'),(119,60,'2025-12-04 16:47:44','PROGRAMACION','admin','Cambio de estado: Borrador → Programada'),(120,61,'2025-12-04 16:47:57','CREACION','admin','Cambio de estado: null → Borrador. Motivo: Campaña creada'),(121,61,'2025-12-04 16:48:03','PROGRAMACION','admin','Cambio de estado: Borrador → Programada'),(123,60,'2025-12-04 17:00:01','ERROR_EJECUCION','SISTEMA','Cambio de estado: Vigente → Vigente. Motivo: Error al delegar ejecución al canal'),(124,59,'2025-12-04 17:19:04','CANCELACION','admin','Cambio de estado: Programada → Cancelada. Motivo: xd'),(125,63,'2025-12-04 17:21:11','CREACION','admin','Cambio de estado: null → Borrador. Motivo: Campaña creada'),(126,63,'2025-12-04 17:21:19','PROGRAMACION','admin','Cambio de estado: Borrador → Programada'),(127,63,'2025-12-04 17:35:01','ERROR_EJECUCION','SISTEMA','Cambio de estado: Vigente → Vigente. Motivo: Error al delegar ejecución al canal'),(128,64,'2025-12-04 18:30:24','CREACION','admin','Cambio de estado: null → Borrador. Motivo: Campaña creada'),(129,64,'2025-12-04 18:31:51','EDICION','admin','Cambio de estado: Borrador → Borrador. Motivo: Campaña editada'),(130,64,'2025-12-04 18:32:31','PROGRAMACION','admin','Cambio de estado: Borrador → Programada'),(131,64,'2025-12-04 18:34:01','ERROR_EJECUCION','SISTEMA','Cambio de estado: Vigente → Vigente. Motivo: Error al delegar ejecución al canal'),(132,64,'2025-12-04 19:09:20','PAUSA','admin','Cambio de estado: Vigente → Pausada. Motivo: gerege'),(133,64,'2025-12-04 19:10:24','REPROGRAMACION','admin','Cambio de estado: Pausada → Programada'),(134,64,'2025-12-04 19:10:39','CANCELACION','admin','Cambio de estado: Programada → Cancelada. Motivo: cfbcfc'),(135,65,'2025-12-04 19:13:52','CREACION','admin','Cambio de estado: null → Borrador. Motivo: Campaña creada'),(136,65,'2025-12-04 19:13:59','PROGRAMACION','admin','Cambio de estado: Borrador → Programada'),(137,65,'2025-12-04 19:18:01','ERROR_EJECUCION','SISTEMA','Cambio de estado: Vigente → Vigente. Motivo: Error al delegar ejecución al canal'),(138,66,'2025-12-05 14:32:15','CREACION','admin','Cambio de estado: null → Borrador. Motivo: Campaña creada'),(139,66,'2025-12-05 14:32:26','PROGRAMACION','admin','Cambio de estado: Borrador → Programada'),(140,66,'2025-12-05 14:34:02','ERROR_EJECUCION','SISTEMA','Cambio de estado: Vigente → Vigente. Motivo: Error al delegar ejecución al canal'),(141,67,'2025-12-05 14:54:41','CREACION','admin','Cambio de estado: null → Borrador. Motivo: Campaña creada'),(142,67,'2025-12-05 14:54:52','PROGRAMACION','admin','Cambio de estado: Borrador → Programada'),(143,67,'2025-12-05 14:57:02','ERROR_EJECUCION','SISTEMA','Cambio de estado: Vigente → Vigente. Motivo: Error al delegar ejecución al canal'),(144,68,'2025-12-05 15:50:17','CREACION','admin','Cambio de estado: null → Borrador. Motivo: Campaña creada'),(145,68,'2025-12-05 15:50:27','PROGRAMACION','admin','Cambio de estado: Borrador → Programada'),(146,68,'2025-12-05 15:53:02','ERROR_EJECUCION','SISTEMA','Cambio de estado: Vigente → Vigente. Motivo: Error al delegar ejecución al canal'),(147,37,'2025-12-05 18:00:02','ERROR_EJECUCION','SISTEMA','Cambio de estado: Vigente → Vigente. Motivo: Error al delegar ejecución al canal'),(148,37,'2025-12-05 18:00:01','ERROR_EJECUCION','SISTEMA','Cambio de estado: Vigente → Vigente. Motivo: Error al delegar ejecución al canal'),(149,37,'2025-12-05 18:00:02','ERROR_EJECUCION','SISTEMA','Cambio de estado: Vigente → Vigente. Motivo: Error al delegar ejecución al canal'),(150,37,'2025-12-05 18:00:02','ERROR_EJECUCION','SISTEMA','Cambio de estado: Vigente → Vigente. Motivo: Error al delegar ejecución al canal'),(151,37,'2025-12-05 18:05:07','CANCELACION','admin','Cambio de estado: Vigente → Cancelada. Motivo: zzz'),(152,48,'2025-12-05 18:10:56','CANCELACION','admin','Cambio de estado: Vigente → Cancelada. Motivo: chau'),(153,60,'2025-12-05 18:11:32','CANCELACION','admin','Cambio de estado: Vigente → Cancelada. Motivo: chau'),(154,61,'2025-12-05 18:12:15','CANCELACION','admin','Cambio de estado: Programada → Cancelada. Motivo: chau'),(155,66,'2025-12-05 18:12:43','CANCELACION','admin','Cambio de estado: Vigente → Cancelada. Motivo: chau'),(156,67,'2025-12-05 18:12:59','CANCELACION','admin','Cambio de estado: Vigente → Cancelada. Motivo: chau'),(157,69,'2025-12-05 19:31:27','CREACION','admin','Cambio de estado: null → Borrador. Motivo: Campaña creada'),(158,69,'2025-12-05 19:31:38','PROGRAMACION','admin','Cambio de estado: Borrador → Programada'),(159,24,'2025-12-05 21:26:01','ERROR_EJECUCION','SISTEMA','Cambio de estado: Vigente → Vigente. Motivo: Error al delegar ejecución al canal'),(160,24,'2025-12-05 21:26:01','ERROR_EJECUCION','SISTEMA','Cambio de estado: Vigente → Vigente. Motivo: Error al delegar ejecución al canal'),(161,70,'2025-12-05 21:37:51','CREACION','admin','Cambio de estado: null → Borrador. Motivo: Campaña creada'),(162,70,'2025-12-05 21:38:21','PROGRAMACION','admin','Cambio de estado: Borrador → Programada'),(163,70,'2025-12-05 21:39:02','ACTIVACION','SISTEMA','Cambio de estado: Programada → Vigente'),(164,71,'2025-12-05 22:53:33','CREACION','admin','Cambio de estado: null → Borrador. Motivo: Campaña creada'),(165,71,'2025-12-05 22:53:44','PROGRAMACION','admin','Cambio de estado: Borrador → Programada'),(166,71,'2025-12-05 22:55:02','ERROR_EJECUCION','SISTEMA','Cambio de estado: Vigente → Vigente. Motivo: Error al delegar ejecución al canal'),(167,72,'2025-12-06 01:33:31','CREACION','admin','Cambio de estado: null → Borrador. Motivo: Campaña creada'),(168,72,'2025-12-06 01:33:40','PROGRAMACION','admin','Cambio de estado: Borrador → Programada'),(169,72,'2025-12-06 01:36:01','ERROR_EJECUCION','SISTEMA','Cambio de estado: Vigente → Vigente. Motivo: Error al delegar ejecución al canal'),(170,73,'2025-12-06 04:55:32','CREACION','admin','Cambio de estado: null → Borrador. Motivo: Campaña creada'),(171,73,'2025-12-06 04:55:43','PROGRAMACION','admin','Cambio de estado: Borrador → Programada'),(172,73,'2025-12-06 04:58:02','ERROR_EJECUCION','SISTEMA','Cambio de estado: Vigente → Vigente. Motivo: Error al delegar ejecución al canal'),(173,73,'2025-12-06 04:58:02','ERROR_EJECUCION','SISTEMA','Cambio de estado: Vigente → Vigente. Motivo: Error al delegar ejecución al canal'),(174,74,'2025-12-06 05:01:01','CREACION','admin','Cambio de estado: null → Borrador. Motivo: Campaña creada'),(175,74,'2025-12-06 05:01:12','PROGRAMACION','admin','Cambio de estado: Borrador → Programada'),(176,74,'2025-12-06 05:04:02','ERROR_EJECUCION','SISTEMA','Cambio de estado: Vigente → Vigente. Motivo: Error al delegar ejecución al canal'),(177,74,'2025-12-06 05:04:02','ERROR_EJECUCION','SISTEMA','Cambio de estado: Vigente → Vigente. Motivo: Error al delegar ejecución al canal'),(178,75,'2025-12-06 05:51:01','CREACION','admin','Cambio de estado: null → Borrador. Motivo: Campaña creada'),(179,76,'2025-12-06 05:57:59','CREACION','admin','Cambio de estado: null → Borrador. Motivo: Campaña creada'),(180,76,'2025-12-06 05:58:10','PROGRAMACION','admin','Cambio de estado: Borrador → Programada'),(181,77,'2025-12-06 05:59:17','CREACION','admin','Cambio de estado: null → Borrador. Motivo: Campaña creada'),(182,76,'2025-12-06 06:00:02','ERROR_EJECUCION','SISTEMA','Cambio de estado: Vigente → Vigente. Motivo: Error al delegar ejecución al canal'),(183,76,'2025-12-06 06:00:02','ERROR_EJECUCION','SISTEMA','Cambio de estado: Vigente → Vigente. Motivo: Error al delegar ejecución al canal'),(184,78,'2025-12-06 06:03:29','CREACION','admin','Cambio de estado: null → Borrador. Motivo: Campaña creada'),(185,79,'2025-12-06 06:08:31','CREACION','admin','Cambio de estado: null → Borrador. Motivo: Campaña creada'),(186,80,'2025-12-06 06:15:05','CREACION','admin','Cambio de estado: null → Borrador. Motivo: Campaña creada'),(187,81,'2025-12-06 06:21:32','CREACION','admin','Cambio de estado: null → Borrador. Motivo: Campaña creada'),(188,76,'2025-12-06 06:31:10','PAUSA','admin','Cambio de estado: Vigente → Pausada. Motivo: test'),(189,76,'2025-12-06 06:31:18','REANUDACION','admin','Cambio de estado: Pausada → Vigente'),(190,76,'2025-12-06 06:32:07','PAUSA','admin','Cambio de estado: Vigente → Pausada. Motivo: test'),(191,76,'2025-12-06 06:32:56','REANUDACION','admin','Cambio de estado: Pausada → Vigente'),(192,76,'2025-12-06 06:38:13','PAUSA','admin','Cambio de estado: Vigente → Pausada. Motivo: test'),(193,82,'2025-12-06 06:39:37','CREACION','admin','Cambio de estado: null → Borrador. Motivo: Campaña creada'),(194,82,'2025-12-06 06:39:48','PROGRAMACION','admin','Cambio de estado: Borrador → Programada'),(195,82,'2025-12-06 06:42:02','ERROR_EJECUCION','SISTEMA','Cambio de estado: Vigente → Vigente. Motivo: Error al delegar ejecución al canal'),(196,82,'2025-12-06 06:42:02','ERROR_EJECUCION','SISTEMA','Cambio de estado: Vigente → Vigente. Motivo: Error al delegar ejecución al canal'),(197,76,'2025-12-06 06:44:56','REANUDACION','admin','Cambio de estado: Pausada → Vigente'),(198,76,'2025-12-06 06:58:04','PAUSA','admin','Se pausó la ejecución de la campaña. Motivo: test'),(199,76,'2025-12-06 06:58:15','REANUDACION','admin','Se reanudó la ejecución de la campaña'),(200,83,'2025-12-06 07:04:40','CREACION','admin','Cambio de estado: null → Borrador. Motivo: Campaña creada'),(201,83,'2025-12-06 07:04:47','PROGRAMACION','admin','Cambio de estado: Borrador → Programada'),(202,83,'2025-12-06 07:07:01','ERROR_EJECUCION','SISTEMA','Cambio de estado: Vigente → Vigente. Motivo: Error al delegar ejecución al canal'),(203,83,'2025-12-06 07:07:02','ERROR_EJECUCION','SISTEMA','Cambio de estado: Vigente → Vigente. Motivo: Error al delegar ejecución al canal'),(204,83,'2025-12-06 07:07:02','ERROR_EJECUCION','SISTEMA','Cambio de estado: Vigente → Vigente. Motivo: Error al delegar ejecución al canal'),(205,84,'2025-12-06 08:00:11','CREACION','admin','Se creó una nueva campaña en estado Borrador. Motivo: Campaña creada'),(206,84,'2025-12-06 08:00:18','PROGRAMACION','admin','La campaña fue programada para ejecución automática'),(207,84,'2025-12-06 08:02:01','ERROR_EJECUCION','SISTEMA','Ocurrió un error durante la ejecución de la campaña. Motivo: Error al delegar ejecución al canal'),(208,85,'2025-12-06 08:15:49','CREACION','admin','Se creó una nueva campaña en estado Borrador. Motivo: Campaña creada'),(209,85,'2025-12-06 08:15:56','PROGRAMACION','admin','La campaña fue programada para ejecución automática'),(210,85,'2025-12-06 08:17:01','ERROR_EJECUCION','SISTEMA','Ocurrió un error durante la ejecución de la campaña. Motivo: Error al delegar ejecución al canal');
/*!40000 ALTER TABLE `historial_campana` ENABLE KEYS */;
UNLOCK TABLES;

--
-- Table structure for table `historial_estado_lead`
--

DROP TABLE IF EXISTS `historial_estado_lead`;
/*!40101 SET @saved_cs_client     = @@character_set_client */;
/*!50503 SET character_set_client = utf8mb4 */;
CREATE TABLE `historial_estado_lead` (
  `historial_id` bigint NOT NULL AUTO_INCREMENT,
  `lead_id` bigint NOT NULL,
  `estado_anterior_id` int DEFAULT NULL COMMENT 'Nulo si es el primer estado (NUEVO)',
  `estado_nuevo_id` int NOT NULL,
  `fecha_cambio` datetime NOT NULL DEFAULT CURRENT_TIMESTAMP,
  `usuario_id` bigint DEFAULT NULL COMMENT 'ID del agente/usuario que hizo el cambio (NULL si es sistema)',
  `motivo` varchar(255) DEFAULT NULL,
  `created_at` datetime NOT NULL DEFAULT CURRENT_TIMESTAMP,
  `updated_at` datetime NOT NULL DEFAULT CURRENT_TIMESTAMP ON UPDATE CURRENT_TIMESTAMP,
  PRIMARY KEY (`historial_id`),
  KEY `fk_histlead_estado_ant` (`estado_anterior_id`),
  KEY `idx_hist_estado_nuevo` (`estado_nuevo_id`),
  KEY `idx_historial_lead_id` (`lead_id`),
  CONSTRAINT `fk_histlead_estado_ant` FOREIGN KEY (`estado_anterior_id`) REFERENCES `estados_lead` (`estado_lead_id`),
  CONSTRAINT `fk_histlead_estado_nuevo` FOREIGN KEY (`estado_nuevo_id`) REFERENCES `estados_lead` (`estado_lead_id`),
  CONSTRAINT `fk_histlead_lead` FOREIGN KEY (`lead_id`) REFERENCES `leads` (`lead_id`) ON DELETE CASCADE
) ENGINE=InnoDB AUTO_INCREMENT=249 DEFAULT CHARSET=utf8mb4 COLLATE=utf8mb4_0900_ai_ci COMMENT='Log de auditoría de cambios de estado del lead';
/*!40101 SET character_set_client = @saved_cs_client */;

--
-- Dumping data for table `historial_estado_lead`
--

LOCK TABLES `historial_estado_lead` WRITE;
/*!40000 ALTER TABLE `historial_estado_lead` DISABLE KEYS */;
INSERT INTO `historial_estado_lead` VALUES (1,1,1,2,'2025-11-21 20:49:45',NULL,'','2025-11-21 20:49:45','2025-11-21 20:49:45'),(2,1,2,3,'2025-11-21 20:50:08',NULL,'','2025-11-21 20:50:08','2025-11-21 20:50:08'),(3,1,3,2,'2025-11-21 21:08:12',NULL,'El usuario se comunicó con nosotros y volvió a mostrar interes','2025-11-21 21:08:12','2025-11-21 21:08:12'),(11,14,NULL,1,'2025-11-22 00:12:33',NULL,'Creación inicial (IMPORTACION)','2025-11-22 00:12:33','2025-11-22 00:12:33'),(12,15,NULL,1,'2025-11-22 00:12:38',NULL,'Creación inicial (IMPORTACION)','2025-11-22 00:12:38','2025-11-22 00:12:38'),(19,24,NULL,1,'2025-11-22 01:42:36',NULL,'Creación inicial (WEB)','2025-11-22 01:42:36','2025-11-22 01:42:36'),(43,56,NULL,1,'2025-11-22 03:54:07',NULL,'Creación inicial (IMPORTACION)','2025-11-22 03:54:07','2025-11-22 03:54:07'),(44,57,NULL,1,'2025-11-22 03:54:11',NULL,'Creación inicial (IMPORTACION)','2025-11-22 03:54:11','2025-11-22 03:54:11'),(45,24,1,2,'2025-11-22 04:03:01',NULL,'aldanakbro','2025-11-22 04:03:01','2025-11-22 04:03:01'),(47,59,NULL,1,'2025-11-22 04:14:31',NULL,'Creación inicial (IMPORTACION)','2025-11-22 04:14:31','2025-11-22 04:14:31'),(48,60,NULL,1,'2025-11-22 04:39:03',NULL,'Creación inicial (IMPORTACION)','2025-11-22 04:39:03','2025-11-22 04:39:03'),(49,61,NULL,1,'2025-11-22 04:39:08',NULL,'Creación inicial (IMPORTACION)','2025-11-22 04:39:08','2025-11-22 04:39:08'),(50,62,NULL,1,'2025-11-22 04:39:14',NULL,'Creación inicial (IMPORTACION)','2025-11-22 04:39:14','2025-11-22 04:39:14'),(51,63,NULL,1,'2025-11-22 04:39:19',NULL,'Creación inicial (IMPORTACION)','2025-11-22 04:39:19','2025-11-22 04:39:19'),(52,64,NULL,1,'2025-11-22 04:39:24',NULL,'Creación inicial (IMPORTACION)','2025-11-22 04:39:24','2025-11-22 04:39:24'),(53,65,NULL,1,'2025-11-22 04:39:30',NULL,'Creación inicial (IMPORTACION)','2025-11-22 04:39:30','2025-11-22 04:39:30'),(54,66,NULL,1,'2025-11-22 04:39:35',NULL,'Creación inicial (IMPORTACION)','2025-11-22 04:39:35','2025-11-22 04:39:35'),(55,67,NULL,1,'2025-11-22 04:39:40',NULL,'Creación inicial (IMPORTACION)','2025-11-22 04:39:40','2025-11-22 04:39:40'),(56,68,NULL,1,'2025-11-22 04:39:46',NULL,'Creación inicial (IMPORTACION)','2025-11-22 04:39:46','2025-11-22 04:39:46'),(57,69,NULL,1,'2025-11-22 04:39:51',NULL,'Creación inicial (IMPORTACION)','2025-11-22 04:39:51','2025-11-22 04:39:51'),(58,70,NULL,1,'2025-11-22 04:39:56',NULL,'Creación inicial (IMPORTACION)','2025-11-22 04:39:56','2025-11-22 04:39:56'),(59,71,NULL,1,'2025-11-22 04:40:02',NULL,'Creación inicial (IMPORTACION)','2025-11-22 04:40:02','2025-11-22 04:40:02'),(60,72,NULL,1,'2025-11-22 04:40:07',NULL,'Creación inicial (IMPORTACION)','2025-11-22 04:40:07','2025-11-22 04:40:07'),(61,73,NULL,1,'2025-11-22 04:40:12',NULL,'Creación inicial (IMPORTACION)','2025-11-22 04:40:12','2025-11-22 04:40:12'),(62,74,NULL,1,'2025-11-22 04:40:18',NULL,'Creación inicial (IMPORTACION)','2025-11-22 04:40:18','2025-11-22 04:40:18'),(63,75,NULL,1,'2025-11-22 04:40:23',NULL,'Creación inicial (IMPORTACION)','2025-11-22 04:40:23','2025-11-22 04:40:23'),(64,76,NULL,1,'2025-11-22 04:40:28',NULL,'Creación inicial (IMPORTACION)','2025-11-22 04:40:28','2025-11-22 04:40:28'),(65,77,NULL,1,'2025-11-22 04:40:34',NULL,'Creación inicial (IMPORTACION)','2025-11-22 04:40:34','2025-11-22 04:40:34'),(66,78,NULL,1,'2025-11-22 04:40:39',NULL,'Creación inicial (IMPORTACION)','2025-11-22 04:40:39','2025-11-22 04:40:39'),(67,79,NULL,1,'2025-11-22 04:40:44',NULL,'Creación inicial (IMPORTACION)','2025-11-22 04:40:44','2025-11-22 04:40:44'),(68,80,NULL,1,'2025-11-22 04:40:50',NULL,'Creación inicial (IMPORTACION)','2025-11-22 04:40:50','2025-11-22 04:40:50'),(69,81,NULL,1,'2025-11-22 04:40:55',NULL,'Creación inicial (IMPORTACION)','2025-11-22 04:40:55','2025-11-22 04:40:55'),(70,82,NULL,1,'2025-11-22 04:41:00',NULL,'Creación inicial (IMPORTACION)','2025-11-22 04:41:00','2025-11-22 04:41:00'),(71,83,NULL,1,'2025-11-22 04:41:06',NULL,'Creación inicial (IMPORTACION)','2025-11-22 04:41:06','2025-11-22 04:41:06'),(72,84,NULL,1,'2025-11-22 04:41:11',NULL,'Creación inicial (IMPORTACION)','2025-11-22 04:41:11','2025-11-22 04:41:11'),(73,85,NULL,1,'2025-11-22 04:41:17',NULL,'Creación inicial (IMPORTACION)','2025-11-22 04:41:17','2025-11-22 04:41:17'),(74,86,NULL,1,'2025-11-22 04:41:22',NULL,'Creación inicial (IMPORTACION)','2025-11-22 04:41:22','2025-11-22 04:41:22'),(75,87,NULL,1,'2025-11-22 04:41:27',NULL,'Creación inicial (IMPORTACION)','2025-11-22 04:41:27','2025-11-22 04:41:27'),(76,88,NULL,1,'2025-11-22 04:41:33',NULL,'Creación inicial (IMPORTACION)','2025-11-22 04:41:33','2025-11-22 04:41:33'),(77,89,NULL,1,'2025-11-22 04:41:38',NULL,'Creación inicial (IMPORTACION)','2025-11-22 04:41:38','2025-11-22 04:41:38'),(78,90,NULL,1,'2025-11-22 04:55:42',NULL,'Creación inicial (IMPORTACION)','2025-11-22 04:55:42','2025-11-22 04:55:42'),(79,91,NULL,1,'2025-11-22 04:55:45',NULL,'Creación inicial (IMPORTACION)','2025-11-22 04:55:45','2025-11-22 04:55:45'),(80,92,NULL,1,'2025-11-22 04:55:47',NULL,'Creación inicial (IMPORTACION)','2025-11-22 04:55:47','2025-11-22 04:55:47'),(81,93,NULL,1,'2025-11-22 04:55:49',NULL,'Creación inicial (IMPORTACION)','2025-11-22 04:55:49','2025-11-22 04:55:49'),(82,94,NULL,1,'2025-11-22 04:55:52',NULL,'Creación inicial (IMPORTACION)','2025-11-22 04:55:52','2025-11-22 04:55:52'),(83,95,NULL,1,'2025-11-22 04:55:54',NULL,'Creación inicial (IMPORTACION)','2025-11-22 04:55:54','2025-11-22 04:55:54'),(84,96,NULL,1,'2025-11-22 04:55:56',NULL,'Creación inicial (IMPORTACION)','2025-11-22 04:55:56','2025-11-22 04:55:56'),(85,97,NULL,1,'2025-11-22 04:55:59',NULL,'Creación inicial (IMPORTACION)','2025-11-22 04:55:59','2025-11-22 04:55:59'),(86,98,NULL,1,'2025-11-22 04:56:01',NULL,'Creación inicial (IMPORTACION)','2025-11-22 04:56:01','2025-11-22 04:56:01'),(87,99,NULL,1,'2025-11-22 04:56:03',NULL,'Creación inicial (IMPORTACION)','2025-11-22 04:56:03','2025-11-22 04:56:03'),(88,100,NULL,1,'2025-11-22 04:56:06',NULL,'Creación inicial (IMPORTACION)','2025-11-22 04:56:06','2025-11-22 04:56:06'),(89,101,NULL,1,'2025-11-22 04:56:08',NULL,'Creación inicial (IMPORTACION)','2025-11-22 04:56:08','2025-11-22 04:56:08'),(90,102,NULL,1,'2025-11-22 04:56:11',NULL,'Creación inicial (IMPORTACION)','2025-11-22 04:56:11','2025-11-22 04:56:11'),(91,103,NULL,1,'2025-11-22 04:56:13',NULL,'Creación inicial (IMPORTACION)','2025-11-22 04:56:13','2025-11-22 04:56:13'),(92,104,NULL,1,'2025-11-22 04:56:15',NULL,'Creación inicial (IMPORTACION)','2025-11-22 04:56:15','2025-11-22 04:56:15'),(93,105,NULL,1,'2025-11-22 04:56:18',NULL,'Creación inicial (IMPORTACION)','2025-11-22 04:56:18','2025-11-22 04:56:18'),(94,106,NULL,1,'2025-11-22 04:56:20',NULL,'Creación inicial (IMPORTACION)','2025-11-22 04:56:20','2025-11-22 04:56:20'),(95,107,NULL,1,'2025-11-22 04:56:22',NULL,'Creación inicial (IMPORTACION)','2025-11-22 04:56:22','2025-11-22 04:56:22'),(96,108,NULL,1,'2025-11-22 04:56:25',NULL,'Creación inicial (IMPORTACION)','2025-11-22 04:56:25','2025-11-22 04:56:25'),(97,109,NULL,1,'2025-11-22 04:56:27',NULL,'Creación inicial (IMPORTACION)','2025-11-22 04:56:27','2025-11-22 04:56:27'),(98,110,NULL,1,'2025-11-22 04:56:29',NULL,'Creación inicial (IMPORTACION)','2025-11-22 04:56:29','2025-11-22 04:56:29'),(99,111,NULL,1,'2025-11-22 04:56:32',NULL,'Creación inicial (IMPORTACION)','2025-11-22 04:56:32','2025-11-22 04:56:32'),(100,112,NULL,1,'2025-11-22 04:56:34',NULL,'Creación inicial (IMPORTACION)','2025-11-22 04:56:34','2025-11-22 04:56:34'),(101,113,NULL,1,'2025-11-22 04:56:36',NULL,'Creación inicial (IMPORTACION)','2025-11-22 04:56:36','2025-11-22 04:56:36'),(102,114,NULL,1,'2025-11-22 04:56:39',NULL,'Creación inicial (IMPORTACION)','2025-11-22 04:56:39','2025-11-22 04:56:39'),(103,115,NULL,1,'2025-11-22 04:56:41',NULL,'Creación inicial (IMPORTACION)','2025-11-22 04:56:41','2025-11-22 04:56:41'),(104,116,NULL,1,'2025-11-22 04:56:44',NULL,'Creación inicial (IMPORTACION)','2025-11-22 04:56:44','2025-11-22 04:56:44'),(105,117,NULL,1,'2025-11-22 04:56:46',NULL,'Creación inicial (IMPORTACION)','2025-11-22 04:56:46','2025-11-22 04:56:46'),(108,120,NULL,1,'2025-11-22 16:59:45',NULL,'Creación inicial (IMPORTACION)','2025-11-22 16:59:45','2025-11-22 16:59:45'),(109,121,NULL,1,'2025-11-22 16:59:51',NULL,'Creación inicial (IMPORTACION)','2025-11-22 16:59:51','2025-11-22 16:59:51'),(110,122,NULL,1,'2025-11-22 16:59:57',NULL,'Creación inicial (IMPORTACION)','2025-11-22 16:59:57','2025-11-22 16:59:57'),(111,123,NULL,1,'2025-11-22 17:00:02',NULL,'Creación inicial (IMPORTACION)','2025-11-22 17:00:02','2025-11-22 17:00:02'),(112,124,NULL,1,'2025-11-22 17:00:08',NULL,'Creación inicial (IMPORTACION)','2025-11-22 17:00:08','2025-11-22 17:00:08'),(113,125,NULL,1,'2025-11-22 17:00:14',NULL,'Creación inicial (IMPORTACION)','2025-11-22 17:00:14','2025-11-22 17:00:14'),(114,126,NULL,1,'2025-11-22 17:00:20',NULL,'Creación inicial (IMPORTACION)','2025-11-22 17:00:20','2025-11-22 17:00:20'),(115,127,NULL,1,'2025-11-22 17:00:26',NULL,'Creación inicial (IMPORTACION)','2025-11-22 17:00:26','2025-11-22 17:00:26'),(116,128,NULL,1,'2025-11-22 17:00:32',NULL,'Creación inicial (IMPORTACION)','2025-11-22 17:00:32','2025-11-22 17:00:32'),(117,129,NULL,1,'2025-11-22 17:00:38',NULL,'Creación inicial (IMPORTACION)','2025-11-22 17:00:38','2025-11-22 17:00:38'),(118,130,NULL,1,'2025-11-22 17:00:44',NULL,'Creación inicial (IMPORTACION)','2025-11-22 17:00:44','2025-11-22 17:00:44'),(119,131,NULL,1,'2025-11-22 17:00:50',NULL,'Creación inicial (IMPORTACION)','2025-11-22 17:00:50','2025-11-22 17:00:50'),(120,132,NULL,1,'2025-11-22 17:00:55',NULL,'Creación inicial (IMPORTACION)','2025-11-22 17:00:55','2025-11-22 17:00:55'),(121,133,NULL,1,'2025-11-22 17:01:01',NULL,'Creación inicial (IMPORTACION)','2025-11-22 17:01:01','2025-11-22 17:01:01'),(122,134,NULL,1,'2025-11-22 17:01:07',NULL,'Creación inicial (IMPORTACION)','2025-11-22 17:01:07','2025-11-22 17:01:07'),(123,135,NULL,1,'2025-11-22 17:01:13',NULL,'Creación inicial (IMPORTACION)','2025-11-22 17:01:13','2025-11-22 17:01:13'),(124,136,NULL,1,'2025-11-22 17:01:19',NULL,'Creación inicial (IMPORTACION)','2025-11-22 17:01:19','2025-11-22 17:01:19'),(125,137,NULL,1,'2025-11-22 17:01:25',NULL,'Creación inicial (IMPORTACION)','2025-11-22 17:01:25','2025-11-22 17:01:25'),(126,138,NULL,1,'2025-11-22 17:01:31',NULL,'Creación inicial (IMPORTACION)','2025-11-22 17:01:31','2025-11-22 17:01:31'),(127,139,NULL,1,'2025-11-22 17:01:37',NULL,'Creación inicial (IMPORTACION)','2025-11-22 17:01:37','2025-11-22 17:01:37'),(128,140,NULL,1,'2025-11-22 17:01:43',NULL,'Creación inicial (IMPORTACION)','2025-11-22 17:01:43','2025-11-22 17:01:43'),(129,141,NULL,1,'2025-11-22 17:01:48',NULL,'Creación inicial (IMPORTACION)','2025-11-22 17:01:48','2025-11-22 17:01:48'),(130,142,NULL,1,'2025-11-22 17:01:54',NULL,'Creación inicial (IMPORTACION)','2025-11-22 17:01:54','2025-11-22 17:01:54'),(131,143,NULL,1,'2025-11-22 17:02:00',NULL,'Creación inicial (IMPORTACION)','2025-11-22 17:02:00','2025-11-22 17:02:00'),(132,144,NULL,1,'2025-11-22 17:02:06',NULL,'Creación inicial (IMPORTACION)','2025-11-22 17:02:06','2025-11-22 17:02:06'),(133,145,NULL,1,'2025-11-22 17:02:12',NULL,'Creación inicial (IMPORTACION)','2025-11-22 17:02:12','2025-11-22 17:02:12'),(134,146,NULL,1,'2025-11-22 17:02:18',NULL,'Creación inicial (IMPORTACION)','2025-11-22 17:02:18','2025-11-22 17:02:18'),(135,147,NULL,1,'2025-11-22 17:02:24',NULL,'Creación inicial (IMPORTACION)','2025-11-22 17:02:24','2025-11-22 17:02:24'),(136,148,NULL,1,'2025-11-22 17:02:30',NULL,'Creación inicial (IMPORTACION)','2025-11-22 17:02:30','2025-11-22 17:02:30'),(137,149,NULL,1,'2025-11-22 17:02:36',NULL,'Creación inicial (IMPORTACION)','2025-11-22 17:02:36','2025-11-22 17:02:36'),(138,150,NULL,1,'2025-11-22 17:22:05',NULL,'Creación inicial (IMPORTACION)','2025-11-22 17:22:05','2025-11-22 17:22:05'),(139,151,NULL,1,'2025-11-22 17:22:11',NULL,'Creación inicial (IMPORTACION)','2025-11-22 17:22:11','2025-11-22 17:22:11'),(140,152,NULL,1,'2025-11-22 17:22:17',NULL,'Creación inicial (IMPORTACION)','2025-11-22 17:22:17','2025-11-22 17:22:17'),(141,153,NULL,1,'2025-11-22 17:22:23',NULL,'Creación inicial (IMPORTACION)','2025-11-22 17:22:23','2025-11-22 17:22:23'),(142,154,NULL,1,'2025-11-22 17:22:29',NULL,'Creación inicial (IMPORTACION)','2025-11-22 17:22:29','2025-11-22 17:22:29'),(143,155,NULL,1,'2025-11-22 17:22:35',NULL,'Creación inicial (IMPORTACION)','2025-11-22 17:22:35','2025-11-22 17:22:35'),(144,156,NULL,1,'2025-11-22 17:22:41',NULL,'Creación inicial (IMPORTACION)','2025-11-22 17:22:41','2025-11-22 17:22:41'),(145,157,NULL,1,'2025-11-22 17:22:47',NULL,'Creación inicial (IMPORTACION)','2025-11-22 17:22:47','2025-11-22 17:22:47'),(146,158,NULL,1,'2025-11-22 17:22:53',NULL,'Creación inicial (IMPORTACION)','2025-11-22 17:22:53','2025-11-22 17:22:53'),(147,159,NULL,1,'2025-11-22 17:22:59',NULL,'Creación inicial (IMPORTACION)','2025-11-22 17:22:59','2025-11-22 17:22:59'),(148,160,NULL,1,'2025-11-22 17:23:05',NULL,'Creación inicial (IMPORTACION)','2025-11-22 17:23:05','2025-11-22 17:23:05'),(149,161,NULL,1,'2025-11-22 17:23:11',NULL,'Creación inicial (IMPORTACION)','2025-11-22 17:23:11','2025-11-22 17:23:11'),(150,162,NULL,1,'2025-11-22 17:23:17',NULL,'Creación inicial (IMPORTACION)','2025-11-22 17:23:17','2025-11-22 17:23:17'),(151,163,NULL,1,'2025-11-22 17:23:24',NULL,'Creación inicial (IMPORTACION)','2025-11-22 17:23:24','2025-11-22 17:23:24'),(152,164,NULL,1,'2025-11-22 17:23:30',NULL,'Creación inicial (IMPORTACION)','2025-11-22 17:23:30','2025-11-22 17:23:30'),(153,165,NULL,1,'2025-11-22 17:27:49',NULL,'Creación inicial (IMPORTACION)','2025-11-22 17:27:49','2025-11-22 17:27:49'),(154,166,NULL,1,'2025-11-22 17:27:55',NULL,'Creación inicial (IMPORTACION)','2025-11-22 17:27:55','2025-11-22 17:27:55'),(155,167,NULL,1,'2025-11-22 17:28:01',NULL,'Creación inicial (IMPORTACION)','2025-11-22 17:28:01','2025-11-22 17:28:01'),(156,168,NULL,1,'2025-11-22 17:28:07',NULL,'Creación inicial (IMPORTACION)','2025-11-22 17:28:07','2025-11-22 17:28:07'),(157,169,NULL,1,'2025-11-22 17:28:13',NULL,'Creación inicial (IMPORTACION)','2025-11-22 17:28:13','2025-11-22 17:28:13'),(158,170,NULL,1,'2025-11-22 17:28:20',NULL,'Creación inicial (IMPORTACION)','2025-11-22 17:28:20','2025-11-22 17:28:20'),(159,171,NULL,1,'2025-11-22 17:28:26',NULL,'Creación inicial (IMPORTACION)','2025-11-22 17:28:26','2025-11-22 17:28:26'),(160,172,NULL,1,'2025-11-22 17:28:32',NULL,'Creación inicial (IMPORTACION)','2025-11-22 17:28:32','2025-11-22 17:28:32'),(161,173,NULL,1,'2025-11-22 17:28:38',NULL,'Creación inicial (IMPORTACION)','2025-11-22 17:28:38','2025-11-22 17:28:38'),(162,174,NULL,1,'2025-11-22 17:28:45',NULL,'Creación inicial (IMPORTACION)','2025-11-22 17:28:45','2025-11-22 17:28:45'),(163,175,NULL,2,'2025-11-22 21:08:58',NULL,'Creación inicial (IMPORTACION)','2025-11-22 21:08:58','2025-11-22 21:08:58'),(164,176,NULL,2,'2025-11-22 21:09:03',NULL,'Creación inicial (IMPORTACION)','2025-11-22 21:09:03','2025-11-22 21:09:03'),(165,177,NULL,2,'2025-11-22 21:09:09',NULL,'Creación inicial (IMPORTACION)','2025-11-22 21:09:09','2025-11-22 21:09:09'),(166,178,NULL,2,'2025-11-22 21:09:14',NULL,'Creación inicial (IMPORTACION)','2025-11-22 21:09:14','2025-11-22 21:09:14'),(167,179,NULL,2,'2025-11-22 21:09:19',NULL,'Creación inicial (IMPORTACION)','2025-11-22 21:09:19','2025-11-22 21:09:19'),(168,180,NULL,2,'2025-11-22 21:09:24',NULL,'Creación inicial (IMPORTACION)','2025-11-22 21:09:24','2025-11-22 21:09:24'),(169,181,NULL,2,'2025-11-22 21:09:30',NULL,'Creación inicial (IMPORTACION)','2025-11-22 21:09:30','2025-11-22 21:09:30'),(193,203,NULL,2,'2025-11-23 01:49:48',NULL,'Creación inicial (IMPORTACION)','2025-11-23 01:49:48','2025-11-23 01:49:48'),(194,204,NULL,2,'2025-11-23 01:49:55',NULL,'Creación inicial (IMPORTACION)','2025-11-23 01:49:55','2025-11-23 01:49:55'),(195,205,NULL,2,'2025-11-23 01:50:01',NULL,'Creación inicial (IMPORTACION)','2025-11-23 01:50:01','2025-11-23 01:50:01'),(196,206,NULL,2,'2025-11-23 01:50:08',NULL,'Creación inicial (IMPORTACION)','2025-11-23 01:50:08','2025-11-23 01:50:08'),(197,207,NULL,2,'2025-11-23 01:50:14',NULL,'Creación inicial (IMPORTACION)','2025-11-23 01:50:14','2025-11-23 01:50:14'),(198,208,NULL,2,'2025-11-23 01:50:20',NULL,'Creación inicial (IMPORTACION)','2025-11-23 01:50:20','2025-11-23 01:50:20'),(199,209,NULL,2,'2025-11-23 01:50:26',NULL,'Creación inicial (IMPORTACION)','2025-11-23 01:50:26','2025-11-23 01:50:26'),(200,210,NULL,2,'2025-11-23 01:50:33',NULL,'Creación inicial (IMPORTACION)','2025-11-23 01:50:33','2025-11-23 01:50:33'),(201,211,NULL,2,'2025-11-23 01:50:39',NULL,'Creación inicial (IMPORTACION)','2025-11-23 01:50:39','2025-11-23 01:50:39'),(202,212,NULL,2,'2025-11-23 01:50:45',NULL,'Creación inicial (IMPORTACION)','2025-11-23 01:50:45','2025-11-23 01:50:45'),(203,213,NULL,2,'2025-11-23 01:50:51',NULL,'Creación inicial (IMPORTACION)','2025-11-23 01:50:51','2025-11-23 01:50:51'),(204,214,NULL,2,'2025-11-23 01:50:58',NULL,'Creación inicial (IMPORTACION)','2025-11-23 01:50:58','2025-11-23 01:50:58'),(205,215,NULL,2,'2025-11-23 01:51:04',NULL,'Creación inicial (IMPORTACION)','2025-11-23 01:51:04','2025-11-23 01:51:04'),(206,216,NULL,2,'2025-11-23 01:51:10',NULL,'Creación inicial (IMPORTACION)','2025-11-23 01:51:10','2025-11-23 01:51:10'),(207,217,NULL,2,'2025-11-23 01:51:16',NULL,'Creación inicial (IMPORTACION)','2025-11-23 01:51:16','2025-11-23 01:51:16'),(208,218,NULL,2,'2025-11-23 01:51:22',NULL,'Creación inicial (IMPORTACION)','2025-11-23 01:51:22','2025-11-23 01:51:22'),(209,219,NULL,2,'2025-11-23 01:51:29',NULL,'Creación inicial (IMPORTACION)','2025-11-23 01:51:29','2025-11-23 01:51:29'),(210,220,NULL,2,'2025-11-23 01:51:35',NULL,'Creación inicial (IMPORTACION)','2025-11-23 01:51:35','2025-11-23 01:51:35'),(211,221,NULL,2,'2025-11-23 01:51:41',NULL,'Creación inicial (IMPORTACION)','2025-11-23 01:51:41','2025-11-23 01:51:41'),(212,222,NULL,2,'2025-11-23 01:51:47',NULL,'Creación inicial (IMPORTACION)','2025-11-23 01:51:47','2025-11-23 01:51:47'),(213,223,NULL,2,'2025-11-23 01:51:53',NULL,'Creación inicial (IMPORTACION)','2025-11-23 01:51:53','2025-11-23 01:51:53'),(214,224,NULL,2,'2025-11-23 01:51:59',NULL,'Creación inicial (IMPORTACION)','2025-11-23 01:51:59','2025-11-23 01:51:59'),(215,225,NULL,2,'2025-11-23 01:52:06',NULL,'Creación inicial (IMPORTACION)','2025-11-23 01:52:06','2025-11-23 01:52:06'),(216,226,NULL,2,'2025-11-23 01:52:12',NULL,'Creación inicial (IMPORTACION)','2025-11-23 01:52:12','2025-11-23 01:52:12'),(217,227,NULL,2,'2025-11-23 01:52:18',NULL,'Creación inicial (IMPORTACION)','2025-11-23 01:52:18','2025-11-23 01:52:18'),(218,228,NULL,2,'2025-11-23 01:52:24',NULL,'Creación inicial (IMPORTACION)','2025-11-23 01:52:24','2025-11-23 01:52:24'),(219,229,NULL,2,'2025-11-23 01:52:31',NULL,'Creación inicial (IMPORTACION)','2025-11-23 01:52:31','2025-11-23 01:52:31'),(220,230,NULL,2,'2025-11-23 01:52:37',NULL,'Creación inicial (IMPORTACION)','2025-11-23 01:52:37','2025-11-23 01:52:37'),(221,231,NULL,2,'2025-11-23 01:52:43',NULL,'Creación inicial (IMPORTACION)','2025-11-23 01:52:43','2025-11-23 01:52:43'),(222,232,NULL,2,'2025-11-23 01:52:49',NULL,'Creación inicial (IMPORTACION)','2025-11-23 01:52:49','2025-11-23 01:52:49'),(223,233,NULL,1,'2025-11-23 04:07:36',NULL,'Creación inicial (WEB)','2025-11-23 04:07:36','2025-11-23 04:07:36'),(224,234,NULL,1,'2025-11-23 04:36:02',NULL,'Creación inicial (WEB)','2025-11-23 04:36:02','2025-11-23 04:36:02'),(226,236,NULL,1,'2025-12-04 05:18:33',NULL,'Creación inicial (WEB)','2025-12-04 05:18:33','2025-12-04 05:18:33'),(227,237,NULL,1,'2025-12-04 14:09:56',NULL,'Creación inicial (WEB)','2025-12-04 14:09:56','2025-12-04 14:09:56'),(229,239,NULL,1,'2025-12-04 15:27:19',NULL,'Creación inicial (WEB)','2025-12-04 15:27:19','2025-12-04 15:27:19'),(230,240,NULL,2,'2025-12-04 15:56:19',NULL,'Creación inicial (IMPORTACION)','2025-12-04 15:56:19','2025-12-04 15:56:19'),(231,241,NULL,2,'2025-12-04 15:56:21',NULL,'Creación inicial (IMPORTACION)','2025-12-04 15:56:21','2025-12-04 15:56:21'),(232,242,NULL,2,'2025-12-04 15:56:22',NULL,'Creación inicial (IMPORTACION)','2025-12-04 15:56:22','2025-12-04 15:56:22'),(233,243,NULL,2,'2025-12-04 15:56:24',NULL,'Creación inicial (IMPORTACION)','2025-12-04 15:56:24','2025-12-04 15:56:24'),(234,244,NULL,2,'2025-12-04 15:56:25',NULL,'Creación inicial (IMPORTACION)','2025-12-04 15:56:25','2025-12-04 15:56:25'),(235,245,NULL,2,'2025-12-04 15:56:27',NULL,'Creación inicial (IMPORTACION)','2025-12-04 15:56:27','2025-12-04 15:56:27'),(236,246,NULL,2,'2025-12-04 15:56:28',NULL,'Creación inicial (IMPORTACION)','2025-12-04 15:56:28','2025-12-04 15:56:28'),(237,247,NULL,2,'2025-12-04 15:56:30',NULL,'Creación inicial (IMPORTACION)','2025-12-04 15:56:30','2025-12-04 15:56:30'),(238,248,NULL,2,'2025-12-04 15:56:31',NULL,'Creación inicial (IMPORTACION)','2025-12-04 15:56:31','2025-12-04 15:56:31'),(239,249,NULL,2,'2025-12-04 15:56:33',NULL,'Creación inicial (IMPORTACION)','2025-12-04 15:56:33','2025-12-04 15:56:33'),(240,239,1,3,'2025-12-04 15:57:40',NULL,'Es muy mayor para usar un telefono','2025-12-04 15:57:40','2025-12-04 15:57:40'),(241,239,3,2,'2025-12-04 16:02:51',NULL,'Demostró habilidades motoras capaces de manejar un telefono sin que se caiga por el parkinson','2025-12-04 16:02:51','2025-12-04 16:02:51'),(242,237,1,3,'2025-12-04 16:35:48',NULL,'porque si','2025-12-04 16:35:48','2025-12-04 16:35:48'),(243,250,NULL,1,'2025-12-04 16:49:25',NULL,'Creación inicial (WEB)','2025-12-04 16:49:25','2025-12-04 16:49:25'),(244,251,NULL,1,'2025-12-04 18:12:58',NULL,'Creación inicial (WEB)','2025-12-04 18:12:58','2025-12-04 18:12:58'),(245,251,1,2,'2025-12-04 18:13:40',NULL,'sapaso','2025-12-04 18:13:40','2025-12-04 18:13:40'),(246,252,NULL,1,'2025-12-04 22:15:44',NULL,'Creación inicial (WEB)','2025-12-04 22:15:44','2025-12-04 22:15:44'),(247,253,NULL,1,'2025-12-04 22:30:48',NULL,'Creación inicial (WEB)','2025-12-04 22:30:48','2025-12-04 22:30:48'),(248,254,NULL,1,'2025-12-05 19:50:52',NULL,'Creación inicial (WEB)','2025-12-05 19:50:52','2025-12-05 19:50:52');
/*!40000 ALTER TABLE `historial_estado_lead` ENABLE KEYS */;
UNLOCK TABLES;

--
-- Table structure for table `interacciones_log`
--

DROP TABLE IF EXISTS `interacciones_log`;
/*!40101 SET @saved_cs_client     = @@character_set_client */;
/*!50503 SET character_set_client = utf8mb4 */;
CREATE TABLE `interacciones_log` (
  `id` int NOT NULL AUTO_INCREMENT,
  `id_campana_mailing` int NOT NULL,
  `id_tipo_evento` int NOT NULL,
  `id_contacto_crm` int NOT NULL,
  `fecha_evento` timestamp NOT NULL DEFAULT CURRENT_TIMESTAMP,
  PRIMARY KEY (`id`),
  KEY `fk_log_tipo_evento` (`id_tipo_evento`),
  KEY `idx_logs_campana_id` (`id_campana_mailing`),
  KEY `idx_logs_contacto_evento` (`id_contacto_crm`,`id_tipo_evento`),
  CONSTRAINT `fk_log_campana` FOREIGN KEY (`id_campana_mailing`) REFERENCES `campanas_mailing` (`id`) ON DELETE CASCADE,
  CONSTRAINT `fk_log_tipo_evento` FOREIGN KEY (`id_tipo_evento`) REFERENCES `cat_tipos_interaccion` (`id`)
) ENGINE=InnoDB AUTO_INCREMENT=18 DEFAULT CHARSET=utf8mb4 COLLATE=utf8mb4_0900_ai_ci;
/*!40101 SET character_set_client = @saved_cs_client */;

--
-- Dumping data for table `interacciones_log`
--

LOCK TABLES `interacciones_log` WRITE;
/*!40000 ALTER TABLE `interacciones_log` DISABLE KEYS */;
INSERT INTO `interacciones_log` VALUES (1,9,2,239,'2025-12-04 18:10:24'),(2,11,2,239,'2025-12-04 19:31:02'),(3,12,2,239,'2025-12-05 14:43:36'),(4,13,2,239,'2025-12-05 15:28:04'),(5,14,2,239,'2025-12-05 16:00:27'),(6,17,1,239,'2025-12-06 01:37:19'),(7,17,2,239,'2025-12-06 01:44:54'),(8,19,1,239,'2025-12-06 05:14:33'),(9,19,2,239,'2025-12-06 05:14:46'),(10,20,1,239,'2025-12-06 06:07:44'),(11,20,2,239,'2025-12-06 06:07:58'),(12,21,1,239,'2025-12-06 06:47:36'),(13,21,2,239,'2025-12-06 06:47:42'),(14,22,1,239,'2025-12-06 07:16:26'),(15,22,2,239,'2025-12-06 07:16:40'),(16,23,1,239,'2025-12-06 08:07:12'),(17,23,2,239,'2025-12-06 08:07:21');
/*!40000 ALTER TABLE `interacciones_log` ENABLE KEYS */;
UNLOCK TABLES;

--
-- Table structure for table `leads`
--

DROP TABLE IF EXISTS `leads`;
/*!40101 SET @saved_cs_client     = @@character_set_client */;
/*!50503 SET character_set_client = utf8mb4 */;
CREATE TABLE `leads` (
  `lead_id` bigint NOT NULL AUTO_INCREMENT,
  `nombre_completo` varchar(255) DEFAULT NULL,
  `email` varchar(255) NOT NULL COMMENT 'Clave lógica de deduplicación',
  `telefono` varchar(255) DEFAULT NULL,
  `fecha_creacion` datetime NOT NULL DEFAULT CURRENT_TIMESTAMP,
  `estado_lead_id` int NOT NULL,
  `utm_source` varchar(255) DEFAULT NULL,
  `utm_medium` varchar(255) DEFAULT NULL,
  `utm_campaign` varchar(255) DEFAULT NULL,
  `utm_term` varchar(255) DEFAULT NULL,
  `utm_content` varchar(255) DEFAULT NULL,
  `distrito_id` varchar(6) DEFAULT NULL,
  `edad` int DEFAULT NULL,
  `genero` varchar(255) DEFAULT NULL,
  `estado_civil` varchar(255) DEFAULT NULL,
  `nivel_educativo` varchar(255) DEFAULT NULL,
  `fuente_tipo` varchar(31) NOT NULL,
  `envio_formulario_id` bigint DEFAULT NULL,
  `registro_importado_id` bigint DEFAULT NULL,
  `created_at` datetime NOT NULL DEFAULT CURRENT_TIMESTAMP,
  `updated_at` datetime NOT NULL DEFAULT CURRENT_TIMESTAMP ON UPDATE CURRENT_TIMESTAMP,
  PRIMARY KEY (`lead_id`),
  UNIQUE KEY `email_UNIQUE` (`email`),
  UNIQUE KEY `telefono_UNIQUE` (`telefono`),
  KEY `fk_lead_distrito` (`distrito_id`),
  KEY `fk_lead_envio_formulario` (`envio_formulario_id`),
  KEY `fk_lead_registro_importado` (`registro_importado_id`),
  KEY `idx_leads_estado` (`estado_lead_id`),
  KEY `idx_leads_email` (`email`),
  KEY `idx_leads_telefono` (`telefono`),
  KEY `idx_leads_nombre` (`nombre_completo`),
  KEY `idx_leads_fuente` (`fuente_tipo`),
  FULLTEXT KEY `idx_fulltext_search` (`nombre_completo`,`email`,`telefono`),
  CONSTRAINT `fk_lead_distrito` FOREIGN KEY (`distrito_id`) REFERENCES `distritos` (`id_distrito`) ON DELETE SET NULL,
  CONSTRAINT `fk_lead_envio_formulario` FOREIGN KEY (`envio_formulario_id`) REFERENCES `envios_formulario` (`envio_id`) ON DELETE SET NULL,
  CONSTRAINT `fk_lead_estado` FOREIGN KEY (`estado_lead_id`) REFERENCES `estados_lead` (`estado_lead_id`),
  CONSTRAINT `fk_lead_registro_importado` FOREIGN KEY (`registro_importado_id`) REFERENCES `registros_importados` (`registro_id`) ON DELETE SET NULL
) ENGINE=InnoDB AUTO_INCREMENT=255 DEFAULT CHARSET=utf8mb4 COLLATE=utf8mb4_0900_ai_ci COMMENT='Tabla principal de Leads (Golden Record)';
/*!40101 SET character_set_client = @saved_cs_client */;

--
-- Dumping data for table `leads`
--

LOCK TABLES `leads` WRITE;
/*!40000 ALTER TABLE `leads` DISABLE KEYS */;
INSERT INTO `leads` VALUES (1,'Juan Perez','juan.perez@gmail.com','999000111','2025-11-21 17:25:39',2,'facebook',NULL,'verano_2025',NULL,NULL,'150101',NULL,NULL,NULL,NULL,'WEB',1,NULL,'2025-11-21 17:25:39','2025-11-21 21:08:12'),(2,'Maria Empresa S.A.C.','contacto@mariaempresa.com','911111111','2025-11-19 17:25:46',2,NULL,NULL,NULL,NULL,NULL,'150131',NULL,NULL,NULL,NULL,'IMPORTACION',NULL,NULL,'2025-11-21 17:25:46','2025-11-22 01:59:59'),(3,'Curioso Sin Interés','spam@prueba.com','000000','2025-11-16 17:25:51',3,NULL,NULL,NULL,NULL,NULL,NULL,NULL,NULL,NULL,NULL,'WEB',NULL,NULL,'2025-11-21 17:25:51','2025-11-21 17:25:51'),(14,'Carlos Importado','carlos.import@empresa.com','999111222','2025-11-22 00:12:33',1,'IMPORTACION','ARCHIVO_EXCEL','LOTE_16',NULL,NULL,'150101',28,'M',NULL,NULL,'IMPORTACION',NULL,25,'2025-11-22 00:12:33','2025-11-22 02:13:51'),(15,'Lucia Excel','lucia.excel@empresa.com','988777666','2025-11-22 00:12:37',1,'IMPORTACION','ARCHIVO_EXCEL','LOTE_16',NULL,NULL,'150122',35,'F',NULL,NULL,'IMPORTACION',NULL,26,'2025-11-22 00:12:38','2025-11-22 02:13:55'),(24,'Aldana Chavez','aldana@gmail.com','987654321','2025-11-22 01:42:35',2,'INTERNO','FORMULARIO_INTRANET','GESTION_OPERATIVA',NULL,NULL,'150111',21,NULL,NULL,NULL,'WEB',2,NULL,'2025-11-22 01:42:35','2025-11-22 04:03:01'),(56,'Lead Sin Distrito','sindistrito@prueba.com','900000000','2025-11-22 03:54:06',1,'IMPORTACION','ARCHIVO_EXCEL','LOTE_24',NULL,NULL,NULL,40,'M',NULL,NULL,'IMPORTACION',NULL,202,'2025-11-22 03:54:06','2025-11-22 03:54:06'),(57,'Maria San Isidro','maria.si@empresa.com','977666555','2025-11-22 03:54:10',1,'IMPORTACION','ARCHIVO_EXCEL','LOTE_24',NULL,NULL,'150131',29,'F',NULL,NULL,'IMPORTACION',NULL,203,'2025-11-22 03:54:11','2025-11-22 03:54:11'),(59,'Lead Arequipa','arequipa@prueba.com','988000222','2025-11-22 04:14:29',1,'IMPORTACION','ARCHIVO_EXCEL','LOTE_26',NULL,NULL,'040101',25,'F',NULL,NULL,'IMPORTACION',NULL,207,'2025-11-22 04:14:31','2025-11-22 04:14:31'),(60,'Carlos Torres 1','cliente.prueba.1@empresa.com','900001783','2025-11-22 04:39:02',1,'IMPORTACION','ARCHIVO_EXCEL','LOTE_27',NULL,NULL,'150101',39,'M',NULL,NULL,'IMPORTACION',NULL,208,'2025-11-22 04:39:03','2025-11-22 04:39:03'),(61,'Sofia Torres 2','cliente.prueba.2@empresa.com','900002529','2025-11-22 04:39:07',1,'IMPORTACION','ARCHIVO_EXCEL','LOTE_27',NULL,NULL,'150114',23,'F',NULL,NULL,'IMPORTACION',NULL,209,'2025-11-22 04:39:08','2025-11-22 04:39:08'),(62,'Sofia Ramos 3','cliente.prueba.3@empresa.com','900003878','2025-11-22 04:39:12',1,'IMPORTACION','ARCHIVO_EXCEL','LOTE_27',NULL,NULL,'150131',31,'F',NULL,NULL,'IMPORTACION',NULL,210,'2025-11-22 04:39:13','2025-11-22 04:39:13'),(63,'Sofia Castillo 4','cliente.prueba.4@empresa.com','900004448','2025-11-22 04:39:18',1,'IMPORTACION','ARCHIVO_EXCEL','LOTE_27',NULL,NULL,'150140',53,'F',NULL,NULL,'IMPORTACION',NULL,211,'2025-11-22 04:39:19','2025-11-22 04:39:19'),(64,'Ana Ramos 5','cliente.prueba.5@empresa.com','900005826','2025-11-22 04:39:23',1,'IMPORTACION','ARCHIVO_EXCEL','LOTE_27',NULL,NULL,'150101',35,'M',NULL,NULL,'IMPORTACION',NULL,212,'2025-11-22 04:39:24','2025-11-22 04:39:24'),(65,'Sofia Soto 6','cliente.prueba.6@empresa.com','900006851','2025-11-22 04:39:28',1,'IMPORTACION','ARCHIVO_EXCEL','LOTE_27',NULL,NULL,'150140',53,'M',NULL,NULL,'IMPORTACION',NULL,213,'2025-11-22 04:39:29','2025-11-22 04:39:29'),(66,'Sofia Castillo 7','cliente.prueba.7@empresa.com','900007665','2025-11-22 04:39:34',1,'IMPORTACION','ARCHIVO_EXCEL','LOTE_27',NULL,NULL,'150101',22,'M',NULL,NULL,'IMPORTACION',NULL,214,'2025-11-22 04:39:35','2025-11-22 04:39:35'),(67,'Ana Ramos 8','cliente.prueba.8@empresa.com','900008700','2025-11-22 04:39:39',1,'IMPORTACION','ARCHIVO_EXCEL','LOTE_27',NULL,NULL,'150101',59,'F',NULL,NULL,'IMPORTACION',NULL,215,'2025-11-22 04:39:40','2025-11-22 04:39:40'),(68,'Elena Ramos 9','cliente.prueba.9@empresa.com','900009638','2025-11-22 04:39:44',1,'IMPORTACION','ARCHIVO_EXCEL','LOTE_27',NULL,NULL,'150131',59,'F',NULL,NULL,'IMPORTACION',NULL,216,'2025-11-22 04:39:45','2025-11-22 04:39:45'),(69,'Ana Diaz 10','cliente.prueba.10@empresa.com','900010301','2025-11-22 04:39:50',1,'IMPORTACION','ARCHIVO_EXCEL','LOTE_27',NULL,NULL,'150122',33,'M',NULL,NULL,'IMPORTACION',NULL,217,'2025-11-22 04:39:51','2025-11-22 04:39:51'),(70,'Miguel Torres 11','cliente.prueba.11@empresa.com','900011337','2025-11-22 04:39:55',1,'IMPORTACION','ARCHIVO_EXCEL','LOTE_27',NULL,NULL,'150131',34,'F',NULL,NULL,'IMPORTACION',NULL,218,'2025-11-22 04:39:56','2025-11-22 04:39:56'),(71,'Luis Flores 12','cliente.prueba.12@empresa.com','900012415','2025-11-22 04:40:00',1,'IMPORTACION','ARCHIVO_EXCEL','LOTE_27',NULL,NULL,'150101',32,'M',NULL,NULL,'IMPORTACION',NULL,219,'2025-11-22 04:40:01','2025-11-22 04:40:01'),(72,'Lucia Castillo 13','cliente.prueba.13@empresa.com','900013168','2025-11-22 04:40:06',1,'IMPORTACION','ARCHIVO_EXCEL','LOTE_27',NULL,NULL,'150131',25,'F',NULL,NULL,'IMPORTACION',NULL,220,'2025-11-22 04:40:07','2025-11-22 04:40:07'),(73,'Luis Ramos 14','cliente.prueba.14@empresa.com','900014483','2025-11-22 04:40:11',1,'IMPORTACION','ARCHIVO_EXCEL','LOTE_27',NULL,NULL,'150114',25,'F',NULL,NULL,'IMPORTACION',NULL,221,'2025-11-22 04:40:12','2025-11-22 04:40:12'),(74,'Lucia Vargas 15','cliente.prueba.15@empresa.com','900015352','2025-11-22 04:40:16',1,'IMPORTACION','ARCHIVO_EXCEL','LOTE_27',NULL,NULL,'150140',55,'F',NULL,NULL,'IMPORTACION',NULL,222,'2025-11-22 04:40:17','2025-11-22 04:40:17'),(75,'Maria Rojas 16','cliente.prueba.16@empresa.com','900016653','2025-11-22 04:40:22',1,'IMPORTACION','ARCHIVO_EXCEL','LOTE_27',NULL,NULL,'150101',59,'M',NULL,NULL,'IMPORTACION',NULL,223,'2025-11-22 04:40:23','2025-11-22 04:40:23'),(76,'Luis Castillo 17','cliente.prueba.17@empresa.com','900017329','2025-11-22 04:40:27',1,'IMPORTACION','ARCHIVO_EXCEL','LOTE_27',NULL,NULL,'150101',43,'F',NULL,NULL,'IMPORTACION',NULL,224,'2025-11-22 04:40:28','2025-11-22 04:40:28'),(77,'Ana Ramos 18','cliente.prueba.18@empresa.com','900018720','2025-11-22 04:40:32',1,'IMPORTACION','ARCHIVO_EXCEL','LOTE_27',NULL,NULL,'150101',57,'M',NULL,NULL,'IMPORTACION',NULL,225,'2025-11-22 04:40:33','2025-11-22 04:40:33'),(78,'Carlos Flores 19','cliente.prueba.19@empresa.com','900019242','2025-11-22 04:40:38',1,'IMPORTACION','ARCHIVO_EXCEL','LOTE_27',NULL,NULL,'150101',33,'M',NULL,NULL,'IMPORTACION',NULL,226,'2025-11-22 04:40:39','2025-11-22 04:40:39'),(79,'Elena Ramos 20','cliente.prueba.20@empresa.com','900020659','2025-11-22 04:40:43',1,'IMPORTACION','ARCHIVO_EXCEL','LOTE_27',NULL,NULL,'150131',53,'F',NULL,NULL,'IMPORTACION',NULL,227,'2025-11-22 04:40:44','2025-11-22 04:40:44'),(80,'Luis Vargas 21','cliente.prueba.21@empresa.com','900021940','2025-11-22 04:40:48',1,'IMPORTACION','ARCHIVO_EXCEL','LOTE_27',NULL,NULL,'150140',29,'M',NULL,NULL,'IMPORTACION',NULL,228,'2025-11-22 04:40:49','2025-11-22 04:40:49'),(81,'Maria Vargas 22','cliente.prueba.22@empresa.com','900022555','2025-11-22 04:40:54',1,'IMPORTACION','ARCHIVO_EXCEL','LOTE_27',NULL,NULL,'150122',53,'F',NULL,NULL,'IMPORTACION',NULL,229,'2025-11-22 04:40:55','2025-11-22 04:40:55'),(82,'Elena Flores 23','cliente.prueba.23@empresa.com','900023814','2025-11-22 04:40:59',1,'IMPORTACION','ARCHIVO_EXCEL','LOTE_27',NULL,NULL,'150140',38,'F',NULL,NULL,'IMPORTACION',NULL,230,'2025-11-22 04:41:00','2025-11-22 04:41:00'),(83,'Ana Ruiz 24','cliente.prueba.24@empresa.com','900024784','2025-11-22 04:41:04',1,'IMPORTACION','ARCHIVO_EXCEL','LOTE_27',NULL,NULL,'150131',40,'M',NULL,NULL,'IMPORTACION',NULL,231,'2025-11-22 04:41:05','2025-11-22 04:41:05'),(84,'Jorge Soto 25','cliente.prueba.25@empresa.com','900025739','2025-11-22 04:41:10',1,'IMPORTACION','ARCHIVO_EXCEL','LOTE_27',NULL,NULL,'150101',50,'M',NULL,NULL,'IMPORTACION',NULL,232,'2025-11-22 04:41:11','2025-11-22 04:41:11'),(85,'Ana Soto 26','cliente.prueba.26@empresa.com','900026323','2025-11-22 04:41:15',1,'IMPORTACION','ARCHIVO_EXCEL','LOTE_27',NULL,NULL,'150101',54,'M',NULL,NULL,'IMPORTACION',NULL,233,'2025-11-22 04:41:16','2025-11-22 04:41:16'),(86,'Carlos Garcia 27','cliente.prueba.27@empresa.com','900027575','2025-11-22 04:41:21',1,'IMPORTACION','ARCHIVO_EXCEL','LOTE_27',NULL,NULL,'150122',46,'M',NULL,NULL,'IMPORTACION',NULL,234,'2025-11-22 04:41:22','2025-11-22 04:41:22'),(87,'Lucia Castillo 28','cliente.prueba.28@empresa.com','900028215','2025-11-22 04:41:26',1,'IMPORTACION','ARCHIVO_EXCEL','LOTE_27',NULL,NULL,'150114',27,'F',NULL,NULL,'IMPORTACION',NULL,235,'2025-11-22 04:41:27','2025-11-22 04:41:27'),(88,'Sofia Garcia 29','cliente.prueba.29@empresa.com','900029281','2025-11-22 04:41:31',1,'IMPORTACION','ARCHIVO_EXCEL','LOTE_27',NULL,NULL,'150114',59,'M',NULL,NULL,'IMPORTACION',NULL,236,'2025-11-22 04:41:32','2025-11-22 04:41:32'),(89,'Ana Diaz 30','cliente.prueba.30@empresa.com','900030919','2025-11-22 04:41:37',1,'IMPORTACION','ARCHIVO_EXCEL','LOTE_27',NULL,NULL,'150131',28,'F',NULL,NULL,'IMPORTACION',NULL,237,'2025-11-22 04:41:38','2025-11-22 04:41:38'),(90,'Carlos Vargas - Import 1','contacto.nuevo.1@empresa.com','955001723','2025-11-22 04:55:40',1,'IMPORTACION','ARCHIVO_EXCEL','LOTE_28',NULL,NULL,NULL,39,'F',NULL,NULL,'IMPORTACION',NULL,238,'2025-11-22 04:55:42','2025-11-22 04:55:42'),(91,'Luis Flores - Import 2','contacto.nuevo.2@empresa.com','955002973','2025-11-22 04:55:43',1,'IMPORTACION','ARCHIVO_EXCEL','LOTE_28',NULL,NULL,NULL,42,'F',NULL,NULL,'IMPORTACION',NULL,239,'2025-11-22 04:55:44','2025-11-22 04:55:44'),(92,'Ana Castillo - Import 3','contacto.nuevo.3@empresa.com','955003562','2025-11-22 04:55:45',1,'IMPORTACION','ARCHIVO_EXCEL','LOTE_28',NULL,NULL,NULL,27,'F',NULL,NULL,'IMPORTACION',NULL,240,'2025-11-22 04:55:47','2025-11-22 04:55:47'),(93,'Carlos Ramos - Import 4','contacto.nuevo.4@empresa.com','955004256','2025-11-22 04:55:48',1,'IMPORTACION','ARCHIVO_EXCEL','LOTE_28',NULL,NULL,NULL,38,'F',NULL,NULL,'IMPORTACION',NULL,241,'2025-11-22 04:55:49','2025-11-22 04:55:49'),(94,'Jorge Diaz - Import 5','contacto.nuevo.5@empresa.com','955005623','2025-11-22 04:55:50',1,'IMPORTACION','ARCHIVO_EXCEL','LOTE_28',NULL,NULL,NULL,31,'F',NULL,NULL,'IMPORTACION',NULL,242,'2025-11-22 04:55:51','2025-11-22 04:55:51'),(95,'Ana Ruiz - Import 6','contacto.nuevo.6@empresa.com','955006665','2025-11-22 04:55:52',1,'IMPORTACION','ARCHIVO_EXCEL','LOTE_28',NULL,NULL,NULL,48,'M',NULL,NULL,'IMPORTACION',NULL,243,'2025-11-22 04:55:54','2025-11-22 04:55:54'),(96,'Ana Torres - Import 7','contacto.nuevo.7@empresa.com','955007535','2025-11-22 04:55:55',1,'IMPORTACION','ARCHIVO_EXCEL','LOTE_28',NULL,NULL,NULL,32,'F',NULL,NULL,'IMPORTACION',NULL,244,'2025-11-22 04:55:56','2025-11-22 04:55:56'),(97,'Carlos Castillo - Import 8','contacto.nuevo.8@empresa.com','955008814','2025-11-22 04:55:57',1,'IMPORTACION','ARCHIVO_EXCEL','LOTE_28',NULL,NULL,NULL,60,'M',NULL,NULL,'IMPORTACION',NULL,245,'2025-11-22 04:55:58','2025-11-22 04:55:58'),(98,'Pedro Diaz - Import 9','contacto.nuevo.9@empresa.com','955009932','2025-11-22 04:55:59',1,'IMPORTACION','ARCHIVO_EXCEL','LOTE_28',NULL,NULL,NULL,56,'F',NULL,NULL,'IMPORTACION',NULL,246,'2025-11-22 04:56:01','2025-11-22 04:56:01'),(99,'Pedro Torres - Import 10','contacto.nuevo.10@empresa.com','955010490','2025-11-22 04:56:02',1,'IMPORTACION','ARCHIVO_EXCEL','LOTE_28',NULL,NULL,NULL,26,'M',NULL,NULL,'IMPORTACION',NULL,247,'2025-11-22 04:56:03','2025-11-22 04:56:03'),(100,'Sofia Soto - Import 11','contacto.nuevo.11@empresa.com','955011674','2025-11-22 04:56:04',1,'IMPORTACION','ARCHIVO_EXCEL','LOTE_28',NULL,NULL,NULL,60,'M',NULL,NULL,'IMPORTACION',NULL,248,'2025-11-22 04:56:05','2025-11-22 04:56:05'),(101,'Elena Ruiz - Import 12','contacto.nuevo.12@empresa.com','955012448','2025-11-22 04:56:06',1,'IMPORTACION','ARCHIVO_EXCEL','LOTE_28',NULL,NULL,NULL,45,'M',NULL,NULL,'IMPORTACION',NULL,249,'2025-11-22 04:56:08','2025-11-22 04:56:08'),(102,'Sofia Garcia - Import 13','contacto.nuevo.13@empresa.com','955013668','2025-11-22 04:56:09',1,'IMPORTACION','ARCHIVO_EXCEL','LOTE_28',NULL,NULL,NULL,47,'F',NULL,NULL,'IMPORTACION',NULL,250,'2025-11-22 04:56:10','2025-11-22 04:56:10'),(103,'Jorge Garcia - Import 14','contacto.nuevo.14@empresa.com','955014393','2025-11-22 04:56:11',1,'IMPORTACION','ARCHIVO_EXCEL','LOTE_28',NULL,NULL,NULL,56,'F',NULL,NULL,'IMPORTACION',NULL,251,'2025-11-22 04:56:13','2025-11-22 04:56:13'),(104,'Lucia Ramos - Import 15','contacto.nuevo.15@empresa.com','955015738','2025-11-22 04:56:14',1,'IMPORTACION','ARCHIVO_EXCEL','LOTE_28',NULL,NULL,NULL,34,'F',NULL,NULL,'IMPORTACION',NULL,252,'2025-11-22 04:56:15','2025-11-22 04:56:15'),(105,'Lucia Torres - Import 16','contacto.nuevo.16@empresa.com','955016445','2025-11-22 04:56:16',1,'IMPORTACION','ARCHIVO_EXCEL','LOTE_28',NULL,NULL,NULL,58,'F',NULL,NULL,'IMPORTACION',NULL,253,'2025-11-22 04:56:17','2025-11-22 04:56:17'),(106,'Maria Garcia - Import 17','contacto.nuevo.17@empresa.com','955017649','2025-11-22 04:56:18',1,'IMPORTACION','ARCHIVO_EXCEL','LOTE_28',NULL,NULL,NULL,43,'M',NULL,NULL,'IMPORTACION',NULL,254,'2025-11-22 04:56:20','2025-11-22 04:56:20'),(107,'Carlos Rojas - Import 18','contacto.nuevo.18@empresa.com','955018481','2025-11-22 04:56:21',1,'IMPORTACION','ARCHIVO_EXCEL','LOTE_28',NULL,NULL,NULL,20,'F',NULL,NULL,'IMPORTACION',NULL,255,'2025-11-22 04:56:22','2025-11-22 04:56:22'),(108,'Carlos Rojas - Import 19','contacto.nuevo.19@empresa.com','955019787','2025-11-22 04:56:23',1,'IMPORTACION','ARCHIVO_EXCEL','LOTE_28',NULL,NULL,NULL,22,'M',NULL,NULL,'IMPORTACION',NULL,256,'2025-11-22 04:56:24','2025-11-22 04:56:24'),(109,'Jorge Castillo - Import 20','contacto.nuevo.20@empresa.com','955020939','2025-11-22 04:56:25',1,'IMPORTACION','ARCHIVO_EXCEL','LOTE_28',NULL,NULL,NULL,33,'F',NULL,NULL,'IMPORTACION',NULL,257,'2025-11-22 04:56:27','2025-11-22 04:56:27'),(110,'Luis Castillo - Import 21','contacto.nuevo.21@empresa.com','955021477','2025-11-22 04:56:28',1,'IMPORTACION','ARCHIVO_EXCEL','LOTE_28',NULL,NULL,NULL,51,'M',NULL,NULL,'IMPORTACION',NULL,258,'2025-11-22 04:56:29','2025-11-22 04:56:29'),(111,'Elena Ruiz - Import 22','contacto.nuevo.22@empresa.com','955022709','2025-11-22 04:56:30',1,'IMPORTACION','ARCHIVO_EXCEL','LOTE_28',NULL,NULL,NULL,37,'M',NULL,NULL,'IMPORTACION',NULL,259,'2025-11-22 04:56:31','2025-11-22 04:56:31'),(112,'Sofia Torres - Import 23','contacto.nuevo.23@empresa.com','955023978','2025-11-22 04:56:32',1,'IMPORTACION','ARCHIVO_EXCEL','LOTE_28',NULL,NULL,NULL,49,'F',NULL,NULL,'IMPORTACION',NULL,260,'2025-11-22 04:56:34','2025-11-22 04:56:34'),(113,'Lucia Ramos - Import 24','contacto.nuevo.24@empresa.com','955024335','2025-11-22 04:56:35',1,'IMPORTACION','ARCHIVO_EXCEL','LOTE_28',NULL,NULL,NULL,25,'M',NULL,NULL,'IMPORTACION',NULL,261,'2025-11-22 04:56:36','2025-11-22 04:56:36'),(114,'Pedro Vargas - Import 25','contacto.nuevo.25@empresa.com','955025217','2025-11-22 04:56:37',1,'IMPORTACION','ARCHIVO_EXCEL','LOTE_28',NULL,NULL,NULL,55,'F',NULL,NULL,'IMPORTACION',NULL,262,'2025-11-22 04:56:38','2025-11-22 04:56:38'),(115,'Carlos Ramos - Import 26','contacto.nuevo.26@empresa.com','955026192','2025-11-22 04:56:39',1,'IMPORTACION','ARCHIVO_EXCEL','LOTE_28',NULL,NULL,NULL,52,'M',NULL,NULL,'IMPORTACION',NULL,263,'2025-11-22 04:56:41','2025-11-22 04:56:41'),(116,'Ana Rojas - Import 27','contacto.nuevo.27@empresa.com','955027564','2025-11-22 04:56:42',1,'IMPORTACION','ARCHIVO_EXCEL','LOTE_28',NULL,NULL,NULL,53,'F',NULL,NULL,'IMPORTACION',NULL,264,'2025-11-22 04:56:43','2025-11-22 04:56:43'),(117,'Miguel Torres - Import 28','contacto.nuevo.28@empresa.com','955028522','2025-11-22 04:56:44',1,'IMPORTACION','ARCHIVO_EXCEL','LOTE_28',NULL,NULL,NULL,59,'M',NULL,NULL,'IMPORTACION',NULL,265,'2025-11-22 04:56:46','2025-11-22 04:56:46'),(120,'Pedro Garcia - Import 1','contacto.nuevo.1@empresachumacoito.com','977001800','2025-11-22 16:59:43',1,'IMPORTACION','ARCHIVO_EXCEL','LOTE_33',NULL,NULL,NULL,38,'F',NULL,NULL,'IMPORTACION',NULL,388,'2025-11-22 16:59:44','2025-11-22 16:59:44'),(121,'Maria Garcia - Import 2','contacto.nuevo.2@empresachumacoito.com','977002608','2025-11-22 16:59:49',1,'IMPORTACION','ARCHIVO_EXCEL','LOTE_33',NULL,NULL,NULL,60,'M',NULL,NULL,'IMPORTACION',NULL,389,'2025-11-22 16:59:50','2025-11-22 16:59:50'),(122,'Lucia Garcia - Import 3','contacto.nuevo.3@empresachumacoito.com','977003147','2025-11-22 16:59:55',1,'IMPORTACION','ARCHIVO_EXCEL','LOTE_33',NULL,NULL,NULL,56,'M',NULL,NULL,'IMPORTACION',NULL,390,'2025-11-22 16:59:56','2025-11-22 16:59:56'),(123,'Lucia Diaz - Import 4','contacto.nuevo.4@empresachumacoito.com','977004876','2025-11-22 17:00:01',1,'IMPORTACION','ARCHIVO_EXCEL','LOTE_33',NULL,NULL,NULL,36,'M',NULL,NULL,'IMPORTACION',NULL,391,'2025-11-22 17:00:02','2025-11-22 17:00:02'),(124,'Maria Garcia - Import 5','contacto.nuevo.5@empresachumacoito.com','977005619','2025-11-22 17:00:07',1,'IMPORTACION','ARCHIVO_EXCEL','LOTE_33',NULL,NULL,NULL,50,'M',NULL,NULL,'IMPORTACION',NULL,392,'2025-11-22 17:00:08','2025-11-22 17:00:08'),(125,'Pedro Flores - Import 6','contacto.nuevo.6@empresachumacoito.com','977006868','2025-11-22 17:00:13',1,'IMPORTACION','ARCHIVO_EXCEL','LOTE_33',NULL,NULL,NULL,34,'F',NULL,NULL,'IMPORTACION',NULL,393,'2025-11-22 17:00:14','2025-11-22 17:00:14'),(126,'Maria Ruiz - Import 7','contacto.nuevo.7@empresachumacoito.com','977007400','2025-11-22 17:00:19',1,'IMPORTACION','ARCHIVO_EXCEL','LOTE_33',NULL,NULL,NULL,34,'M',NULL,NULL,'IMPORTACION',NULL,394,'2025-11-22 17:00:20','2025-11-22 17:00:20'),(127,'Sofia Rojas - Import 8','contacto.nuevo.8@empresachumacoito.com','977008263','2025-11-22 17:00:24',1,'IMPORTACION','ARCHIVO_EXCEL','LOTE_33',NULL,NULL,NULL,49,'F',NULL,NULL,'IMPORTACION',NULL,395,'2025-11-22 17:00:26','2025-11-22 17:00:26'),(128,'Jorge Diaz - Import 9','contacto.nuevo.9@empresachumacoito.com','977009893','2025-11-22 17:00:30',1,'IMPORTACION','ARCHIVO_EXCEL','LOTE_33',NULL,NULL,NULL,53,'M',NULL,NULL,'IMPORTACION',NULL,396,'2025-11-22 17:00:32','2025-11-22 17:00:32'),(129,'Jorge Vargas - Import 10','contacto.nuevo.10@empresachumacoito.com','977010290','2025-11-22 17:00:36',1,'IMPORTACION','ARCHIVO_EXCEL','LOTE_33',NULL,NULL,NULL,56,'F',NULL,NULL,'IMPORTACION',NULL,397,'2025-11-22 17:00:37','2025-11-22 17:00:37'),(130,'Ana Vargas - Import 11','contacto.nuevo.11@empresachumacoito.com','977011513','2025-11-22 17:00:42',1,'IMPORTACION','ARCHIVO_EXCEL','LOTE_33',NULL,NULL,NULL,22,'M',NULL,NULL,'IMPORTACION',NULL,398,'2025-11-22 17:00:43','2025-11-22 17:00:43'),(131,'Sofia Garcia - Import 12','contacto.nuevo.12@empresachumacoito.com','977012394','2025-11-22 17:00:48',1,'IMPORTACION','ARCHIVO_EXCEL','LOTE_33',NULL,NULL,NULL,54,'F',NULL,NULL,'IMPORTACION',NULL,399,'2025-11-22 17:00:49','2025-11-22 17:00:49'),(132,'Jorge Garcia - Import 13','contacto.nuevo.13@empresachumacoito.com','977013152','2025-11-22 17:00:54',1,'IMPORTACION','ARCHIVO_EXCEL','LOTE_33',NULL,NULL,NULL,22,'M',NULL,NULL,'IMPORTACION',NULL,400,'2025-11-22 17:00:55','2025-11-22 17:00:55'),(133,'Jorge Castillo - Import 14','contacto.nuevo.14@empresachumacoito.com','977014875','2025-11-22 17:01:00',1,'IMPORTACION','ARCHIVO_EXCEL','LOTE_33',NULL,NULL,NULL,31,'F',NULL,NULL,'IMPORTACION',NULL,401,'2025-11-22 17:01:01','2025-11-22 17:01:01'),(134,'Elena Ramos - Import 15','contacto.nuevo.15@empresachumacoito.com','977015142','2025-11-22 17:01:06',1,'IMPORTACION','ARCHIVO_EXCEL','LOTE_33',NULL,NULL,NULL,27,'M',NULL,NULL,'IMPORTACION',NULL,402,'2025-11-22 17:01:07','2025-11-22 17:01:07'),(135,'Ana Vargas - Import 16','contacto.nuevo.16@empresachumacoito.com','977016849','2025-11-22 17:01:12',1,'IMPORTACION','ARCHIVO_EXCEL','LOTE_33',NULL,NULL,NULL,44,'F',NULL,NULL,'IMPORTACION',NULL,403,'2025-11-22 17:01:13','2025-11-22 17:01:13'),(136,'Carlos Vargas - Import 17','contacto.nuevo.17@empresachumacoito.com','977017990','2025-11-22 17:01:17',1,'IMPORTACION','ARCHIVO_EXCEL','LOTE_33',NULL,NULL,NULL,50,'M',NULL,NULL,'IMPORTACION',NULL,404,'2025-11-22 17:01:19','2025-11-22 17:01:19'),(137,'Miguel Vargas - Import 18','contacto.nuevo.18@empresachumacoito.com','977018593','2025-11-22 17:01:23',1,'IMPORTACION','ARCHIVO_EXCEL','LOTE_33',NULL,NULL,NULL,56,'M',NULL,NULL,'IMPORTACION',NULL,405,'2025-11-22 17:01:25','2025-11-22 17:01:25'),(138,'Elena Diaz - Import 19','contacto.nuevo.19@empresachumacoito.com','977019785','2025-11-22 17:01:29',1,'IMPORTACION','ARCHIVO_EXCEL','LOTE_33',NULL,NULL,NULL,51,'M',NULL,NULL,'IMPORTACION',NULL,406,'2025-11-22 17:01:31','2025-11-22 17:01:31'),(139,'Miguel Flores - Import 20','contacto.nuevo.20@empresachumacoito.com','977020288','2025-11-22 17:01:35',1,'IMPORTACION','ARCHIVO_EXCEL','LOTE_33',NULL,NULL,NULL,22,'M',NULL,NULL,'IMPORTACION',NULL,407,'2025-11-22 17:01:36','2025-11-22 17:01:36'),(140,'Ana Castillo - Import 21','contacto.nuevo.21@empresachumacoito.com','977021927','2025-11-22 17:01:41',1,'IMPORTACION','ARCHIVO_EXCEL','LOTE_33',NULL,NULL,NULL,46,'M',NULL,NULL,'IMPORTACION',NULL,408,'2025-11-22 17:01:42','2025-11-22 17:01:42'),(141,'Carlos Ruiz - Import 22','contacto.nuevo.22@empresachumacoito.com','977022615','2025-11-22 17:01:47',1,'IMPORTACION','ARCHIVO_EXCEL','LOTE_33',NULL,NULL,NULL,55,'F',NULL,NULL,'IMPORTACION',NULL,409,'2025-11-22 17:01:48','2025-11-22 17:01:48'),(142,'Maria Flores - Import 23','contacto.nuevo.23@empresachumacoito.com','977023219','2025-11-22 17:01:53',1,'IMPORTACION','ARCHIVO_EXCEL','LOTE_33',NULL,NULL,NULL,20,'M',NULL,NULL,'IMPORTACION',NULL,410,'2025-11-22 17:01:54','2025-11-22 17:01:54'),(143,'Luis Soto - Import 24','contacto.nuevo.24@empresachumacoito.com','977024147','2025-11-22 17:01:59',1,'IMPORTACION','ARCHIVO_EXCEL','LOTE_33',NULL,NULL,NULL,21,'M',NULL,NULL,'IMPORTACION',NULL,411,'2025-11-22 17:02:00','2025-11-22 17:02:00'),(144,'Lucia Rojas - Import 25','contacto.nuevo.25@empresachumacoito.com','977025156','2025-11-22 17:02:05',1,'IMPORTACION','ARCHIVO_EXCEL','LOTE_33',NULL,NULL,NULL,47,'F',NULL,NULL,'IMPORTACION',NULL,412,'2025-11-22 17:02:06','2025-11-22 17:02:06'),(145,'Carlos Soto - Import 26','contacto.nuevo.26@empresachumacoito.com','977026425','2025-11-22 17:02:10',1,'IMPORTACION','ARCHIVO_EXCEL','LOTE_33',NULL,NULL,NULL,58,'M',NULL,NULL,'IMPORTACION',NULL,413,'2025-11-22 17:02:12','2025-11-22 17:02:12'),(146,'Carlos Soto - Import 27','contacto.nuevo.27@empresachumacoito.com','977027250','2025-11-22 17:02:16',1,'IMPORTACION','ARCHIVO_EXCEL','LOTE_33',NULL,NULL,NULL,37,'M',NULL,NULL,'IMPORTACION',NULL,414,'2025-11-22 17:02:18','2025-11-22 17:02:18'),(147,'Carlos Vargas - Import 28','contacto.nuevo.28@empresachumacoito.com','977028731','2025-11-22 17:02:22',1,'IMPORTACION','ARCHIVO_EXCEL','LOTE_33',NULL,NULL,NULL,60,'M',NULL,NULL,'IMPORTACION',NULL,415,'2025-11-22 17:02:23','2025-11-22 17:02:23'),(148,'Elena Soto - Import 29','contacto.nuevo.29@empresachumacoito.com','977029782','2025-11-22 17:02:28',1,'IMPORTACION','ARCHIVO_EXCEL','LOTE_33',NULL,NULL,NULL,25,'M',NULL,NULL,'IMPORTACION',NULL,416,'2025-11-22 17:02:29','2025-11-22 17:02:29'),(149,'Lucia Vargas - Import 30','contacto.nuevo.30@empresachumacoito.com','977030556','2025-11-22 17:02:34',1,'IMPORTACION','ARCHIVO_EXCEL','LOTE_33',NULL,NULL,NULL,52,'F',NULL,NULL,'IMPORTACION',NULL,417,'2025-11-22 17:02:35','2025-11-22 17:02:35'),(150,'Jorge Vargas - Import 1','contacto.nuevo.1@empresaAldanaChavez.com','988001922','2025-11-22 17:22:03',2,'IMPORTACION','ARCHIVO_EXCEL','LOTE_34',NULL,NULL,NULL,23,'M',NULL,NULL,'IMPORTACION',NULL,418,'2025-11-22 17:22:04','2025-11-22 17:22:04'),(151,'Maria Flores - Import 2','contacto.nuevo.2@empresaAldanaChavez.com','988002140','2025-11-22 17:22:09',2,'IMPORTACION','ARCHIVO_EXCEL','LOTE_34',NULL,NULL,NULL,21,'M',NULL,NULL,'IMPORTACION',NULL,419,'2025-11-22 17:22:10','2025-11-22 17:22:10'),(152,'Lucia Ruiz - Import 3','contacto.nuevo.3@empresaAldanaChavez.com','988003169','2025-11-22 17:22:15',2,'IMPORTACION','ARCHIVO_EXCEL','LOTE_34',NULL,NULL,NULL,48,'F',NULL,NULL,'IMPORTACION',NULL,420,'2025-11-22 17:22:17','2025-11-22 17:22:17'),(153,'Sofia Diaz - Import 4','contacto.nuevo.4@empresaAldanaChavez.com','988004989','2025-11-22 17:22:21',2,'IMPORTACION','ARCHIVO_EXCEL','LOTE_34',NULL,NULL,NULL,45,'M',NULL,NULL,'IMPORTACION',NULL,421,'2025-11-22 17:22:23','2025-11-22 17:22:23'),(154,'Ana Diaz - Import 5','contacto.nuevo.5@empresaAldanaChavez.com','988005310','2025-11-22 17:22:27',2,'IMPORTACION','ARCHIVO_EXCEL','LOTE_34',NULL,NULL,NULL,47,'F',NULL,NULL,'IMPORTACION',NULL,422,'2025-11-22 17:22:29','2025-11-22 17:22:29'),(155,'Luis Vargas - Import 6','contacto.nuevo.6@empresaAldanaChavez.com','988006331','2025-11-22 17:22:33',2,'IMPORTACION','ARCHIVO_EXCEL','LOTE_34',NULL,NULL,NULL,40,'F',NULL,NULL,'IMPORTACION',NULL,423,'2025-11-22 17:22:35','2025-11-22 17:22:35'),(156,'Pedro Ruiz - Import 7','contacto.nuevo.7@empresaAldanaChavez.com','988007361','2025-11-22 17:22:39',2,'IMPORTACION','ARCHIVO_EXCEL','LOTE_34',NULL,NULL,NULL,21,'F',NULL,NULL,'IMPORTACION',NULL,424,'2025-11-22 17:22:41','2025-11-22 17:22:41'),(157,'Maria Torres - Import 8','contacto.nuevo.8@empresaAldanaChavez.com','988008739','2025-11-22 17:22:45',2,'IMPORTACION','ARCHIVO_EXCEL','LOTE_34',NULL,NULL,NULL,47,'M',NULL,NULL,'IMPORTACION',NULL,425,'2025-11-22 17:22:47','2025-11-22 17:22:47'),(158,'Pedro Ruiz - Import 9','contacto.nuevo.9@empresaAldanaChavez.com','988009229','2025-11-22 17:22:52',2,'IMPORTACION','ARCHIVO_EXCEL','LOTE_34',NULL,NULL,NULL,31,'F',NULL,NULL,'IMPORTACION',NULL,426,'2025-11-22 17:22:53','2025-11-22 17:22:53'),(159,'Sofia Rojas - Import 10','contacto.nuevo.10@empresaAldanaChavez.com','988010990','2025-11-22 17:22:58',2,'IMPORTACION','ARCHIVO_EXCEL','LOTE_34',NULL,NULL,NULL,60,'F',NULL,NULL,'IMPORTACION',NULL,427,'2025-11-22 17:22:59','2025-11-22 17:22:59'),(160,'Luis Torres - Import 11','contacto.nuevo.11@empresaAldanaChavez.com','988011396','2025-11-22 17:23:04',2,'IMPORTACION','ARCHIVO_EXCEL','LOTE_34',NULL,NULL,NULL,59,'F',NULL,NULL,'IMPORTACION',NULL,428,'2025-11-22 17:23:05','2025-11-22 17:23:05'),(161,'Maria Torres - Import 12','contacto.nuevo.12@empresaAldanaChavez.com','988012735','2025-11-22 17:23:10',2,'IMPORTACION','ARCHIVO_EXCEL','LOTE_34',NULL,NULL,NULL,57,'F',NULL,NULL,'IMPORTACION',NULL,429,'2025-11-22 17:23:11','2025-11-22 17:23:11'),(162,'Maria Garcia - Import 13','contacto.nuevo.13@empresaAldanaChavez.com','988013810','2025-11-22 17:23:16',2,'IMPORTACION','ARCHIVO_EXCEL','LOTE_34',NULL,NULL,NULL,44,'F',NULL,NULL,'IMPORTACION',NULL,430,'2025-11-22 17:23:17','2025-11-22 17:23:17'),(163,'Carlos Garcia - Import 14','contacto.nuevo.14@empresaAldanaChavez.com','988014564','2025-11-22 17:23:22',2,'IMPORTACION','ARCHIVO_EXCEL','LOTE_34',NULL,NULL,NULL,48,'F',NULL,NULL,'IMPORTACION',NULL,431,'2025-11-22 17:23:23','2025-11-22 17:23:23'),(164,'Pedro Flores - Import 15','contacto.nuevo.15@empresaAldanaChavez.com','988015920','2025-11-22 17:23:28',2,'IMPORTACION','ARCHIVO_EXCEL','LOTE_34',NULL,NULL,NULL,28,'M',NULL,NULL,'IMPORTACION',NULL,432,'2025-11-22 17:23:29','2025-11-22 17:23:29'),(165,'Luis Flores - Import 1','contacto.nuevo.1@empresaAldanaChavez2.com','933001150','2025-11-22 17:27:47',2,'IMPORTACION','ARCHIVO_EXCEL','LOTE_35',NULL,NULL,'150122',47,'M',NULL,NULL,'IMPORTACION',NULL,433,'2025-11-22 17:27:48','2025-11-22 17:27:48'),(166,'Carlos Soto - Import 2','contacto.nuevo.2@empresaAldanaChavez2.com','933002245','2025-11-22 17:27:53',2,'IMPORTACION','ARCHIVO_EXCEL','LOTE_35',NULL,NULL,'150101',39,'F',NULL,NULL,'IMPORTACION',NULL,434,'2025-11-22 17:27:54','2025-11-22 17:27:54'),(167,'Miguel Rojas - Import 3','contacto.nuevo.3@empresaAldanaChavez2.com','933003998','2025-11-22 17:27:59',2,'IMPORTACION','ARCHIVO_EXCEL','LOTE_35',NULL,NULL,'150122',49,'M',NULL,NULL,'IMPORTACION',NULL,435,'2025-11-22 17:28:01','2025-11-22 17:28:01'),(168,'Luis Ruiz - Import 4','contacto.nuevo.4@empresaAldanaChavez2.com','933004990','2025-11-22 17:28:05',2,'IMPORTACION','ARCHIVO_EXCEL','LOTE_35',NULL,NULL,'150122',20,'M',NULL,NULL,'IMPORTACION',NULL,436,'2025-11-22 17:28:07','2025-11-22 17:28:07'),(169,'Lucia Flores - Import 5','contacto.nuevo.5@empresaAldanaChavez2.com','933005506','2025-11-22 17:28:11',2,'IMPORTACION','ARCHIVO_EXCEL','LOTE_35',NULL,NULL,'150101',59,'F',NULL,NULL,'IMPORTACION',NULL,437,'2025-11-22 17:28:13','2025-11-22 17:28:13'),(170,'Lucia Garcia - Import 6','contacto.nuevo.6@empresaAldanaChavez2.com','933006303','2025-11-22 17:28:18',2,'IMPORTACION','ARCHIVO_EXCEL','LOTE_35',NULL,NULL,'150116',37,'F',NULL,NULL,'IMPORTACION',NULL,438,'2025-11-22 17:28:19','2025-11-22 17:28:19'),(171,'Ana Vargas - Import 7','contacto.nuevo.7@empresaAldanaChavez2.com','933007522','2025-11-22 17:28:24',2,'IMPORTACION','ARCHIVO_EXCEL','LOTE_35',NULL,NULL,'150140',43,'M',NULL,NULL,'IMPORTACION',NULL,439,'2025-11-22 17:28:26','2025-11-22 17:28:26'),(172,'Jorge Castillo - Import 8','contacto.nuevo.8@empresaAldanaChavez2.com','933008759','2025-11-22 17:28:30',2,'IMPORTACION','ARCHIVO_EXCEL','LOTE_35',NULL,NULL,'150131',29,'M',NULL,NULL,'IMPORTACION',NULL,440,'2025-11-22 17:28:32','2025-11-22 17:28:32'),(173,'Ana Castillo - Import 9','contacto.nuevo.9@empresaAldanaChavez2.com','933009286','2025-11-22 17:28:36',2,'IMPORTACION','ARCHIVO_EXCEL','LOTE_35',NULL,NULL,'150131',46,'F',NULL,NULL,'IMPORTACION',NULL,441,'2025-11-22 17:28:38','2025-11-22 17:28:38'),(174,'Pedro Vargas - Import 10','contacto.nuevo.10@empresaAldanaChavez2.com','933010748','2025-11-22 17:28:43',2,'IMPORTACION','ARCHIVO_EXCEL','LOTE_35',NULL,NULL,'150116',44,'F',NULL,NULL,'IMPORTACION',NULL,442,'2025-11-22 17:28:44','2025-11-22 17:28:44'),(175,'Luis Ramirez','luis.ramirez@gmail.com','974380731','2025-11-22 21:08:57',2,'IMPORTACION','ARCHIVO_EXCEL','LOTE_36',NULL,NULL,NULL,NULL,'',NULL,NULL,'IMPORTACION',NULL,443,'2025-11-22 21:08:58','2025-11-22 21:08:58'),(176,'Thiago Reyes','thiago.reyes@gmail.com','977462500','2025-11-22 21:09:02',2,'IMPORTACION','ARCHIVO_EXCEL','LOTE_36',NULL,NULL,NULL,NULL,'',NULL,NULL,'IMPORTACION',NULL,444,'2025-11-22 21:09:03','2025-11-22 21:09:03'),(177,'Luciana Vargas','luciana.vargas@gmail.com','916936639','2025-11-22 21:09:08',2,'IMPORTACION','ARCHIVO_EXCEL','LOTE_36',NULL,NULL,NULL,NULL,'',NULL,NULL,'IMPORTACION',NULL,445,'2025-11-22 21:09:08','2025-11-22 21:09:08'),(178,'Maria Flores','maria.flores@gmail.com','967100283','2025-11-22 21:09:13',2,'IMPORTACION','ARCHIVO_EXCEL','LOTE_36',NULL,NULL,NULL,NULL,'',NULL,NULL,'IMPORTACION',NULL,446,'2025-11-22 21:09:14','2025-11-22 21:09:14'),(179,'Ana Flores','ana.flores@gmail.com','908269534','2025-11-22 21:09:18',2,'IMPORTACION','ARCHIVO_EXCEL','LOTE_36',NULL,NULL,NULL,NULL,'',NULL,NULL,'IMPORTACION',NULL,447,'2025-11-22 21:09:19','2025-11-22 21:09:19'),(180,'Jose Huaman','jose.huaman@gmail.com','959276375','2025-11-22 21:09:23',2,'IMPORTACION','ARCHIVO_EXCEL','LOTE_36',NULL,NULL,NULL,NULL,'',NULL,NULL,'IMPORTACION',NULL,448,'2025-11-22 21:09:24','2025-11-22 21:09:24'),(181,'Daniela Gutierrez','daniela.gutierrez@gmail.com','916232715','2025-11-22 21:09:29',2,'IMPORTACION','ARCHIVO_EXCEL','LOTE_36',NULL,NULL,NULL,NULL,'',NULL,NULL,'IMPORTACION',NULL,449,'2025-11-22 21:09:29','2025-11-22 21:09:29'),(203,'Ana María García Huamán','ana.garcia23@correo.pe','987234561','2025-11-23 01:49:46',2,'IMPORTACION','ARCHIVO_EXCEL','LOTE_37',NULL,NULL,'150132',23,'F',NULL,NULL,'IMPORTACION',NULL,473,'2025-11-23 01:49:48','2025-11-23 01:49:48'),(204,'José Luis Quispe Flores','jl.quispe@empresaandina.com','984765320','2025-11-23 01:49:53',2,'IMPORTACION','ARCHIVO_EXCEL','LOTE_37',NULL,NULL,'150110',29,'M',NULL,NULL,'IMPORTACION',NULL,474,'2025-11-23 01:49:55','2025-11-23 01:49:55'),(205,'Carla Rodríguez Ponce','crodriguez.tru@outlook.com','991382476','2025-11-23 01:49:59',2,'IMPORTACION','ARCHIVO_EXCEL','LOTE_37',NULL,NULL,'130101',34,'F',NULL,NULL,'IMPORTACION',NULL,475,'2025-11-23 01:50:01','2025-11-23 01:50:01'),(206,'Luis Alberto Huamán Soto','lhuaman.cusco@gmail.com','956748201','2025-11-23 01:50:06',2,'IMPORTACION','ARCHIVO_EXCEL','LOTE_37',NULL,NULL,'080101',41,'M',NULL,NULL,'IMPORTACION',NULL,476,'2025-11-23 01:50:07','2025-11-23 01:50:07'),(207,'Daniela Torres Salazar','daniela.torres@marketing.pe','993847520','2025-11-23 01:50:12',2,'IMPORTACION','ARCHIVO_EXCEL','LOTE_37',NULL,NULL,'150122',27,'F',NULL,NULL,'IMPORTACION',NULL,477,'2025-11-23 01:50:13','2025-11-23 01:50:13'),(208,'Miguel Ángel Rojas Valverde','marojas.dev@correo.pe','972640158','2025-11-23 01:50:18',2,'IMPORTACION','ARCHIVO_EXCEL','LOTE_37',NULL,NULL,'040101',36,'M',NULL,NULL,'IMPORTACION',NULL,478,'2025-11-23 01:50:20','2025-11-23 01:50:20'),(209,'Rocío Campos Chumbe','rocio.campos@consultora.pe','989301457','2025-11-23 01:50:24',2,'IMPORTACION','ARCHIVO_EXCEL','LOTE_37',NULL,NULL,'150137',31,'F',NULL,NULL,'IMPORTACION',NULL,479,'2025-11-23 01:50:26','2025-11-23 01:50:26'),(210,'Carlos Eduardo Poma Aguilar','cpoma25@correo.pe','981563204','2025-11-23 01:50:31',2,'IMPORTACION','ARCHIVO_EXCEL','LOTE_37',NULL,NULL,'150135',25,'M',NULL,NULL,'IMPORTACION',NULL,480,'2025-11-23 01:50:32','2025-11-23 01:50:32'),(211,'María Fernanda López Cárdenas','mf.lopez@serviciospiura.com','976842013','2025-11-23 01:50:37',2,'IMPORTACION','ARCHIVO_EXCEL','LOTE_37',NULL,NULL,'200101',38,'F',NULL,NULL,'IMPORTACION',NULL,481,'2025-11-23 01:50:39','2025-11-23 01:50:39'),(212,'Juan Diego Salazar Ñahui','jdsalazar.juliaca@gmail.com','995730482','2025-11-23 01:50:43',2,'IMPORTACION','ARCHIVO_EXCEL','LOTE_37',NULL,NULL,'211101',33,'M',NULL,NULL,'IMPORTACION',NULL,482,'2025-11-23 01:50:45','2025-11-23 01:50:45'),(213,'Karina Huerta Ramos','karina.huerta@retail.pe','980413756','2025-11-23 01:50:49',2,'IMPORTACION','ARCHIVO_EXCEL','LOTE_37',NULL,NULL,'140101',28,'F',NULL,NULL,'IMPORTACION',NULL,483,'2025-11-23 01:50:51','2025-11-23 01:50:51'),(214,'Pedro Pablo Carranza Limay','pcarranza.ves@correo.pe','979654312','2025-11-23 01:50:56',2,'IMPORTACION','ARCHIVO_EXCEL','LOTE_37',NULL,NULL,'150142',45,'M',NULL,NULL,'IMPORTACION',NULL,484,'2025-11-23 01:50:57','2025-11-23 01:50:57'),(215,'Giselle Mendoza Taipe','gmendoza.sanmiguel@outlook.com','994128570','2025-11-23 01:51:02',2,'IMPORTACION','ARCHIVO_EXCEL','LOTE_37',NULL,NULL,'150136',24,'F',NULL,NULL,'IMPORTACION',NULL,485,'2025-11-23 01:51:03','2025-11-23 01:51:03'),(216,'Jorge André Chahua Huarcaya','jchahua.huancayo@empresa.pe','982547301','2025-11-23 01:51:08',2,'IMPORTACION','ARCHIVO_EXCEL','LOTE_37',NULL,NULL,'120101',30,'M',NULL,NULL,'IMPORTACION',NULL,486,'2025-11-23 01:51:10','2025-11-23 01:51:10'),(217,'Lucero Gómez Villacorta','lucero.gomez@saludloreto.pe','990271486','2025-11-23 01:51:14',2,'IMPORTACION','ARCHIVO_EXCEL','LOTE_37',NULL,NULL,'160101',39,'F',NULL,NULL,'IMPORTACION',NULL,487,'2025-11-23 01:51:16','2025-11-23 01:51:16'),(218,'Edwin Javier Vilca Ccama','ejvilca.ccama@correo.pe','988640215','2025-11-23 01:51:20',2,'IMPORTACION','ARCHIVO_EXCEL','LOTE_37',NULL,NULL,'150133',32,'M',NULL,NULL,'IMPORTACION',NULL,488,'2025-11-23 01:51:22','2025-11-23 01:51:22'),(219,'Fiorella Ramos Sotomayor','fiorella.ramos@startup.pe','987540921','2025-11-23 01:51:27',2,'IMPORTACION','ARCHIVO_EXCEL','LOTE_37',NULL,NULL,'150121',26,'F',NULL,NULL,'IMPORTACION',NULL,489,'2025-11-23 01:51:28','2025-11-23 01:51:28'),(220,'Diego Alonso Chumpitaz León','diego.chumpitaz.callao@gmail.com','981420365','2025-11-23 01:51:33',2,'IMPORTACION','ARCHIVO_EXCEL','LOTE_37',NULL,NULL,NULL,35,'M',NULL,NULL,'IMPORTACION',NULL,490,'2025-11-23 01:51:34','2025-11-23 01:51:34'),(221,'Brenda Lizeth Aquino Rojas','brenda.aquino22@correo.pe','993610284','2025-11-23 01:51:39',2,'IMPORTACION','ARCHIVO_EXCEL','LOTE_37',NULL,NULL,'150111',22,'F',NULL,NULL,'IMPORTACION',NULL,491,'2025-11-23 01:51:40','2025-11-23 01:51:40'),(222,'Marco Antonio Lázaro Tello','mlazaro.chimbote@empresa.pe','975803412','2025-11-23 01:51:45',2,'IMPORTACION','ARCHIVO_EXCEL','LOTE_37',NULL,NULL,'021801',40,'M',NULL,NULL,'IMPORTACION',NULL,492,'2025-11-23 01:51:47','2025-11-23 01:51:47'),(223,'Milagros Esther Cárdenas Ñaupari','mcardenas.sb@consulting.pe','999214583','2025-11-23 01:51:51',2,'IMPORTACION','ARCHIVO_EXCEL','LOTE_37',NULL,NULL,'150130',29,'F',NULL,NULL,'IMPORTACION',NULL,493,'2025-11-23 01:51:53','2025-11-23 01:51:53'),(224,'Rodrigo Martín Chuquillanqui Torres','rchuquillanqui@finanzas.pe','986745903','2025-11-23 01:51:57',2,'IMPORTACION','ARCHIVO_EXCEL','LOTE_37',NULL,NULL,'150140',27,'M',NULL,NULL,'IMPORTACION',NULL,494,'2025-11-23 01:51:59','2025-11-23 01:51:59'),(225,'Yessica Paola Farfán Vega','ypfarfan.tacna@correo.pe','984531720','2025-11-23 01:52:04',2,'IMPORTACION','ARCHIVO_EXCEL','LOTE_37',NULL,NULL,'230101',31,'F',NULL,NULL,'IMPORTACION',NULL,495,'2025-11-23 01:52:05','2025-11-23 01:52:05'),(226,'Alejandro Joel Huerta Chacón','alejohuerta.pucallpa@gmail.com','992675381','2025-11-23 01:52:10',2,'IMPORTACION','ARCHIVO_EXCEL','LOTE_37',NULL,NULL,NULL,37,'M',NULL,NULL,'IMPORTACION',NULL,496,'2025-11-23 01:52:12','2025-11-23 01:52:12'),(227,'Katherine López Huallpa','klopez.independencia@correo.pe','989742630','2025-11-23 01:52:16',2,'IMPORTACION','ARCHIVO_EXCEL','LOTE_37',NULL,NULL,'150112',24,'F',NULL,NULL,'IMPORTACION',NULL,497,'2025-11-23 01:52:18','2025-11-23 01:52:18'),(228,'Bruno Sebastián Milla Palomino','bsmilla.ilo@mineria.pe','977503864','2025-11-23 01:52:22',2,'IMPORTACION','ARCHIVO_EXCEL','LOTE_37',NULL,NULL,'180301',33,'M',NULL,NULL,'IMPORTACION',NULL,498,'2025-11-23 01:52:24','2025-11-23 01:52:24'),(229,'Diana Carolina Ñaupa Ccollcca','diana.naupa@educacionayacucho.pe','983214579','2025-11-23 01:52:29',2,'IMPORTACION','ARCHIVO_EXCEL','LOTE_37',NULL,NULL,'050101',28,'F',NULL,NULL,'IMPORTACION',NULL,499,'2025-11-23 01:52:30','2025-11-23 01:52:30'),(230,'Harold Kevin Chávez Sulca','hkchavez.sanluis@correo.pe','994760132','2025-11-23 01:52:35',2,'IMPORTACION','ARCHIVO_EXCEL','LOTE_37',NULL,NULL,'150134',36,'M',NULL,NULL,'IMPORTACION',NULL,500,'2025-11-23 01:52:36','2025-11-23 01:52:36'),(231,'Pamela Julissa Rojas Valdivia','pamela.rojas.mollendo@outlook.com','979864210','2025-11-23 01:52:41',2,'IMPORTACION','ARCHIVO_EXCEL','LOTE_37',NULL,NULL,'040701',30,'F',NULL,NULL,'IMPORTACION',NULL,501,'2025-11-23 01:52:43','2025-11-23 01:52:43'),(232,'Ricardo Daniel Huertas Palomino','rhuertas.tarapoto@servicios.pe','988451603','2025-11-23 01:52:47',2,'IMPORTACION','ARCHIVO_EXCEL','LOTE_37',NULL,NULL,'220901',42,'M',NULL,NULL,'IMPORTACION',NULL,502,'2025-11-23 01:52:49','2025-11-23 01:52:49'),(233,'Marco Alejandro Churampi Carbajal','marco.churampi@gmail.com','900145328','2025-11-23 04:07:35',1,'INTERNO','FORMULARIO_INTRANET','GESTION_OPERATIVA',NULL,NULL,'150133',22,NULL,NULL,NULL,'WEB',5,NULL,'2025-11-23 04:07:36','2025-11-23 04:07:36'),(234,'Julian Quito','julito2805@gmail.com','956023235','2025-11-23 04:36:01',1,'INTERNO','FORMULARIO_INTRANET','GESTION_OPERATIVA',NULL,NULL,'131201',32,NULL,NULL,NULL,'WEB',6,NULL,'2025-11-23 04:36:01','2025-11-23 04:36:01'),(236,'Jesus Andres Lujan Carrion','lujancarrion@gmail.com','999111223','2025-12-04 05:18:32',1,'INTERNO','FORMULARIO_INTRANET','GESTION_OPERATIVA',NULL,NULL,'150119',42,NULL,NULL,NULL,'WEB',13,NULL,'2025-12-04 05:18:32','2025-12-04 05:18:32'),(237,'Aldana Castilla Marco','castilla.aldana@gmail.com','987467037','2025-12-04 14:09:41',3,'INTERNO','FORMULARIO_INTRANET','GESTION_OPERATIVA',NULL,NULL,'150101',24,NULL,NULL,NULL,'WEB',14,NULL,'2025-12-04 14:09:42','2025-12-04 16:35:48'),(239,'Miguel Angel Taco','miguel.taco@unmsm.edu.pe','123456789','2025-12-04 15:27:19',2,'INTERNO','FORMULARIO_INTRANET','GESTION_OPERATIVA',NULL,NULL,'150141',85,NULL,NULL,NULL,'WEB',16,NULL,'2025-12-04 15:27:19','2025-12-04 16:02:52'),(240,'Carlos Ramos - Import 1','contacto.nuevo.1@empresaCRM.com','991001669','2025-12-04 15:56:18',2,'IMPORTACION','ARCHIVO_EXCEL','LOTE_52',NULL,NULL,'150101',55,'F',NULL,NULL,'IMPORTACION',NULL,643,'2025-12-04 15:56:19','2025-12-04 15:56:19'),(241,'Lucia Ruiz - Import 2','contacto.nuevo.2@empresaCRM.com','991002222','2025-12-04 15:56:20',2,'IMPORTACION','ARCHIVO_EXCEL','LOTE_52',NULL,NULL,'150131',28,'M',NULL,NULL,'IMPORTACION',NULL,644,'2025-12-04 15:56:21','2025-12-04 15:56:21'),(242,'Jorge Castillo - Import 3','contacto.nuevo.3@empresaCRM.com','991003485','2025-12-04 15:56:22',2,'IMPORTACION','ARCHIVO_EXCEL','LOTE_52',NULL,NULL,'150101',22,'M',NULL,NULL,'IMPORTACION',NULL,645,'2025-12-04 15:56:22','2025-12-04 15:56:22'),(243,'Elena Torres - Import 4','contacto.nuevo.4@empresaCRM.com','991004355','2025-12-04 15:56:23',2,'IMPORTACION','ARCHIVO_EXCEL','LOTE_52',NULL,NULL,'150140',47,'M',NULL,NULL,'IMPORTACION',NULL,646,'2025-12-04 15:56:24','2025-12-04 15:56:24'),(244,'Ana Torres - Import 5','contacto.nuevo.5@empresaCRM.com','991005631','2025-12-04 15:56:25',2,'IMPORTACION','ARCHIVO_EXCEL','LOTE_52',NULL,NULL,'150116',20,'M',NULL,NULL,'IMPORTACION',NULL,647,'2025-12-04 15:56:25','2025-12-04 15:56:25'),(245,'Ana Ruiz - Import 6','contacto.nuevo.6@empresaCRM.com','991006794','2025-12-04 15:56:26',2,'IMPORTACION','ARCHIVO_EXCEL','LOTE_52',NULL,NULL,'150116',56,'F',NULL,NULL,'IMPORTACION',NULL,648,'2025-12-04 15:56:27','2025-12-04 15:56:27'),(246,'Lucia Soto - Import 7','contacto.nuevo.7@empresaCRM.com','991007555','2025-12-04 15:56:28',2,'IMPORTACION','ARCHIVO_EXCEL','LOTE_52',NULL,NULL,'150122',47,'M',NULL,NULL,'IMPORTACION',NULL,649,'2025-12-04 15:56:28','2025-12-04 15:56:28'),(247,'Maria Ruiz - Import 8','contacto.nuevo.8@empresaCRM.com','991008431','2025-12-04 15:56:29',2,'IMPORTACION','ARCHIVO_EXCEL','LOTE_52',NULL,NULL,'150122',20,'F',NULL,NULL,'IMPORTACION',NULL,650,'2025-12-04 15:56:30','2025-12-04 15:56:30'),(248,'Jorge Ramos - Import 9','contacto.nuevo.9@empresaCRM.com','991009778','2025-12-04 15:56:31',2,'IMPORTACION','ARCHIVO_EXCEL','LOTE_52',NULL,NULL,'150131',30,'F',NULL,NULL,'IMPORTACION',NULL,651,'2025-12-04 15:56:31','2025-12-04 15:56:31'),(249,'Sofia Ramos - Import 10','contacto.nuevo.10@empresaCRM.com','991010170','2025-12-04 15:56:32',2,'IMPORTACION','ARCHIVO_EXCEL','LOTE_52',NULL,NULL,'150116',28,'F',NULL,NULL,'IMPORTACION',NULL,652,'2025-12-04 15:56:33','2025-12-04 15:56:33'),(250,'Aldana David Chavez','aldana123@gmail.com','987467008','2025-12-04 16:48:54',1,'INTERNO','FORMULARIO_INTRANET','GESTION_OPERATIVA',NULL,NULL,'150101',24,NULL,NULL,NULL,'WEB',17,NULL,'2025-12-04 16:48:55','2025-12-04 16:48:55'),(251,'Miguelon Taketo','zangelomt@gmail.com','12345678','2025-12-04 18:12:57',2,'INTERNO','FORMULARIO_INTRANET','GESTION_OPERATIVA',NULL,NULL,'150141',86,NULL,NULL,NULL,'WEB',20,NULL,'2025-12-04 18:12:58','2025-12-04 18:13:40'),(252,'Aldana David Chavez Marco','aMarco123@gmail.com','987467012','2025-12-04 22:15:43',1,'INTERNO','FORMULARIO_INTRANET','GESTION_OPERATIVA',NULL,NULL,'170102',25,NULL,NULL,NULL,'WEB',21,NULL,'2025-12-04 22:15:44','2025-12-04 22:15:44'),(253,'Aldana Chavez Marco Miguel','aMiguel123@gmail.com','987468762','2025-12-04 22:30:47',1,'INTERNO','FORMULARIO_INTRANET','GESTION_OPERATIVA',NULL,NULL,'090504',25,NULL,NULL,NULL,'WEB',22,NULL,'2025-12-04 22:30:48','2025-12-04 22:30:48'),(254,'Aldana Sevan David','alseda123@gmail.com','999999991','2025-12-05 19:50:51',1,'INTERNO','FORMULARIO_INTRANET','GESTION_OPERATIVA',NULL,NULL,'140202',26,NULL,NULL,NULL,'WEB',23,NULL,'2025-12-05 19:50:52','2025-12-05 19:50:52');
/*!40000 ALTER TABLE `leads` ENABLE KEYS */;
UNLOCK TABLES;

--
-- Table structure for table `llamada`
--

DROP TABLE IF EXISTS `llamada`;
/*!40101 SET @saved_cs_client     = @@character_set_client */;
/*!50503 SET character_set_client = utf8mb4 */;
CREATE TABLE `llamada` (
  `id` int NOT NULL AUTO_INCREMENT,
  `inicio` datetime NOT NULL DEFAULT CURRENT_TIMESTAMP,
  `fin` datetime NOT NULL,
  `id_agente` int NOT NULL,
  `id_lead` bigint NOT NULL,
  `id_resultado` int DEFAULT NULL,
  `id_campania` int NOT NULL,
  `notas` mediumtext,
  `duracion_segundos` int DEFAULT NULL COMMENT 'Duración de la llamada en segundos',
  `encuesta_enviada` tinyint(1) DEFAULT '0',
  `fecha_envio_encuesta` datetime DEFAULT NULL,
  `url_encuesta` varchar(500) DEFAULT NULL,
  PRIMARY KEY (`id`),
  UNIQUE KEY `id_UNIQUE` (`id`),
  KEY `llamada_resultado_llamada_idx` (`id_resultado`),
  KEY `llamada_campania_idx` (`id_campania`),
  KEY `llamada_agente_idx` (`id_agente`),
  KEY `llamada_lead_idx` (`id_lead`),
  CONSTRAINT `llamada_agente` FOREIGN KEY (`id_agente`) REFERENCES `agente_marketing` (`id_agente`),
  CONSTRAINT `llamada_campania` FOREIGN KEY (`id_campania`) REFERENCES `campania_telefonica` (`id`),
  CONSTRAINT `llamada_lead` FOREIGN KEY (`id_lead`) REFERENCES `leads` (`lead_id`),
  CONSTRAINT `llamada_resultado_llamada` FOREIGN KEY (`id_resultado`) REFERENCES `resultado_llamada` (`id`)
) ENGINE=InnoDB AUTO_INCREMENT=40 DEFAULT CHARSET=utf8mb4 COLLATE=utf8mb4_0900_ai_ci;
/*!40101 SET character_set_client = @saved_cs_client */;

--
-- Dumping data for table `llamada`
--

LOCK TABLES `llamada` WRITE;
/*!40000 ALTER TABLE `llamada` DISABLE KEYS */;
INSERT INTO `llamada` VALUES (1,'2025-11-30 03:52:12','2025-11-30 03:52:58',1,75,NULL,3,NULL,45,0,NULL,NULL),(2,'2025-11-30 04:24:11','2025-11-30 04:24:41',1,77,NULL,3,'No le gustan los iphone',30,0,NULL,NULL),(3,'2025-11-30 04:31:10','2025-11-30 04:31:37',1,85,2,3,'No me respondió',26,0,NULL,NULL),(4,'2025-11-30 04:54:56','2025-11-30 04:56:01',1,88,5,3,NULL,65,0,NULL,NULL),(5,'2025-11-30 04:56:43','2025-11-30 04:56:47',1,97,4,3,NULL,3,0,NULL,NULL),(6,'2025-12-01 03:47:10','2025-12-01 03:50:34',1,149,4,3,'Dijo que sentía desconfianza de la empresas',204,0,NULL,NULL),(8,'2025-12-01 07:19:27','2025-12-01 07:19:42',1,75,4,7,NULL,15,1,'2025-12-01 02:19:47','http://localhost:8080/api/encuestas/responder/Mjo3NTo4OjE3NjQ1NTU1ODczNzA'),(9,'2025-12-01 07:44:09','2025-12-01 07:44:20',1,84,4,7,NULL,11,1,'2025-12-01 02:44:26','http://localhost:5600/q/2/84'),(10,'2025-12-01 12:38:32','2025-12-01 12:38:37',1,110,4,3,NULL,5,NULL,NULL,NULL),(11,'2025-12-01 12:38:32','2025-12-01 12:38:39',1,110,4,3,NULL,7,1,'2025-12-01 07:38:44','http://localhost:5600/q/2/110'),(12,'2025-12-01 12:38:32','2025-12-01 12:38:39',1,110,4,3,NULL,7,1,'2025-12-01 07:38:44','http://localhost:5600/q/2/110'),(13,'2025-12-01 12:38:32','2025-12-01 12:38:39',1,110,4,3,NULL,7,1,'2025-12-01 07:38:45','http://localhost:5600/q/2/110'),(14,'2025-12-01 12:38:32','2025-12-01 12:38:39',1,110,4,3,NULL,7,1,'2025-12-01 07:38:45','http://localhost:5600/q/2/110'),(15,'2025-12-01 12:38:32','2025-12-01 12:38:40',1,110,4,3,NULL,8,1,'2025-12-01 07:38:45','http://localhost:5600/q/2/110'),(16,'2025-12-01 12:38:32','2025-12-01 12:38:40',1,110,4,3,NULL,8,1,'2025-12-01 07:38:50','http://localhost:5600/q/2/110'),(17,'2025-12-04 10:54:19','2025-12-04 10:54:52',1,88,2,7,NULL,33,NULL,NULL,NULL),(18,'2025-12-04 11:39:25','2025-12-04 11:39:47',1,100,3,7,NULL,22,NULL,NULL,NULL),(19,'2025-12-04 11:41:27','2025-12-04 11:42:24',1,110,1,7,'Me preguntó de donde llamaba y me colgó',56,1,'2025-12-04 06:42:35','http://localhost:5600/q/2/110'),(20,'2025-12-04 11:41:27','2025-12-04 11:42:27',1,110,1,7,'Me preguntó de donde llamaba y me colgó',59,1,'2025-12-04 06:42:38','http://localhost:5600/q/2/110'),(21,'2025-12-04 12:41:48','2025-12-04 12:42:00',1,115,4,7,NULL,11,1,'2025-12-04 07:42:10','http://localhost:5600/q/2/115'),(22,'2025-12-05 03:17:47','2025-12-05 03:18:53',1,117,2,7,'Llamarlo pronto',65,NULL,NULL,NULL),(23,'2025-12-05 09:28:31','2025-12-05 09:29:28',1,88,5,7,'El cliente desea un equipo nuevo, pregunta si le ofrecerán un descuento por haber aceptado la llamada',57,1,'2025-12-05 04:29:39','http://localhost:5600/q/2/88'),(24,'2025-12-05 10:03:48','2025-12-05 10:04:10',1,85,5,7,'le gustó el producto',22,1,'2025-12-05 05:04:23','http://localhost:5600/q/2/85'),(25,'2025-12-05 11:14:51','2025-12-05 11:15:15',1,77,5,7,'Está interesado en el producto',24,1,'2025-12-05 06:15:27','http://localhost:5600/q/2/77'),(26,'2025-12-06 06:57:07','2025-12-06 06:57:31',1,24,5,13,'Quiere más detalles',24,1,'2025-12-06 01:57:37','http://localhost:5600/q/13/24'),(27,'2025-12-06 07:18:46','2025-12-06 07:19:23',1,204,5,13,'Quiere un case navideño de regalo',36,1,'2025-12-06 02:19:28','http://localhost:5600/q/13/204'),(28,'2025-12-06 07:47:08','2025-12-06 07:48:37',1,57,5,13,'Desea contacto pronto',88,1,'2025-12-06 02:48:43','http://localhost:5600/q/13/57'),(29,'2025-12-06 08:42:23','2025-12-06 08:42:50',1,203,5,13,'quiere más información',26,1,'2025-12-06 03:43:01','http://localhost:5600/q/13/203'),(30,'2025-12-06 08:56:30','2025-12-06 08:56:48',1,219,5,13,'quiere un case de regalo',18,1,'2025-12-06 03:57:01','http://localhost:5600/q/13/219'),(31,'2025-12-06 09:17:29','2025-12-06 09:17:43',1,229,5,13,'quiere un case',14,1,'2025-12-06 04:17:54','http://localhost:5600/q/13/229'),(32,'2025-12-06 09:25:57','2025-12-06 09:26:12',1,143,5,13,'quiere regalo',14,1,'2025-12-06 04:26:23','http://localhost:5600/q/13/143'),(33,'2025-12-06 09:35:08','2025-12-06 09:35:31',1,223,5,13,'quiere un regalo por comprar',22,1,'2025-12-06 04:35:42','http://localhost:5600/q/13/223'),(34,'2025-12-06 09:45:07','2025-12-06 09:45:47',1,14,4,13,'No queria saber nada de nosotros',40,1,'2025-12-06 04:45:58','http://localhost:5600/q/13/14'),(35,'2025-12-06 09:55:03','2025-12-06 09:55:24',1,66,4,13,NULL,20,1,'2025-12-06 04:55:35','http://localhost:5600/q/13/66'),(36,'2025-12-06 10:13:44','2025-12-06 10:14:07',1,100,4,7,NULL,22,1,'2025-12-06 05:14:18','http://localhost:5600/q/2/100'),(37,'2025-12-06 10:38:28','2025-12-06 10:38:52',1,65,4,7,'No está interesada',23,1,'2025-12-06 05:39:04','http://localhost:5600/q/2/65'),(38,'2025-12-06 11:33:06','2025-12-06 11:33:48',1,224,4,13,NULL,41,1,'2025-12-06 06:33:59','http://localhost:5600/q/13/224'),(39,'2025-12-06 11:45:02','2025-12-06 11:45:50',1,59,4,13,'Escuchó speech pero no interesado',48,1,'2025-12-06 06:46:18','http://localhost:5600/q/13/59');
/*!40000 ALTER TABLE `llamada` ENABLE KEYS */;
UNLOCK TABLES;

--
-- Table structure for table `lotes_importacion`
--

DROP TABLE IF EXISTS `lotes_importacion`;
/*!40101 SET @saved_cs_client     = @@character_set_client */;
/*!50503 SET character_set_client = utf8mb4 */;
CREATE TABLE `lotes_importacion` (
  `lote_id` bigint NOT NULL AUTO_INCREMENT,
  `fecha_importacion` datetime NOT NULL DEFAULT CURRENT_TIMESTAMP,
  `origen` varchar(255) DEFAULT NULL COMMENT 'Nombre del archivo original',
  `total_registros` int NOT NULL,
  `exitosos` int NOT NULL DEFAULT '0',
  `rechazados` int NOT NULL DEFAULT '0',
  `duplicados` int DEFAULT '0',
  `con_errores` int DEFAULT '0',
  `created_at` datetime NOT NULL DEFAULT CURRENT_TIMESTAMP,
  `updated_at` datetime NOT NULL DEFAULT CURRENT_TIMESTAMP ON UPDATE CURRENT_TIMESTAMP,
  PRIMARY KEY (`lote_id`)
) ENGINE=InnoDB AUTO_INCREMENT=53 DEFAULT CHARSET=utf8mb4 COLLATE=utf8mb4_0900_ai_ci COMMENT='Control de cargas masivas (Excel/CSV)';
/*!40101 SET character_set_client = @saved_cs_client */;

--
-- Dumping data for table `lotes_importacion`
--

LOCK TABLES `lotes_importacion` WRITE;
/*!40000 ALTER TABLE `lotes_importacion` DISABLE KEYS */;
INSERT INTO `lotes_importacion` VALUES (1,'2025-11-21 22:43:31','plantilla_leads_crm.xlsx',4,4,0,0,0,'2025-11-21 22:43:31','2025-11-21 22:43:38'),(4,'2025-11-21 23:32:14','plantilla_leads_crm.xlsx',4,3,1,0,0,'2025-11-21 23:32:15','2025-11-21 23:32:37'),(5,'2025-11-21 23:34:46','plantilla_leads_crm.xlsx',4,3,1,0,0,'2025-11-21 23:34:46','2025-11-21 23:35:06'),(6,'2025-11-22 00:09:44','plantilla_leads_crm.xlsx',4,4,0,0,0,'2025-11-22 00:09:44','2025-11-22 00:10:05'),(7,'2025-11-22 00:12:28','plantilla_leads_crm.xlsx',4,4,0,0,0,'2025-11-22 00:12:29','2025-11-22 00:12:50'),(8,'2025-11-22 00:37:25','plantilla_leads_crm.xlsx',4,4,0,0,0,'2025-11-22 00:37:25','2025-11-22 00:37:47'),(9,'2025-11-22 00:38:58','plantilla_leads_crm.xlsx',7,6,1,0,0,'2025-11-22 00:38:59','2025-11-22 00:39:33'),(10,'2025-11-22 00:59:05','plantilla_leads_crm.xlsx',7,6,1,0,0,'2025-11-22 00:59:05','2025-11-22 00:59:40'),(11,'2025-11-22 01:03:47','leads_lima_peru.xlsx',30,0,30,0,0,'2025-11-22 01:03:48','2025-11-22 01:06:08'),(12,'2025-11-22 01:45:48','leads_lima_peru.xlsx',30,0,0,0,0,'2025-11-22 01:45:48','2025-11-22 01:45:50'),(13,'2025-11-22 01:49:36','leads_lima_peru.xlsx',30,0,30,0,0,'2025-11-22 01:49:36','2025-11-22 01:51:56'),(14,'2025-11-22 01:52:26','plantilla_leads_crm.xlsx',7,6,1,0,0,'2025-11-22 01:52:26','2025-11-22 01:53:01'),(15,'2025-11-22 02:11:00','plantilla_leads_crm.xlsx',7,6,1,0,0,'2025-11-22 02:11:01','2025-11-22 02:11:36'),(16,'2025-11-22 02:13:46','plantilla_leads_crm.xlsx',7,6,1,0,0,'2025-11-22 02:13:47','2025-11-22 02:14:20'),(17,'2025-11-22 02:17:06','plantilla_leads_crm.xlsx',7,3,4,0,0,'2025-11-22 02:17:06','2025-11-22 02:17:42'),(18,'2025-11-22 03:20:44','plantilla_leads_crm.xlsx',7,0,7,6,1,'2025-11-22 03:20:45','2025-11-22 03:21:19'),(19,'2025-11-22 03:21:58','plantilla_leads_crm.xlsx',7,0,7,6,1,'2025-11-22 03:21:59','2025-11-22 03:22:32'),(20,'2025-11-22 03:36:46','plantilla_leads_crm.xlsx',7,3,4,3,1,'2025-11-22 03:36:47','2025-11-22 03:37:23'),(21,'2025-11-22 03:40:13','plantilla_leads_crm.xlsx',7,3,4,3,1,'2025-11-22 03:40:14','2025-11-22 03:40:49'),(22,'2025-11-22 03:42:36','plantilla_leads_crm.xlsx',7,3,4,4,0,'2025-11-22 03:42:37','2025-11-22 03:43:12'),(23,'2025-11-22 03:45:09','plantilla_leads_crm.xlsx',7,3,4,4,0,'2025-11-22 03:45:09','2025-11-22 03:45:44'),(24,'2025-11-22 03:53:52','plantilla_leads_crm.xlsx',4,2,2,2,0,'2025-11-22 03:53:52','2025-11-22 03:54:14'),(25,'2025-11-22 04:06:54','plantilla_leads2_crm.xlsx',2,1,1,1,0,'2025-11-22 04:06:54','2025-11-22 04:07:07'),(26,'2025-11-22 04:14:18','plantilla_leads2_crm.xlsx',2,1,1,1,0,'2025-11-22 04:14:19','2025-11-22 04:14:34'),(27,'2025-11-22 04:38:59','leads_masivos_30.xlsx',30,30,0,0,0,'2025-11-22 04:38:57','2025-11-22 04:41:41'),(28,'2025-11-22 04:55:41','leads_con_direccion_texto.xlsx',30,30,0,0,0,'2025-11-22 04:55:39','2025-11-22 04:56:51'),(31,'2025-11-22 16:42:46','leads_masivos_30.xlsx',30,0,30,30,0,'2025-11-22 16:42:43','2025-11-22 16:45:08'),(32,'2025-11-22 16:53:06','leads_masivos_30.xlsx',30,0,30,30,0,'2025-11-22 16:53:03','2025-11-22 16:55:26'),(33,'2025-11-22 16:59:38','leads_con_direccion_texto.xlsx',30,30,0,0,0,'2025-11-22 16:59:35','2025-11-22 17:02:39'),(34,'2025-11-22 17:21:58','leads_con_direccion_texto.xlsx',15,15,0,0,0,'2025-11-22 17:21:55','2025-11-22 17:23:33'),(35,'2025-11-22 17:27:42','leads_con_direccion_texto.xlsx',10,10,0,0,0,'2025-11-22 17:27:39','2025-11-22 17:28:48'),(36,'2025-11-22 21:08:49','leads_lima_peru.xlsx',30,28,2,2,0,'2025-11-22 21:08:49','2025-11-22 21:11:31'),(37,'2025-11-23 01:49:37','leads_peru.xlsx',30,30,0,0,0,'2025-11-23 01:49:37','2025-11-23 01:52:52'),(38,'2025-11-23 17:50:39','leads_con_direccion_texto.xlsx',10,0,10,10,0,'2025-11-23 17:50:35','2025-11-23 17:51:11'),(39,'2025-11-23 17:59:32','leads_con_direccion_texto.xlsx',10,0,10,10,0,'2025-11-23 17:59:28','2025-11-23 18:00:03'),(40,'2025-11-23 18:00:36','leads_con_direccion_texto.xlsx',10,0,10,10,0,'2025-11-23 18:00:32','2025-11-23 18:01:07'),(41,'2025-11-23 18:00:51','leads_con_direccion_texto.xlsx',10,0,10,10,0,'2025-11-23 18:00:48','2025-11-23 18:01:22'),(42,'2025-11-23 18:12:23','leads_con_direccion_texto.xlsx',10,0,10,10,0,'2025-11-23 18:12:20','2025-11-23 18:12:54'),(43,'2025-11-23 18:16:57','leads_con_direccion_texto.xlsx',10,0,10,10,0,'2025-11-23 18:16:54','2025-11-23 18:17:29'),(44,'2025-11-23 18:22:12','leads_con_direccion_texto.xlsx',10,0,10,10,0,'2025-11-23 18:22:08','2025-11-23 18:22:43'),(45,'2025-11-23 18:38:12','leads_con_direccion_texto.xlsx',10,0,10,10,0,'2025-11-23 18:38:08','2025-11-23 18:38:43'),(46,'2025-11-23 19:26:11','leads_con_direccion_texto.xlsx',10,0,10,10,0,'2025-11-23 19:26:07','2025-11-23 19:26:42'),(47,'2025-12-04 05:07:13','leads_con_direccion_texto.xlsx',10,0,10,10,0,'2025-12-04 05:07:10','2025-12-04 05:07:46'),(48,'2025-12-04 05:09:38','leads_con_direccion_texto.xlsx',10,0,10,10,0,'2025-12-04 05:09:35','2025-12-04 05:10:10'),(49,'2025-12-04 05:16:51','leads_con_direccion_texto.xlsx',10,0,10,10,0,'2025-12-04 05:16:48','2025-12-04 05:17:24'),(50,'2025-12-04 05:25:05','leads_con_direccion_texto.xlsx',10,0,10,10,0,'2025-12-04 05:25:02','2025-12-04 05:25:38'),(51,'2025-12-04 05:33:32','leads_con_direccion_texto.xlsx',10,0,10,10,0,'2025-12-04 05:33:30','2025-12-04 05:34:05'),(52,'2025-12-04 15:56:03','importacion_ejemplo.xlsx',10,10,0,0,0,'2025-12-04 15:56:04','2025-12-04 15:56:38');
/*!40000 ALTER TABLE `lotes_importacion` ENABLE KEYS */;
UNLOCK TABLES;

--
-- Table structure for table `metricas_campana`
--

DROP TABLE IF EXISTS `metricas_campana`;
/*!40101 SET @saved_cs_client     = @@character_set_client */;
/*!50503 SET character_set_client = utf8mb4 */;
CREATE TABLE `metricas_campana` (
  `id` int NOT NULL AUTO_INCREMENT,
  `id_campana_mailing` int NOT NULL,
  `enviados` int NOT NULL DEFAULT '0',
  `entregados` int NOT NULL DEFAULT '0',
  `aperturas` int NOT NULL DEFAULT '0',
  `clics` int NOT NULL DEFAULT '0',
  `rebotes` int NOT NULL DEFAULT '0',
  `bajas` int NOT NULL DEFAULT '0',
  `actualizado_en` timestamp NULL DEFAULT NULL,
  PRIMARY KEY (`id`),
  UNIQUE KEY `uq_id_campana_mailing` (`id_campana_mailing`),
  CONSTRAINT `fk_metricas_campana` FOREIGN KEY (`id_campana_mailing`) REFERENCES `campanas_mailing` (`id`) ON DELETE CASCADE
) ENGINE=InnoDB AUTO_INCREMENT=25 DEFAULT CHARSET=utf8mb4 COLLATE=utf8mb4_0900_ai_ci;
/*!40101 SET character_set_client = @saved_cs_client */;

--
-- Dumping data for table `metricas_campana`
--

LOCK TABLES `metricas_campana` WRITE;
/*!40000 ALTER TABLE `metricas_campana` DISABLE KEYS */;
INSERT INTO `metricas_campana` VALUES (1,1,0,0,0,0,0,0,NULL),(4,4,0,0,0,0,0,0,NULL),(5,5,0,0,0,0,0,0,NULL),(6,6,0,0,0,0,0,0,NULL),(7,7,0,0,0,0,0,0,NULL),(8,8,0,0,0,0,0,0,NULL),(9,9,1,1,0,1,0,0,'2025-12-04 18:10:24'),(10,10,0,0,0,0,0,0,NULL),(11,11,1,1,0,1,0,0,'2025-12-04 19:31:05'),(12,12,1,1,0,1,0,0,'2025-12-05 14:43:39'),(13,13,1,1,0,1,0,0,'2025-12-05 15:28:05'),(14,14,1,1,0,1,0,0,'2025-12-05 16:00:28'),(15,15,0,0,0,0,0,0,NULL),(16,16,1,2,0,0,0,0,'2025-12-05 22:57:14'),(17,17,1,1,1,1,0,0,'2025-12-06 01:44:59'),(18,18,0,0,0,0,0,0,NULL),(19,19,1,2,1,1,0,0,'2025-12-06 05:14:53'),(20,20,1,1,1,1,0,0,'2025-12-06 06:08:05'),(21,21,1,1,1,1,0,0,'2025-12-06 06:47:47'),(22,22,1,1,1,1,0,0,'2025-12-06 07:16:47'),(23,23,1,2,1,1,0,0,'2025-12-06 08:07:22'),(24,24,0,0,0,0,0,0,NULL);
/*!40000 ALTER TABLE `metricas_campana` ENABLE KEYS */;
UNLOCK TABLES;

--
-- Table structure for table `plantilla_campana`
--

DROP TABLE IF EXISTS `plantilla_campana`;
/*!40101 SET @saved_cs_client     = @@character_set_client */;
/*!50503 SET character_set_client = utf8mb4 */;
CREATE TABLE `plantilla_campana` (
  `id_plantilla` int NOT NULL AUTO_INCREMENT,
  `nombre` varchar(100) NOT NULL,
  `tematica` varchar(150) NOT NULL,
  `descripcion` text,
  `canal_ejecucion` enum('Llamadas','Mailing') DEFAULT NULL,
  `id_segmento` bigint DEFAULT NULL,
  `id_encuesta` int DEFAULT NULL,
  `fecha_creacion` timestamp NOT NULL DEFAULT CURRENT_TIMESTAMP,
  `fecha_modificacion` timestamp NOT NULL DEFAULT CURRENT_TIMESTAMP ON UPDATE CURRENT_TIMESTAMP,
  PRIMARY KEY (`id_plantilla`),
  KEY `idx_plantilla_canal` (`canal_ejecucion`)
) ENGINE=InnoDB AUTO_INCREMENT=4 DEFAULT CHARSET=utf8mb4 COLLATE=utf8mb4_0900_ai_ci;
/*!40101 SET character_set_client = @saved_cs_client */;

--
-- Dumping data for table `plantilla_campana`
--

LOCK TABLES `plantilla_campana` WRITE;
/*!40000 ALTER TABLE `plantilla_campana` DISABLE KEYS */;
INSERT INTO `plantilla_campana` VALUES (1,'Prueba','prueba','','Mailing',8,2,'2025-11-28 06:22:05','2025-11-28 06:22:05'),(2,'test','test','','Mailing',NULL,NULL,'2025-11-28 06:45:11','2025-11-28 06:45:11'),(3,'test 2','test','',NULL,NULL,NULL,'2025-11-28 06:46:36','2025-11-28 06:46:36');
/*!40000 ALTER TABLE `plantilla_campana` ENABLE KEYS */;
UNLOCK TABLES;

--
-- Table structure for table `provincias`
--

DROP TABLE IF EXISTS `provincias`;
/*!40101 SET @saved_cs_client     = @@character_set_client */;
/*!50503 SET character_set_client = utf8mb4 */;
CREATE TABLE `provincias` (
  `id_provincia` varchar(4) NOT NULL COMMENT 'Coincide con el ID del INEI (ej: 0101)',
  `nombre` varchar(255) DEFAULT NULL,
  `id_departamento` varchar(2) NOT NULL,
  PRIMARY KEY (`id_provincia`),
  KEY `fk_prov_departamento` (`id_departamento`),
  KEY `idx_provincia_nombre` (`nombre`),
  CONSTRAINT `fk_prov_departamento` FOREIGN KEY (`id_departamento`) REFERENCES `departamentos` (`id_departamento`)
) ENGINE=InnoDB DEFAULT CHARSET=utf8mb4 COLLATE=utf8mb4_0900_ai_ci COMMENT='Provincias del Perú (INEI)';
/*!40101 SET character_set_client = @saved_cs_client */;

--
-- Dumping data for table `provincias`
--

LOCK TABLES `provincias` WRITE;
/*!40000 ALTER TABLE `provincias` DISABLE KEYS */;
INSERT INTO `provincias` VALUES ('0101','Chachapoyas','01'),('0102','Bagua','01'),('0103','Bongará','01'),('0104','Condorcanqui','01'),('0105','Luya','01'),('0106','Rodríguez de Mendoza','01'),('0107','Utcubamba','01'),('0201','Huaraz','02'),('0202','Aija','02'),('0203','Antonio Raymondi','02'),('0204','Asunción','02'),('0205','Bolognesi','02'),('0206','Carhuaz','02'),('0207','Carlos Fermín Fitzcarrald','02'),('0208','Casma','02'),('0209','Corongo','02'),('0210','Huari','02'),('0211','Huarmey','02'),('0212','Huaylas','02'),('0213','Mariscal Luzuriaga','02'),('0214','Ocros','02'),('0215','Pallasca','02'),('0216','Pomabamba','02'),('0217','Recuay','02'),('0218','Santa','02'),('0219','Sihuas','02'),('0220','Yungay','02'),('0301','Abancay','03'),('0302','Andahuaylas','03'),('0303','Antabamba','03'),('0304','Aymaraes','03'),('0305','Cotabambas','03'),('0306','Chincheros','03'),('0307','Grau','03'),('0401','Arequipa','04'),('0402','Camaná','04'),('0403','Caravelí','04'),('0404','Castilla','04'),('0405','Caylloma','04'),('0406','Condesuyos','04'),('0407','Islay','04'),('0408','La Uniòn','04'),('0501','Huamanga','05'),('0502','Cangallo','05'),('0503','Huanca Sancos','05'),('0504','Huanta','05'),('0505','La Mar','05'),('0506','Lucanas','05'),('0507','Parinacochas','05'),('0508','Pàucar del Sara Sara','05'),('0509','Sucre','05'),('0510','Víctor Fajardo','05'),('0511','Vilcas Huamán','05'),('0601','Cajamarca','06'),('0602','Cajabamba','06'),('0603','Celendín','06'),('0604','Chota','06'),('0605','Contumazá','06'),('0606','Cutervo','06'),('0607','Hualgayoc','06'),('0608','Jaén','06'),('0609','San Ignacio','06'),('0610','San Marcos','06'),('0611','San Miguel','06'),('0612','San Pablo','06'),('0613','Santa Cruz','06'),('0701','Prov. Const. del Callao','07'),('0801','Cusco','08'),('0802','Acomayo','08'),('0803','Anta','08'),('0804','Calca','08'),('0805','Canas','08'),('0806','Canchis','08'),('0807','Chumbivilcas','08'),('0808','Espinar','08'),('0809','La Convención','08'),('0810','Paruro','08'),('0811','Paucartambo','08'),('0812','Quispicanchi','08'),('0813','Urubamba','08'),('0901','Huancavelica','09'),('0902','Acobamba','09'),('0903','Angaraes','09'),('0904','Castrovirreyna','09'),('0905','Churcampa','09'),('0906','Huaytará','09'),('0907','Tayacaja','09'),('1001','Huánuco','10'),('1002','Ambo','10'),('1003','Dos de Mayo','10'),('1004','Huacaybamba','10'),('1005','Huamalíes','10'),('1006','Leoncio Prado','10'),('1007','Marañón','10'),('1008','Pachitea','10'),('1009','Puerto Inca','10'),('1010','Lauricocha ','10'),('1011','Yarowilca ','10'),('1101','Ica ','11'),('1102','Chincha ','11'),('1103','Nasca ','11'),('1104','Palpa ','11'),('1105','Pisco ','11'),('1201','Huancayo ','12'),('1202','Concepción ','12'),('1203','Chanchamayo ','12'),('1204','Jauja ','12'),('1205','Junín ','12'),('1206','Satipo ','12'),('1207','Tarma ','12'),('1208','Yauli ','12'),('1209','Chupaca ','12'),('1301','Trujillo ','13'),('1302','Ascope ','13'),('1303','Bolívar ','13'),('1304','Chepén ','13'),('1305','Julcán ','13'),('1306','Otuzco ','13'),('1307','Pacasmayo ','13'),('1308','Pataz ','13'),('1309','Sánchez Carrión ','13'),('1310','Santiago de Chuco ','13'),('1311','Gran Chimú ','13'),('1312','Virú ','13'),('1401','Chiclayo ','14'),('1402','Ferreñafe ','14'),('1403','Lambayeque ','14'),('1501','Lima ','15'),('1502','Barranca ','15'),('1503','Cajatambo ','15'),('1504','Canta ','15'),('1505','Cañete ','15'),('1506','Huaral ','15'),('1507','Huarochirí ','15'),('1508','Huaura ','15'),('1509','Oyón ','15'),('1510','Yauyos ','15'),('1601','Maynas ','16'),('1602','Alto Amazonas ','16'),('1603','Loreto ','16'),('1604','Mariscal Ramón Castilla ','16'),('1605','Requena ','16'),('1606','Ucayali ','16'),('1607','Datem del Marañón ','16'),('1608','Putumayo','16'),('1701','Tambopata ','17'),('1702','Manu ','17'),('1703','Tahuamanu ','17'),('1801','Mariscal Nieto ','18'),('1802','General Sánchez Cerro ','18'),('1803','Ilo ','18'),('1901','Pasco ','19'),('1902','Daniel Alcides Carrión ','19'),('1903','Oxapampa ','19'),('2001','Piura ','20'),('2002','Ayabaca ','20'),('2003','Huancabamba ','20'),('2004','Morropón ','20'),('2005','Paita ','20'),('2006','Sullana ','20'),('2007','Talara ','20'),('2008','Sechura ','20'),('2101','Puno ','21'),('2102','Azángaro ','21'),('2103','Carabaya ','21'),('2104','Chucuito ','21'),('2105','El Collao ','21'),('2106','Huancané ','21'),('2107','Lampa ','21'),('2108','Melgar ','21'),('2109','Moho ','21'),('2110','San Antonio de Putina ','21'),('2111','San Román ','21'),('2112','Sandia ','21'),('2113','Yunguyo ','21'),('2201','Moyobamba ','22'),('2202','Bellavista ','22'),('2203','El Dorado ','22'),('2204','Huallaga ','22'),('2205','Lamas ','22'),('2206','Mariscal Cáceres ','22'),('2207','Picota ','22'),('2208','Rioja ','22'),('2209','San Martín ','22'),('2210','Tocache ','22'),('2301','Tacna ','23'),('2302','Candarave ','23'),('2303','Jorge Basadre ','23'),('2304','Tarata ','23'),('2401','Tumbes ','24'),('2402','Contralmirante Villar ','24'),('2403','Zarumilla ','24'),('2501','Coronel Portillo ','25'),('2502','Atalaya ','25'),('2503','Padre Abad ','25'),('2504','Purús','25');
/*!40000 ALTER TABLE `provincias` ENABLE KEYS */;
UNLOCK TABLES;

--
-- Table structure for table `registros_importados`
--

DROP TABLE IF EXISTS `registros_importados`;
/*!40101 SET @saved_cs_client     = @@character_set_client */;
/*!50503 SET character_set_client = utf8mb4 */;
CREATE TABLE `registros_importados` (
  `registro_id` bigint NOT NULL AUTO_INCREMENT,
  `lote_id` bigint NOT NULL,
  `estado_proceso_id` int NOT NULL,
  `motivo_rechazo` varchar(500) DEFAULT NULL,
  `datos_originales` json DEFAULT NULL COMMENT 'Fila original del CSV/Excel en JSON',
  `created_at` datetime NOT NULL DEFAULT CURRENT_TIMESTAMP,
  `updated_at` datetime NOT NULL DEFAULT CURRENT_TIMESTAMP ON UPDATE CURRENT_TIMESTAMP,
  PRIMARY KEY (`registro_id`),
  KEY `fk_regimp_lote` (`lote_id`),
  KEY `fk_regimp_estado` (`estado_proceso_id`),
  CONSTRAINT `fk_regimp_estado` FOREIGN KEY (`estado_proceso_id`) REFERENCES `estados_proceso` (`estado_proceso_id`),
  CONSTRAINT `fk_regimp_lote` FOREIGN KEY (`lote_id`) REFERENCES `lotes_importacion` (`lote_id`)
) ENGINE=InnoDB AUTO_INCREMENT=653 DEFAULT CHARSET=utf8mb4 COLLATE=utf8mb4_0900_ai_ci COMMENT='Fila individual de un lote de importación';
/*!40101 SET character_set_client = @saved_cs_client */;

--
-- Dumping data for table `registros_importados`
--

LOCK TABLES `registros_importados` WRITE;
/*!40000 ALTER TABLE `registros_importados` DISABLE KEYS */;
INSERT INTO `registros_importados` VALUES (1,1,2,NULL,'{\"edad\": \"28.0\", \"email\": \"carlos.import@empresa.com\", \"genero\": \"M\", \"telefono\": \"999111222\", \"utm_medium\": \"cpc\", \"utm_source\": \"google_ads\", \"distrito_id\": \"150101\", \"utm_campaign\": \"campaña_invierno\", \"nombre_completo\": \"Carlos Importado\"}','2025-11-21 22:43:32','2025-11-21 22:43:38'),(2,1,2,NULL,'{\"edad\": \"35.0\", \"email\": \"lucia.excel@empresa.com\", \"genero\": \"F\", \"telefono\": \"988777666\", \"utm_medium\": \"email\", \"utm_source\": \"base_datos_antigua\", \"distrito_id\": \"150122\", \"utm_campaign\": \"reactivacion\", \"nombre_completo\": \"Lucia Excel\"}','2025-11-21 22:43:33','2025-11-21 22:43:38'),(3,1,2,NULL,'{\"edad\": \"40.0\", \"email\": \"sindistrito@prueba.com\", \"genero\": \"M\", \"telefono\": \"900000000\", \"utm_medium\": \"presencial\", \"utm_source\": \"feria\", \"distrito_id\": \"\", \"utm_campaign\": \"evento_2025\", \"nombre_completo\": \"Lead Sin Distrito\"}','2025-11-21 22:43:35','2025-11-21 22:43:38'),(4,1,2,NULL,'{\"edad\": \"29.0\", \"email\": \"maria.si@empresa.com\", \"genero\": \"F\", \"telefono\": \"977666555\", \"utm_medium\": \"post\", \"utm_source\": \"linkedin\", \"distrito_id\": \"150131\", \"utm_campaign\": \"networking\", \"nombre_completo\": \"Maria San Isidro\"}','2025-11-21 22:43:36','2025-11-21 22:43:39'),(13,4,2,NULL,'{\"edad\": \"28.0\", \"email\": \"carlos.import@empresa.com\", \"genero\": \"M\", \"telefono\": \"999111222\", \"utm_medium\": \"cpc\", \"utm_source\": \"google_ads\", \"distrito_id\": \"150101\", \"utm_campaign\": \"campaña_invierno\", \"nombre_completo\": \"Carlos Importado\"}','2025-11-21 23:32:17','2025-11-21 23:32:20'),(14,4,2,NULL,'{\"edad\": \"35.0\", \"email\": \"lucia.excel@empresa.com\", \"genero\": \"F\", \"telefono\": \"988777666\", \"utm_medium\": \"email\", \"utm_source\": \"base_datos_antigua\", \"distrito_id\": \"150122\", \"utm_campaign\": \"reactivacion\", \"nombre_completo\": \"Lucia Excel\"}','2025-11-21 23:32:22','2025-11-21 23:32:25'),(15,4,3,'could not execute statement [Cannot add or update a child row: a foreign key constraint fails (`railway`.`leads`, CONSTRAINT `fk_lead_distrito` FOREIGN KEY (`distrito_id`) REFERENCES `distritos` (`id_distrito`) ON DELETE SET NULL)] [insert into leads (email,telefono,created_at,distrito_id,edad,estado_civil,genero,nivel_educativo,envio_formulario_id,estado_lead_id,fecha_creacion,nombre_completo,registro_importado_id,utm_campaign,utm_content,utm_medium,utm_source,utm_term,updated_at,fuente_tipo) v','{\"edad\": \"40.0\", \"email\": \"sindistrito@prueba.com\", \"genero\": \"M\", \"telefono\": \"900000000\", \"utm_medium\": \"presencial\", \"utm_source\": \"feria\", \"distrito_id\": \"\", \"utm_campaign\": \"evento_2025\", \"nombre_completo\": \"Lead Sin Distrito\"}','2025-11-21 23:32:26','2025-11-21 23:32:30'),(16,4,2,NULL,'{\"edad\": \"29.0\", \"email\": \"maria.si@empresa.com\", \"genero\": \"F\", \"telefono\": \"977666555\", \"utm_medium\": \"post\", \"utm_source\": \"linkedin\", \"distrito_id\": \"150131\", \"utm_campaign\": \"networking\", \"nombre_completo\": \"Maria San Isidro\"}','2025-11-21 23:32:31','2025-11-21 23:32:35'),(17,5,2,NULL,'{\"edad\": \"28.0\", \"email\": \"carlos.import@empresa.com\", \"genero\": \"M\", \"telefono\": \"999111222\", \"utm_medium\": \"cpc\", \"utm_source\": \"google_ads\", \"distrito_id\": \"150101\", \"utm_campaign\": \"campaña_invierno\", \"nombre_completo\": \"Carlos Importado\"}','2025-11-21 23:34:48','2025-11-21 23:34:51'),(18,5,2,NULL,'{\"edad\": \"35.0\", \"email\": \"lucia.excel@empresa.com\", \"genero\": \"F\", \"telefono\": \"988777666\", \"utm_medium\": \"email\", \"utm_source\": \"base_datos_antigua\", \"distrito_id\": \"150122\", \"utm_campaign\": \"reactivacion\", \"nombre_completo\": \"Lucia Excel\"}','2025-11-21 23:34:52','2025-11-21 23:34:55'),(19,5,3,'could not execute statement [Cannot add or update a child row: a foreign key constraint fails (`railway`.`leads`, CONSTRAINT `fk_lead_distrito` FOREIGN KEY (`distrito_id`) REFERENCES `distritos` (`id_distrito`) ON DELETE SET NULL)] [insert into leads (email,telefono,created_at,distrito_id,edad,estado_civil,genero,nivel_educativo,envio_formulario_id,estado_lead_id,fecha_creacion,nombre_completo,registro_importado_id,utm_campaign,utm_content,utm_medium,utm_source,utm_term,updated_at,fuente_tipo) v','{\"edad\": \"40.0\", \"email\": \"sindistrito@prueba.com\", \"genero\": \"M\", \"telefono\": \"900000000\", \"utm_medium\": \"presencial\", \"utm_source\": \"feria\", \"distrito_id\": \"\", \"utm_campaign\": \"evento_2025\", \"nombre_completo\": \"Lead Sin Distrito\"}','2025-11-21 23:34:57','2025-11-21 23:35:00'),(20,5,2,NULL,'{\"edad\": \"29.0\", \"email\": \"maria.si@empresa.com\", \"genero\": \"F\", \"telefono\": \"977666555\", \"utm_medium\": \"post\", \"utm_source\": \"linkedin\", \"distrito_id\": \"150131\", \"utm_campaign\": \"networking\", \"nombre_completo\": \"Maria San Isidro\"}','2025-11-21 23:35:01','2025-11-21 23:35:04'),(21,6,2,NULL,'{\"edad\": \"28.0\", \"email\": \"carlos.import@empresa.com\", \"genero\": \"M\", \"telefono\": \"999111222\", \"utm_medium\": \"cpc\", \"utm_source\": \"google_ads\", \"distrito_id\": \"150101\", \"utm_campaign\": \"campaña_invierno\", \"nombre_completo\": \"Carlos Importado\"}','2025-11-22 00:09:47','2025-11-22 00:09:50'),(22,6,2,NULL,'{\"edad\": \"35.0\", \"email\": \"lucia.excel@empresa.com\", \"genero\": \"F\", \"telefono\": \"988777666\", \"utm_medium\": \"email\", \"utm_source\": \"base_datos_antigua\", \"distrito_id\": \"150122\", \"utm_campaign\": \"reactivacion\", \"nombre_completo\": \"Lucia Excel\"}','2025-11-22 00:09:51','2025-11-22 00:09:54'),(23,6,2,NULL,'{\"edad\": \"40.0\", \"email\": \"sindistrito@prueba.com\", \"genero\": \"M\", \"telefono\": \"900000000\", \"utm_medium\": \"presencial\", \"utm_source\": \"feria\", \"distrito_id\": \"\", \"utm_campaign\": \"evento_2025\", \"nombre_completo\": \"Lead Sin Distrito\"}','2025-11-22 00:09:55','2025-11-22 00:09:59'),(24,6,2,NULL,'{\"edad\": \"29.0\", \"email\": \"maria.si@empresa.com\", \"genero\": \"F\", \"telefono\": \"977666555\", \"utm_medium\": \"post\", \"utm_source\": \"linkedin\", \"distrito_id\": \"150131\", \"utm_campaign\": \"networking\", \"nombre_completo\": \"Maria San Isidro\"}','2025-11-22 00:10:00','2025-11-22 00:10:03'),(25,7,2,NULL,'{\"edad\": \"28.0\", \"email\": \"carlos.import@empresa.com\", \"genero\": \"M\", \"telefono\": \"999111222\", \"utm_medium\": \"cpc\", \"utm_source\": \"google_ads\", \"distrito_id\": \"150101\", \"utm_campaign\": \"campaña_invierno\", \"nombre_completo\": \"Carlos Importado\"}','2025-11-22 00:12:31','2025-11-22 00:12:34'),(26,7,2,NULL,'{\"edad\": \"35.0\", \"email\": \"lucia.excel@empresa.com\", \"genero\": \"F\", \"telefono\": \"988777666\", \"utm_medium\": \"email\", \"utm_source\": \"base_datos_antigua\", \"distrito_id\": \"150122\", \"utm_campaign\": \"reactivacion\", \"nombre_completo\": \"Lucia Excel\"}','2025-11-22 00:12:36','2025-11-22 00:12:39'),(27,7,2,NULL,'{\"edad\": \"40.0\", \"email\": \"sindistrito@prueba.com\", \"genero\": \"M\", \"telefono\": \"900000000\", \"utm_medium\": \"presencial\", \"utm_source\": \"feria\", \"distrito_id\": \"\", \"utm_campaign\": \"evento_2025\", \"nombre_completo\": \"Lead Sin Distrito\"}','2025-11-22 00:12:40','2025-11-22 00:12:43'),(28,7,2,NULL,'{\"edad\": \"29.0\", \"email\": \"maria.si@empresa.com\", \"genero\": \"F\", \"telefono\": \"977666555\", \"utm_medium\": \"post\", \"utm_source\": \"linkedin\", \"distrito_id\": \"150131\", \"utm_campaign\": \"networking\", \"nombre_completo\": \"Maria San Isidro\"}','2025-11-22 00:12:45','2025-11-22 00:12:48'),(29,8,2,NULL,'{\"edad\": \"28.0\", \"email\": \"carlos.import@empresa.com\", \"genero\": \"M\", \"telefono\": \"999111222\", \"utm_medium\": \"cpc\", \"utm_source\": \"google_ads\", \"distrito_id\": \"150101\", \"utm_campaign\": \"campaña_invierno\", \"nombre_completo\": \"Carlos Importado\"}','2025-11-22 00:37:28','2025-11-22 00:37:31'),(30,8,2,NULL,'{\"edad\": \"35.0\", \"email\": \"lucia.excel@empresa.com\", \"genero\": \"F\", \"telefono\": \"988777666\", \"utm_medium\": \"email\", \"utm_source\": \"base_datos_antigua\", \"distrito_id\": \"150122\", \"utm_campaign\": \"reactivacion\", \"nombre_completo\": \"Lucia Excel\"}','2025-11-22 00:37:33','2025-11-22 00:37:36'),(31,8,2,NULL,'{\"edad\": \"40.0\", \"email\": \"sindistrito@prueba.com\", \"genero\": \"M\", \"telefono\": \"900000000\", \"utm_medium\": \"presencial\", \"utm_source\": \"feria\", \"distrito_id\": \"\", \"utm_campaign\": \"evento_2025\", \"nombre_completo\": \"Lead Sin Distrito\"}','2025-11-22 00:37:37','2025-11-22 00:37:40'),(32,8,2,NULL,'{\"edad\": \"29.0\", \"email\": \"maria.si@empresa.com\", \"genero\": \"F\", \"telefono\": \"977666555\", \"utm_medium\": \"post\", \"utm_source\": \"linkedin\", \"distrito_id\": \"150131\", \"utm_campaign\": \"networking\", \"nombre_completo\": \"Maria San Isidro\"}','2025-11-22 00:37:42','2025-11-22 00:37:45'),(33,9,2,NULL,'{\"edad\": \"28.0\", \"email\": \"carlos.import@empresa.com\", \"genero\": \"M\", \"telefono\": \"999111222\", \"utm_medium\": \"cpc\", \"utm_source\": \"google_ads\", \"distrito_id\": \"150101\", \"utm_campaign\": \"campaña_invierno\", \"nombre_completo\": \"Carlos Importado\"}','2025-11-22 00:39:01','2025-11-22 00:39:04'),(34,9,2,NULL,'{\"edad\": \"35.0\", \"email\": \"lucia.excel@empresa.com\", \"genero\": \"F\", \"telefono\": \"988777666\", \"utm_medium\": \"email\", \"utm_source\": \"base_datos_antigua\", \"distrito_id\": \"150122\", \"utm_campaign\": \"reactivacion\", \"nombre_completo\": \"Lucia Excel\"}','2025-11-22 00:39:06','2025-11-22 00:39:09'),(35,9,2,NULL,'{\"edad\": \"40.0\", \"email\": \"sindistrito@prueba.com\", \"genero\": \"M\", \"telefono\": \"900000000\", \"utm_medium\": \"presencial\", \"utm_source\": \"feria\", \"distrito_id\": \"\", \"utm_campaign\": \"evento_2025\", \"nombre_completo\": \"Lead Sin Distrito\"}','2025-11-22 00:39:10','2025-11-22 00:39:13'),(36,9,2,NULL,'{\"edad\": \"29.0\", \"email\": \"maria.si@empresa.com\", \"genero\": \"F\", \"telefono\": \"977666555\", \"utm_medium\": \"post\", \"utm_source\": \"linkedin\", \"distrito_id\": \"150131\", \"utm_campaign\": \"networking\", \"nombre_completo\": \"Maria San Isidro\"}','2025-11-22 00:39:14','2025-11-22 00:39:17'),(37,9,2,NULL,'{\"edad\": \"29.0\", \"email\": \"maria.si@empresa.com\", \"genero\": \"F\", \"telefono\": \"977666555\", \"utm_medium\": \"post\", \"utm_source\": \"linkedin\", \"distrito_id\": \"150131\", \"utm_campaign\": \"networking\", \"nombre_completo\": \"Maria San Isidro\"}','2025-11-22 00:39:19','2025-11-22 00:39:21'),(38,9,3,'could not execute statement [Cannot add or update a child row: a foreign key constraint fails (`railway`.`leads`, CONSTRAINT `fk_lead_distrito` FOREIGN KEY (`distrito_id`) REFERENCES `distritos` (`id_distrito`) ON DELETE SET NULL)] [insert into leads (email,telefono,created_at,distrito_id,edad,estado_civil,genero,nivel_educativo,envio_formulario_id,estado_lead_id,fecha_creacion,nombre_completo,registro_importado_id,utm_campaign,utm_content,utm_medium,utm_source,utm_term,updated_at,fuente_tipo) v','{\"edad\": \"dawd\", \"email\": \"adaw\", \"genero\": \"awdaw\", \"telefono\": \"dawdwa\", \"utm_medium\": \"dwa\", \"utm_source\": \"daw\", \"distrito_id\": \"dawdwa\", \"utm_campaign\": \"daw\", \"nombre_completo\": \"dawd\"}','2025-11-22 00:39:23','2025-11-22 00:39:26'),(39,9,2,NULL,'{\"edad\": \"\", \"email\": \"\", \"genero\": \"\", \"telefono\": \"\", \"utm_medium\": \"\", \"utm_source\": \"\", \"distrito_id\": \"\", \"utm_campaign\": \"\", \"nombre_completo\": \"\"}','2025-11-22 00:39:27','2025-11-22 00:39:31'),(40,10,2,NULL,'{\"edad\": \"28.0\", \"email\": \"carlos.import@empresa.com\", \"genero\": \"M\", \"telefono\": \"999111222\", \"utm_medium\": \"cpc\", \"utm_source\": \"google_ads\", \"distrito_id\": \"150101\", \"utm_campaign\": \"campaña_invierno\", \"nombre_completo\": \"Carlos Importado\"}','2025-11-22 00:59:09','2025-11-22 00:59:12'),(41,10,2,NULL,'{\"edad\": \"35.0\", \"email\": \"lucia.excel@empresa.com\", \"genero\": \"F\", \"telefono\": \"988777666\", \"utm_medium\": \"email\", \"utm_source\": \"base_datos_antigua\", \"distrito_id\": \"150122\", \"utm_campaign\": \"reactivacion\", \"nombre_completo\": \"Lucia Excel\"}','2025-11-22 00:59:13','2025-11-22 00:59:16'),(42,10,2,NULL,'{\"edad\": \"40.0\", \"email\": \"sindistrito@prueba.com\", \"genero\": \"M\", \"telefono\": \"900000000\", \"utm_medium\": \"presencial\", \"utm_source\": \"feria\", \"distrito_id\": \"\", \"utm_campaign\": \"evento_2025\", \"nombre_completo\": \"Lead Sin Distrito\"}','2025-11-22 00:59:17','2025-11-22 00:59:20'),(43,10,2,NULL,'{\"edad\": \"29.0\", \"email\": \"maria.si@empresa.com\", \"genero\": \"F\", \"telefono\": \"977666555\", \"utm_medium\": \"post\", \"utm_source\": \"linkedin\", \"distrito_id\": \"150131\", \"utm_campaign\": \"networking\", \"nombre_completo\": \"Maria San Isidro\"}','2025-11-22 00:59:22','2025-11-22 00:59:25'),(44,10,2,NULL,'{\"edad\": \"29.0\", \"email\": \"maria.si@empresa.com\", \"genero\": \"F\", \"telefono\": \"977666555\", \"utm_medium\": \"post\", \"utm_source\": \"linkedin\", \"distrito_id\": \"150131\", \"utm_campaign\": \"networking\", \"nombre_completo\": \"Maria San Isidro\"}','2025-11-22 00:59:26','2025-11-22 00:59:29'),(45,10,3,'could not execute statement [Cannot add or update a child row: a foreign key constraint fails (`railway`.`leads`, CONSTRAINT `fk_lead_distrito` FOREIGN KEY (`distrito_id`) REFERENCES `distritos` (`id_distrito`) ON DELETE SET NULL)] [insert into leads (email,telefono,created_at,distrito_id,edad,estado_civil,genero,nivel_educativo,envio_formulario_id,estado_lead_id,fecha_creacion,nombre_completo,registro_importado_id,utm_campaign,utm_content,utm_medium,utm_source,utm_term,updated_at,fuente_tipo) v','{\"edad\": \"dawd\", \"email\": \"adaw\", \"genero\": \"awdaw\", \"telefono\": \"dawdwa\", \"utm_medium\": \"dwa\", \"utm_source\": \"daw\", \"distrito_id\": \"dawdwa\", \"utm_campaign\": \"daw\", \"nombre_completo\": \"dawd\"}','2025-11-22 00:59:30','2025-11-22 00:59:33'),(46,10,2,NULL,'{\"edad\": \"\", \"email\": \"\", \"genero\": \"\", \"telefono\": \"\", \"utm_medium\": \"\", \"utm_source\": \"\", \"distrito_id\": \"\", \"utm_campaign\": \"\", \"nombre_completo\": \"\"}','2025-11-22 00:59:35','2025-11-22 00:59:38'),(47,11,3,'could not execute statement [Data truncation: Data too long for column \'distrito_id\' at row 1] [insert into leads (email,telefono,created_at,distrito_id,edad,estado_civil,genero,nivel_educativo,envio_formulario_id,estado_lead_id,fecha_creacion,nombre_completo,registro_importado_id,utm_campaign,utm_content,utm_medium,utm_source,utm_term,updated_at,fuente_tipo) values (?,?,?,?,?,?,?,?,?,?,?,?,?,?,?,?,?,?,?,\'IMPORTACION\')]; SQL [insert into leads (email,telefono,created_at,distrito_id,edad,estado_c','{\"edad\": \"\", \"email\": \"luis.ramirez@gmail.com\", \"genero\": \"\", \"telefono\": \"974380731\", \"utm_medium\": \"\", \"utm_source\": \"\", \"distrito_id\": \"Santiago de Surco, Lima\", \"utm_campaign\": \"\", \"nombre_completo\": \"Luis Ramirez\"}','2025-11-22 01:03:50','2025-11-22 01:03:53'),(48,11,3,'could not execute statement [Data truncation: Data too long for column \'distrito_id\' at row 1] [insert into leads (email,telefono,created_at,distrito_id,edad,estado_civil,genero,nivel_educativo,envio_formulario_id,estado_lead_id,fecha_creacion,nombre_completo,registro_importado_id,utm_campaign,utm_content,utm_medium,utm_source,utm_term,updated_at,fuente_tipo) values (?,?,?,?,?,?,?,?,?,?,?,?,?,?,?,?,?,?,?,\'IMPORTACION\')]; SQL [insert into leads (email,telefono,created_at,distrito_id,edad,estado_c','{\"edad\": \"\", \"email\": \"thiago.reyes@gmail.com\", \"genero\": \"\", \"telefono\": \"977462500\", \"utm_medium\": \"\", \"utm_source\": \"\", \"distrito_id\": \"Barranco, Lima\", \"utm_campaign\": \"\", \"nombre_completo\": \"Thiago Reyes\"}','2025-11-22 01:03:55','2025-11-22 01:03:58'),(49,11,3,'could not execute statement [Data truncation: Data too long for column \'distrito_id\' at row 1] [insert into leads (email,telefono,created_at,distrito_id,edad,estado_civil,genero,nivel_educativo,envio_formulario_id,estado_lead_id,fecha_creacion,nombre_completo,registro_importado_id,utm_campaign,utm_content,utm_medium,utm_source,utm_term,updated_at,fuente_tipo) values (?,?,?,?,?,?,?,?,?,?,?,?,?,?,?,?,?,?,?,\'IMPORTACION\')]; SQL [insert into leads (email,telefono,created_at,distrito_id,edad,estado_c','{\"edad\": \"\", \"email\": \"luciana.vargas@gmail.com\", \"genero\": \"\", \"telefono\": \"916936639\", \"utm_medium\": \"\", \"utm_source\": \"\", \"distrito_id\": \"Miraflores, Lima\", \"utm_campaign\": \"\", \"nombre_completo\": \"Luciana Vargas\"}','2025-11-22 01:03:59','2025-11-22 01:04:03'),(50,11,3,'could not execute statement [Data truncation: Data too long for column \'distrito_id\' at row 1] [insert into leads (email,telefono,created_at,distrito_id,edad,estado_civil,genero,nivel_educativo,envio_formulario_id,estado_lead_id,fecha_creacion,nombre_completo,registro_importado_id,utm_campaign,utm_content,utm_medium,utm_source,utm_term,updated_at,fuente_tipo) values (?,?,?,?,?,?,?,?,?,?,?,?,?,?,?,?,?,?,?,\'IMPORTACION\')]; SQL [insert into leads (email,telefono,created_at,distrito_id,edad,estado_c','{\"edad\": \"\", \"email\": \"maria.flores@gmail.com\", \"genero\": \"\", \"telefono\": \"967100283\", \"utm_medium\": \"\", \"utm_source\": \"\", \"distrito_id\": \"Jesús María, Lima\", \"utm_campaign\": \"\", \"nombre_completo\": \"Maria Flores\"}','2025-11-22 01:04:04','2025-11-22 01:04:07'),(51,11,3,'could not execute statement [Data truncation: Data too long for column \'distrito_id\' at row 1] [insert into leads (email,telefono,created_at,distrito_id,edad,estado_civil,genero,nivel_educativo,envio_formulario_id,estado_lead_id,fecha_creacion,nombre_completo,registro_importado_id,utm_campaign,utm_content,utm_medium,utm_source,utm_term,updated_at,fuente_tipo) values (?,?,?,?,?,?,?,?,?,?,?,?,?,?,?,?,?,?,?,\'IMPORTACION\')]; SQL [insert into leads (email,telefono,created_at,distrito_id,edad,estado_c','{\"edad\": \"\", \"email\": \"ana.flores@gmail.com\", \"genero\": \"\", \"telefono\": \"908269534\", \"utm_medium\": \"\", \"utm_source\": \"\", \"distrito_id\": \"Barranco, Lima\", \"utm_campaign\": \"\", \"nombre_completo\": \"Ana Flores\"}','2025-11-22 01:04:08','2025-11-22 01:04:12'),(52,11,3,'could not execute statement [Data truncation: Data too long for column \'distrito_id\' at row 1] [insert into leads (email,telefono,created_at,distrito_id,edad,estado_civil,genero,nivel_educativo,envio_formulario_id,estado_lead_id,fecha_creacion,nombre_completo,registro_importado_id,utm_campaign,utm_content,utm_medium,utm_source,utm_term,updated_at,fuente_tipo) values (?,?,?,?,?,?,?,?,?,?,?,?,?,?,?,?,?,?,?,\'IMPORTACION\')]; SQL [insert into leads (email,telefono,created_at,distrito_id,edad,estado_c','{\"edad\": \"\", \"email\": \"jose.huaman@gmail.com\", \"genero\": \"\", \"telefono\": \"959276375\", \"utm_medium\": \"\", \"utm_source\": \"\", \"distrito_id\": \"Cercado de Lima, Lima\", \"utm_campaign\": \"\", \"nombre_completo\": \"Jose Huaman\"}','2025-11-22 01:04:13','2025-11-22 01:04:16'),(53,11,3,'could not execute statement [Data truncation: Data too long for column \'distrito_id\' at row 1] [insert into leads (email,telefono,created_at,distrito_id,edad,estado_civil,genero,nivel_educativo,envio_formulario_id,estado_lead_id,fecha_creacion,nombre_completo,registro_importado_id,utm_campaign,utm_content,utm_medium,utm_source,utm_term,updated_at,fuente_tipo) values (?,?,?,?,?,?,?,?,?,?,?,?,?,?,?,?,?,?,?,\'IMPORTACION\')]; SQL [insert into leads (email,telefono,created_at,distrito_id,edad,estado_c','{\"edad\": \"\", \"email\": \"daniela.gutierrez@gmail.com\", \"genero\": \"\", \"telefono\": \"916232715\", \"utm_medium\": \"\", \"utm_source\": \"\", \"distrito_id\": \"Barranco, Lima\", \"utm_campaign\": \"\", \"nombre_completo\": \"Daniela Gutierrez\"}','2025-11-22 01:04:18','2025-11-22 01:04:21'),(54,11,3,'could not execute statement [Data truncation: Data too long for column \'distrito_id\' at row 1] [insert into leads (email,telefono,created_at,distrito_id,edad,estado_civil,genero,nivel_educativo,envio_formulario_id,estado_lead_id,fecha_creacion,nombre_completo,registro_importado_id,utm_campaign,utm_content,utm_medium,utm_source,utm_term,updated_at,fuente_tipo) values (?,?,?,?,?,?,?,?,?,?,?,?,?,?,?,?,?,?,?,\'IMPORTACION\')]; SQL [insert into leads (email,telefono,created_at,distrito_id,edad,estado_c','{\"edad\": \"\", \"email\": \"liam.gonzales@gmail.com\", \"genero\": \"\", \"telefono\": \"943673469\", \"utm_medium\": \"\", \"utm_source\": \"\", \"distrito_id\": \"Lince, Lima\", \"utm_campaign\": \"\", \"nombre_completo\": \"Liam Gonzales\"}','2025-11-22 01:04:22','2025-11-22 01:04:25'),(55,11,3,'could not execute statement [Data truncation: Data too long for column \'distrito_id\' at row 1] [insert into leads (email,telefono,created_at,distrito_id,edad,estado_civil,genero,nivel_educativo,envio_formulario_id,estado_lead_id,fecha_creacion,nombre_completo,registro_importado_id,utm_campaign,utm_content,utm_medium,utm_source,utm_term,updated_at,fuente_tipo) values (?,?,?,?,?,?,?,?,?,?,?,?,?,?,?,?,?,?,?,\'IMPORTACION\')]; SQL [insert into leads (email,telefono,created_at,distrito_id,edad,estado_c','{\"edad\": \"\", \"email\": \"thiago.rojas@gmail.com\", \"genero\": \"\", \"telefono\": \"996047354\", \"utm_medium\": \"\", \"utm_source\": \"\", \"distrito_id\": \"Pueblo Libre, Lima\", \"utm_campaign\": \"\", \"nombre_completo\": \"Thiago Rojas\"}','2025-11-22 01:04:27','2025-11-22 01:04:30'),(56,11,3,'could not execute statement [Data truncation: Data too long for column \'distrito_id\' at row 1] [insert into leads (email,telefono,created_at,distrito_id,edad,estado_civil,genero,nivel_educativo,envio_formulario_id,estado_lead_id,fecha_creacion,nombre_completo,registro_importado_id,utm_campaign,utm_content,utm_medium,utm_source,utm_term,updated_at,fuente_tipo) values (?,?,?,?,?,?,?,?,?,?,?,?,?,?,?,?,?,?,?,\'IMPORTACION\')]; SQL [insert into leads (email,telefono,created_at,distrito_id,edad,estado_c','{\"edad\": \"\", \"email\": \"carlos.torres@gmail.com\", \"genero\": \"\", \"telefono\": \"911042880\", \"utm_medium\": \"\", \"utm_source\": \"\", \"distrito_id\": \"Santiago de Surco, Lima\", \"utm_campaign\": \"\", \"nombre_completo\": \"Carlos Torres\"}','2025-11-22 01:04:31','2025-11-22 01:04:35'),(57,11,3,'could not execute statement [Data truncation: Data too long for column \'distrito_id\' at row 1] [insert into leads (email,telefono,created_at,distrito_id,edad,estado_civil,genero,nivel_educativo,envio_formulario_id,estado_lead_id,fecha_creacion,nombre_completo,registro_importado_id,utm_campaign,utm_content,utm_medium,utm_source,utm_term,updated_at,fuente_tipo) values (?,?,?,?,?,?,?,?,?,?,?,?,?,?,?,?,?,?,?,\'IMPORTACION\')]; SQL [insert into leads (email,telefono,created_at,distrito_id,edad,estado_c','{\"edad\": \"\", \"email\": \"valentina.reyes@gmail.com\", \"genero\": \"\", \"telefono\": \"915212240\", \"utm_medium\": \"\", \"utm_source\": \"\", \"distrito_id\": \"Barranco, Lima\", \"utm_campaign\": \"\", \"nombre_completo\": \"Valentina Reyes\"}','2025-11-22 01:04:36','2025-11-22 01:04:39'),(58,11,3,'could not execute statement [Data truncation: Data too long for column \'distrito_id\' at row 1] [insert into leads (email,telefono,created_at,distrito_id,edad,estado_civil,genero,nivel_educativo,envio_formulario_id,estado_lead_id,fecha_creacion,nombre_completo,registro_importado_id,utm_campaign,utm_content,utm_medium,utm_source,utm_term,updated_at,fuente_tipo) values (?,?,?,?,?,?,?,?,?,?,?,?,?,?,?,?,?,?,?,\'IMPORTACION\')]; SQL [insert into leads (email,telefono,created_at,distrito_id,edad,estado_c','{\"edad\": \"\", \"email\": \"mia.lopez@gmail.com\", \"genero\": \"\", \"telefono\": \"981905895\", \"utm_medium\": \"\", \"utm_source\": \"\", \"distrito_id\": \"Santiago de Surco, Lima\", \"utm_campaign\": \"\", \"nombre_completo\": \"Mia Lopez\"}','2025-11-22 01:04:40','2025-11-22 01:04:44'),(59,11,3,'could not execute statement [Data truncation: Data too long for column \'distrito_id\' at row 1] [insert into leads (email,telefono,created_at,distrito_id,edad,estado_civil,genero,nivel_educativo,envio_formulario_id,estado_lead_id,fecha_creacion,nombre_completo,registro_importado_id,utm_campaign,utm_content,utm_medium,utm_source,utm_term,updated_at,fuente_tipo) values (?,?,?,?,?,?,?,?,?,?,?,?,?,?,?,?,?,?,?,\'IMPORTACION\')]; SQL [insert into leads (email,telefono,created_at,distrito_id,edad,estado_c','{\"edad\": \"\", \"email\": \"liam.ramirez@gmail.com\", \"genero\": \"\", \"telefono\": \"943874674\", \"utm_medium\": \"\", \"utm_source\": \"\", \"distrito_id\": \"Pueblo Libre, Lima\", \"utm_campaign\": \"\", \"nombre_completo\": \"Liam Ramirez\"}','2025-11-22 01:04:45','2025-11-22 01:04:48'),(60,11,3,'could not execute statement [Data truncation: Data too long for column \'distrito_id\' at row 1] [insert into leads (email,telefono,created_at,distrito_id,edad,estado_civil,genero,nivel_educativo,envio_formulario_id,estado_lead_id,fecha_creacion,nombre_completo,registro_importado_id,utm_campaign,utm_content,utm_medium,utm_source,utm_term,updated_at,fuente_tipo) values (?,?,?,?,?,?,?,?,?,?,?,?,?,?,?,?,?,?,?,\'IMPORTACION\')]; SQL [insert into leads (email,telefono,created_at,distrito_id,edad,estado_c','{\"edad\": \"\", \"email\": \"mia.gutierrez@gmail.com\", \"genero\": \"\", \"telefono\": \"930740546\", \"utm_medium\": \"\", \"utm_source\": \"\", \"distrito_id\": \"La Molina, Lima\", \"utm_campaign\": \"\", \"nombre_completo\": \"Mia Gutierrez\"}','2025-11-22 01:04:50','2025-11-22 01:04:53'),(61,11,3,'could not execute statement [Data truncation: Data too long for column \'distrito_id\' at row 1] [insert into leads (email,telefono,created_at,distrito_id,edad,estado_civil,genero,nivel_educativo,envio_formulario_id,estado_lead_id,fecha_creacion,nombre_completo,registro_importado_id,utm_campaign,utm_content,utm_medium,utm_source,utm_term,updated_at,fuente_tipo) values (?,?,?,?,?,?,?,?,?,?,?,?,?,?,?,?,?,?,?,\'IMPORTACION\')]; SQL [insert into leads (email,telefono,created_at,distrito_id,edad,estado_c','{\"edad\": \"\", \"email\": \"jose.lopez@gmail.com\", \"genero\": \"\", \"telefono\": \"971952464\", \"utm_medium\": \"\", \"utm_source\": \"\", \"distrito_id\": \"Santiago de Surco, Lima\", \"utm_campaign\": \"\", \"nombre_completo\": \"Jose Lopez\"}','2025-11-22 01:04:54','2025-11-22 01:04:58'),(62,11,3,'could not execute statement [Data truncation: Data too long for column \'distrito_id\' at row 1] [insert into leads (email,telefono,created_at,distrito_id,edad,estado_civil,genero,nivel_educativo,envio_formulario_id,estado_lead_id,fecha_creacion,nombre_completo,registro_importado_id,utm_campaign,utm_content,utm_medium,utm_source,utm_term,updated_at,fuente_tipo) values (?,?,?,?,?,?,?,?,?,?,?,?,?,?,?,?,?,?,?,\'IMPORTACION\')]; SQL [insert into leads (email,telefono,created_at,distrito_id,edad,estado_c','{\"edad\": \"\", \"email\": \"luciana.gonzales@gmail.com\", \"genero\": \"\", \"telefono\": \"984101564\", \"utm_medium\": \"\", \"utm_source\": \"\", \"distrito_id\": \"San Isidro, Lima\", \"utm_campaign\": \"\", \"nombre_completo\": \"Luciana Gonzales\"}','2025-11-22 01:04:59','2025-11-22 01:05:02'),(63,11,3,'could not execute statement [Data truncation: Data too long for column \'distrito_id\' at row 1] [insert into leads (email,telefono,created_at,distrito_id,edad,estado_civil,genero,nivel_educativo,envio_formulario_id,estado_lead_id,fecha_creacion,nombre_completo,registro_importado_id,utm_campaign,utm_content,utm_medium,utm_source,utm_term,updated_at,fuente_tipo) values (?,?,?,?,?,?,?,?,?,?,?,?,?,?,?,?,?,?,?,\'IMPORTACION\')]; SQL [insert into leads (email,telefono,created_at,distrito_id,edad,estado_c','{\"edad\": \"\", \"email\": \"luis.torres@gmail.com\", \"genero\": \"\", \"telefono\": \"987235335\", \"utm_medium\": \"\", \"utm_source\": \"\", \"distrito_id\": \"Lince, Lima\", \"utm_campaign\": \"\", \"nombre_completo\": \"Luis Torres\"}','2025-11-22 01:05:03','2025-11-22 01:05:07'),(64,11,3,'could not execute statement [Data truncation: Data too long for column \'distrito_id\' at row 1] [insert into leads (email,telefono,created_at,distrito_id,edad,estado_civil,genero,nivel_educativo,envio_formulario_id,estado_lead_id,fecha_creacion,nombre_completo,registro_importado_id,utm_campaign,utm_content,utm_medium,utm_source,utm_term,updated_at,fuente_tipo) values (?,?,?,?,?,?,?,?,?,?,?,?,?,?,?,?,?,?,?,\'IMPORTACION\')]; SQL [insert into leads (email,telefono,created_at,distrito_id,edad,estado_c','{\"edad\": \"\", \"email\": \"carlos.gonzales@gmail.com\", \"genero\": \"\", \"telefono\": \"949054733\", \"utm_medium\": \"\", \"utm_source\": \"\", \"distrito_id\": \"Jesús María, Lima\", \"utm_campaign\": \"\", \"nombre_completo\": \"Carlos Gonzales\"}','2025-11-22 01:05:08','2025-11-22 01:05:11'),(65,11,3,'could not execute statement [Data truncation: Data too long for column \'distrito_id\' at row 1] [insert into leads (email,telefono,created_at,distrito_id,edad,estado_civil,genero,nivel_educativo,envio_formulario_id,estado_lead_id,fecha_creacion,nombre_completo,registro_importado_id,utm_campaign,utm_content,utm_medium,utm_source,utm_term,updated_at,fuente_tipo) values (?,?,?,?,?,?,?,?,?,?,?,?,?,?,?,?,?,?,?,\'IMPORTACION\')]; SQL [insert into leads (email,telefono,created_at,distrito_id,edad,estado_c','{\"edad\": \"\", \"email\": \"liam.gonzales@gmail.com\", \"genero\": \"\", \"telefono\": \"929780142\", \"utm_medium\": \"\", \"utm_source\": \"\", \"distrito_id\": \"La Molina, Lima\", \"utm_campaign\": \"\", \"nombre_completo\": \"Liam Gonzales\"}','2025-11-22 01:05:13','2025-11-22 01:05:16'),(66,11,3,'could not execute statement [Data truncation: Data too long for column \'distrito_id\' at row 1] [insert into leads (email,telefono,created_at,distrito_id,edad,estado_civil,genero,nivel_educativo,envio_formulario_id,estado_lead_id,fecha_creacion,nombre_completo,registro_importado_id,utm_campaign,utm_content,utm_medium,utm_source,utm_term,updated_at,fuente_tipo) values (?,?,?,?,?,?,?,?,?,?,?,?,?,?,?,?,?,?,?,\'IMPORTACION\')]; SQL [insert into leads (email,telefono,created_at,distrito_id,edad,estado_c','{\"edad\": \"\", \"email\": \"camila.huaman@gmail.com\", \"genero\": \"\", \"telefono\": \"900620890\", \"utm_medium\": \"\", \"utm_source\": \"\", \"distrito_id\": \"Barranco, Lima\", \"utm_campaign\": \"\", \"nombre_completo\": \"Camila Huaman\"}','2025-11-22 01:05:17','2025-11-22 01:05:20'),(67,11,3,'could not execute statement [Data truncation: Data too long for column \'distrito_id\' at row 1] [insert into leads (email,telefono,created_at,distrito_id,edad,estado_civil,genero,nivel_educativo,envio_formulario_id,estado_lead_id,fecha_creacion,nombre_completo,registro_importado_id,utm_campaign,utm_content,utm_medium,utm_source,utm_term,updated_at,fuente_tipo) values (?,?,?,?,?,?,?,?,?,?,?,?,?,?,?,?,?,?,?,\'IMPORTACION\')]; SQL [insert into leads (email,telefono,created_at,distrito_id,edad,estado_c','{\"edad\": \"\", \"email\": \"liam.paredes@gmail.com\", \"genero\": \"\", \"telefono\": \"957961670\", \"utm_medium\": \"\", \"utm_source\": \"\", \"distrito_id\": \"Jesús María, Lima\", \"utm_campaign\": \"\", \"nombre_completo\": \"Liam Paredes\"}','2025-11-22 01:05:22','2025-11-22 01:05:25'),(68,11,3,'could not execute statement [Data truncation: Data too long for column \'distrito_id\' at row 1] [insert into leads (email,telefono,created_at,distrito_id,edad,estado_civil,genero,nivel_educativo,envio_formulario_id,estado_lead_id,fecha_creacion,nombre_completo,registro_importado_id,utm_campaign,utm_content,utm_medium,utm_source,utm_term,updated_at,fuente_tipo) values (?,?,?,?,?,?,?,?,?,?,?,?,?,?,?,?,?,?,?,\'IMPORTACION\')]; SQL [insert into leads (email,telefono,created_at,distrito_id,edad,estado_c','{\"edad\": \"\", \"email\": \"liam.rojas@gmail.com\", \"genero\": \"\", \"telefono\": \"955037492\", \"utm_medium\": \"\", \"utm_source\": \"\", \"distrito_id\": \"Lince, Lima\", \"utm_campaign\": \"\", \"nombre_completo\": \"Liam Rojas\"}','2025-11-22 01:05:26','2025-11-22 01:05:30'),(69,11,3,'could not execute statement [Data truncation: Data too long for column \'distrito_id\' at row 1] [insert into leads (email,telefono,created_at,distrito_id,edad,estado_civil,genero,nivel_educativo,envio_formulario_id,estado_lead_id,fecha_creacion,nombre_completo,registro_importado_id,utm_campaign,utm_content,utm_medium,utm_source,utm_term,updated_at,fuente_tipo) values (?,?,?,?,?,?,?,?,?,?,?,?,?,?,?,?,?,?,?,\'IMPORTACION\')]; SQL [insert into leads (email,telefono,created_at,distrito_id,edad,estado_c','{\"edad\": \"\", \"email\": \"mia.rojas@gmail.com\", \"genero\": \"\", \"telefono\": \"921885982\", \"utm_medium\": \"\", \"utm_source\": \"\", \"distrito_id\": \"Cercado de Lima, Lima\", \"utm_campaign\": \"\", \"nombre_completo\": \"Mia Rojas\"}','2025-11-22 01:05:31','2025-11-22 01:05:34'),(70,11,3,'could not execute statement [Data truncation: Data too long for column \'distrito_id\' at row 1] [insert into leads (email,telefono,created_at,distrito_id,edad,estado_civil,genero,nivel_educativo,envio_formulario_id,estado_lead_id,fecha_creacion,nombre_completo,registro_importado_id,utm_campaign,utm_content,utm_medium,utm_source,utm_term,updated_at,fuente_tipo) values (?,?,?,?,?,?,?,?,?,?,?,?,?,?,?,?,?,?,?,\'IMPORTACION\')]; SQL [insert into leads (email,telefono,created_at,distrito_id,edad,estado_c','{\"edad\": \"\", \"email\": \"sofia.vargas@gmail.com\", \"genero\": \"\", \"telefono\": \"959470127\", \"utm_medium\": \"\", \"utm_source\": \"\", \"distrito_id\": \"Cercado de Lima, Lima\", \"utm_campaign\": \"\", \"nombre_completo\": \"Sofia Vargas\"}','2025-11-22 01:05:35','2025-11-22 01:05:39'),(71,11,3,'could not execute statement [Data truncation: Data too long for column \'distrito_id\' at row 1] [insert into leads (email,telefono,created_at,distrito_id,edad,estado_civil,genero,nivel_educativo,envio_formulario_id,estado_lead_id,fecha_creacion,nombre_completo,registro_importado_id,utm_campaign,utm_content,utm_medium,utm_source,utm_term,updated_at,fuente_tipo) values (?,?,?,?,?,?,?,?,?,?,?,?,?,?,?,?,?,?,?,\'IMPORTACION\')]; SQL [insert into leads (email,telefono,created_at,distrito_id,edad,estado_c','{\"edad\": \"\", \"email\": \"camila.gutierrez@gmail.com\", \"genero\": \"\", \"telefono\": \"994758453\", \"utm_medium\": \"\", \"utm_source\": \"\", \"distrito_id\": \"Jesús María, Lima\", \"utm_campaign\": \"\", \"nombre_completo\": \"Camila Gutierrez\"}','2025-11-22 01:05:40','2025-11-22 01:05:43'),(72,11,3,'could not execute statement [Data truncation: Data too long for column \'distrito_id\' at row 1] [insert into leads (email,telefono,created_at,distrito_id,edad,estado_civil,genero,nivel_educativo,envio_formulario_id,estado_lead_id,fecha_creacion,nombre_completo,registro_importado_id,utm_campaign,utm_content,utm_medium,utm_source,utm_term,updated_at,fuente_tipo) values (?,?,?,?,?,?,?,?,?,?,?,?,?,?,?,?,?,?,?,\'IMPORTACION\')]; SQL [insert into leads (email,telefono,created_at,distrito_id,edad,estado_c','{\"edad\": \"\", \"email\": \"ana.torres@gmail.com\", \"genero\": \"\", \"telefono\": \"959404836\", \"utm_medium\": \"\", \"utm_source\": \"\", \"distrito_id\": \"Pueblo Libre, Lima\", \"utm_campaign\": \"\", \"nombre_completo\": \"Ana Torres\"}','2025-11-22 01:05:45','2025-11-22 01:05:48'),(73,11,3,'could not execute statement [Data truncation: Data too long for column \'distrito_id\' at row 1] [insert into leads (email,telefono,created_at,distrito_id,edad,estado_civil,genero,nivel_educativo,envio_formulario_id,estado_lead_id,fecha_creacion,nombre_completo,registro_importado_id,utm_campaign,utm_content,utm_medium,utm_source,utm_term,updated_at,fuente_tipo) values (?,?,?,?,?,?,?,?,?,?,?,?,?,?,?,?,?,?,?,\'IMPORTACION\')]; SQL [insert into leads (email,telefono,created_at,distrito_id,edad,estado_c','{\"edad\": \"\", \"email\": \"luciana.vargas@gmail.com\", \"genero\": \"\", \"telefono\": \"904678641\", \"utm_medium\": \"\", \"utm_source\": \"\", \"distrito_id\": \"Cercado de Lima, Lima\", \"utm_campaign\": \"\", \"nombre_completo\": \"Luciana Vargas\"}','2025-11-22 01:05:49','2025-11-22 01:05:52'),(74,11,3,'could not execute statement [Data truncation: Data too long for column \'distrito_id\' at row 1] [insert into leads (email,telefono,created_at,distrito_id,edad,estado_civil,genero,nivel_educativo,envio_formulario_id,estado_lead_id,fecha_creacion,nombre_completo,registro_importado_id,utm_campaign,utm_content,utm_medium,utm_source,utm_term,updated_at,fuente_tipo) values (?,?,?,?,?,?,?,?,?,?,?,?,?,?,?,?,?,?,?,\'IMPORTACION\')]; SQL [insert into leads (email,telefono,created_at,distrito_id,edad,estado_c','{\"edad\": \"\", \"email\": \"luis.quispe@gmail.com\", \"genero\": \"\", \"telefono\": \"918442050\", \"utm_medium\": \"\", \"utm_source\": \"\", \"distrito_id\": \"San Isidro, Lima\", \"utm_campaign\": \"\", \"nombre_completo\": \"Luis Quispe\"}','2025-11-22 01:05:54','2025-11-22 01:05:57'),(75,11,3,'could not execute statement [Data truncation: Data too long for column \'distrito_id\' at row 1] [insert into leads (email,telefono,created_at,distrito_id,edad,estado_civil,genero,nivel_educativo,envio_formulario_id,estado_lead_id,fecha_creacion,nombre_completo,registro_importado_id,utm_campaign,utm_content,utm_medium,utm_source,utm_term,updated_at,fuente_tipo) values (?,?,?,?,?,?,?,?,?,?,?,?,?,?,?,?,?,?,?,\'IMPORTACION\')]; SQL [insert into leads (email,telefono,created_at,distrito_id,edad,estado_c','{\"edad\": \"\", \"email\": \"carlos.rojas@gmail.com\", \"genero\": \"\", \"telefono\": \"983604200\", \"utm_medium\": \"\", \"utm_source\": \"\", \"distrito_id\": \"Miraflores, Lima\", \"utm_campaign\": \"\", \"nombre_completo\": \"Carlos Rojas\"}','2025-11-22 01:05:58','2025-11-22 01:06:02'),(76,11,3,'could not execute statement [Data truncation: Data too long for column \'distrito_id\' at row 1] [insert into leads (email,telefono,created_at,distrito_id,edad,estado_civil,genero,nivel_educativo,envio_formulario_id,estado_lead_id,fecha_creacion,nombre_completo,registro_importado_id,utm_campaign,utm_content,utm_medium,utm_source,utm_term,updated_at,fuente_tipo) values (?,?,?,?,?,?,?,?,?,?,?,?,?,?,?,?,?,?,?,\'IMPORTACION\')]; SQL [insert into leads (email,telefono,created_at,distrito_id,edad,estado_c','{\"edad\": \"\", \"email\": \"maria.reyes@gmail.com\", \"genero\": \"\", \"telefono\": \"909238735\", \"utm_medium\": \"\", \"utm_source\": \"\", \"distrito_id\": \"Jesús María, Lima\", \"utm_campaign\": \"\", \"nombre_completo\": \"Maria Reyes\"}','2025-11-22 01:06:03','2025-11-22 01:06:06'),(77,12,3,'could not execute statement [Data truncation: Data too long for column \'distrito_id\' at row 1] [insert into leads (email,telefono,created_at,distrito_id,edad,estado_civil,genero,nivel_educativo,envio_formulario_id,estado_lead_id,fecha_creacion,nombre_completo,registro_importado_id,utm_campaign,utm_content,utm_medium,utm_source,utm_term,updated_at,fuente_tipo) values (?,?,?,?,?,?,?,?,?,?,?,?,?,?,?,?,?,?,?,\'IMPORTACION\')]; SQL [insert into leads (email,telefono,created_at,distrito_id,edad,estado_c','{\"edad\": \"\", \"email\": \"luis.ramirez@gmail.com\", \"genero\": \"\", \"telefono\": \"974380731\", \"utm_medium\": \"\", \"utm_source\": \"\", \"distrito_id\": \"Santiago de Surco, Lima\", \"utm_campaign\": \"\", \"nombre_completo\": \"Luis Ramirez\"}','2025-11-22 01:45:51','2025-11-22 01:45:55'),(78,12,3,'could not execute statement [Data truncation: Data too long for column \'distrito_id\' at row 1] [insert into leads (email,telefono,created_at,distrito_id,edad,estado_civil,genero,nivel_educativo,envio_formulario_id,estado_lead_id,fecha_creacion,nombre_completo,registro_importado_id,utm_campaign,utm_content,utm_medium,utm_source,utm_term,updated_at,fuente_tipo) values (?,?,?,?,?,?,?,?,?,?,?,?,?,?,?,?,?,?,?,\'IMPORTACION\')]; SQL [insert into leads (email,telefono,created_at,distrito_id,edad,estado_c','{\"edad\": \"\", \"email\": \"thiago.reyes@gmail.com\", \"genero\": \"\", \"telefono\": \"977462500\", \"utm_medium\": \"\", \"utm_source\": \"\", \"distrito_id\": \"Barranco, Lima\", \"utm_campaign\": \"\", \"nombre_completo\": \"Thiago Reyes\"}','2025-11-22 01:45:56','2025-11-22 01:45:59'),(79,12,3,'could not execute statement [Data truncation: Data too long for column \'distrito_id\' at row 1] [insert into leads (email,telefono,created_at,distrito_id,edad,estado_civil,genero,nivel_educativo,envio_formulario_id,estado_lead_id,fecha_creacion,nombre_completo,registro_importado_id,utm_campaign,utm_content,utm_medium,utm_source,utm_term,updated_at,fuente_tipo) values (?,?,?,?,?,?,?,?,?,?,?,?,?,?,?,?,?,?,?,\'IMPORTACION\')]; SQL [insert into leads (email,telefono,created_at,distrito_id,edad,estado_c','{\"edad\": \"\", \"email\": \"luciana.vargas@gmail.com\", \"genero\": \"\", \"telefono\": \"916936639\", \"utm_medium\": \"\", \"utm_source\": \"\", \"distrito_id\": \"Miraflores, Lima\", \"utm_campaign\": \"\", \"nombre_completo\": \"Luciana Vargas\"}','2025-11-22 01:46:01','2025-11-22 01:46:04'),(80,12,3,'could not execute statement [Data truncation: Data too long for column \'distrito_id\' at row 1] [insert into leads (email,telefono,created_at,distrito_id,edad,estado_civil,genero,nivel_educativo,envio_formulario_id,estado_lead_id,fecha_creacion,nombre_completo,registro_importado_id,utm_campaign,utm_content,utm_medium,utm_source,utm_term,updated_at,fuente_tipo) values (?,?,?,?,?,?,?,?,?,?,?,?,?,?,?,?,?,?,?,\'IMPORTACION\')]; SQL [insert into leads (email,telefono,created_at,distrito_id,edad,estado_c','{\"edad\": \"\", \"email\": \"maria.flores@gmail.com\", \"genero\": \"\", \"telefono\": \"967100283\", \"utm_medium\": \"\", \"utm_source\": \"\", \"distrito_id\": \"Jesús María, Lima\", \"utm_campaign\": \"\", \"nombre_completo\": \"Maria Flores\"}','2025-11-22 01:46:05','2025-11-22 01:46:08'),(81,12,3,'could not execute statement [Data truncation: Data too long for column \'distrito_id\' at row 1] [insert into leads (email,telefono,created_at,distrito_id,edad,estado_civil,genero,nivel_educativo,envio_formulario_id,estado_lead_id,fecha_creacion,nombre_completo,registro_importado_id,utm_campaign,utm_content,utm_medium,utm_source,utm_term,updated_at,fuente_tipo) values (?,?,?,?,?,?,?,?,?,?,?,?,?,?,?,?,?,?,?,\'IMPORTACION\')]; SQL [insert into leads (email,telefono,created_at,distrito_id,edad,estado_c','{\"edad\": \"\", \"email\": \"ana.flores@gmail.com\", \"genero\": \"\", \"telefono\": \"908269534\", \"utm_medium\": \"\", \"utm_source\": \"\", \"distrito_id\": \"Barranco, Lima\", \"utm_campaign\": \"\", \"nombre_completo\": \"Ana Flores\"}','2025-11-22 01:46:10','2025-11-22 01:46:13'),(82,12,3,'could not execute statement [Data truncation: Data too long for column \'distrito_id\' at row 1] [insert into leads (email,telefono,created_at,distrito_id,edad,estado_civil,genero,nivel_educativo,envio_formulario_id,estado_lead_id,fecha_creacion,nombre_completo,registro_importado_id,utm_campaign,utm_content,utm_medium,utm_source,utm_term,updated_at,fuente_tipo) values (?,?,?,?,?,?,?,?,?,?,?,?,?,?,?,?,?,?,?,\'IMPORTACION\')]; SQL [insert into leads (email,telefono,created_at,distrito_id,edad,estado_c','{\"edad\": \"\", \"email\": \"jose.huaman@gmail.com\", \"genero\": \"\", \"telefono\": \"959276375\", \"utm_medium\": \"\", \"utm_source\": \"\", \"distrito_id\": \"Cercado de Lima, Lima\", \"utm_campaign\": \"\", \"nombre_completo\": \"Jose Huaman\"}','2025-11-22 01:46:14','2025-11-22 01:46:18'),(83,12,3,'could not execute statement [Data truncation: Data too long for column \'distrito_id\' at row 1] [insert into leads (email,telefono,created_at,distrito_id,edad,estado_civil,genero,nivel_educativo,envio_formulario_id,estado_lead_id,fecha_creacion,nombre_completo,registro_importado_id,utm_campaign,utm_content,utm_medium,utm_source,utm_term,updated_at,fuente_tipo) values (?,?,?,?,?,?,?,?,?,?,?,?,?,?,?,?,?,?,?,\'IMPORTACION\')]; SQL [insert into leads (email,telefono,created_at,distrito_id,edad,estado_c','{\"edad\": \"\", \"email\": \"daniela.gutierrez@gmail.com\", \"genero\": \"\", \"telefono\": \"916232715\", \"utm_medium\": \"\", \"utm_source\": \"\", \"distrito_id\": \"Barranco, Lima\", \"utm_campaign\": \"\", \"nombre_completo\": \"Daniela Gutierrez\"}','2025-11-22 01:46:19','2025-11-22 01:46:22'),(84,12,3,'could not execute statement [Data truncation: Data too long for column \'distrito_id\' at row 1] [insert into leads (email,telefono,created_at,distrito_id,edad,estado_civil,genero,nivel_educativo,envio_formulario_id,estado_lead_id,fecha_creacion,nombre_completo,registro_importado_id,utm_campaign,utm_content,utm_medium,utm_source,utm_term,updated_at,fuente_tipo) values (?,?,?,?,?,?,?,?,?,?,?,?,?,?,?,?,?,?,?,\'IMPORTACION\')]; SQL [insert into leads (email,telefono,created_at,distrito_id,edad,estado_c','{\"edad\": \"\", \"email\": \"liam.gonzales@gmail.com\", \"genero\": \"\", \"telefono\": \"943673469\", \"utm_medium\": \"\", \"utm_source\": \"\", \"distrito_id\": \"Lince, Lima\", \"utm_campaign\": \"\", \"nombre_completo\": \"Liam Gonzales\"}','2025-11-22 01:46:24','2025-11-22 01:46:27'),(85,12,3,'could not execute statement [Data truncation: Data too long for column \'distrito_id\' at row 1] [insert into leads (email,telefono,created_at,distrito_id,edad,estado_civil,genero,nivel_educativo,envio_formulario_id,estado_lead_id,fecha_creacion,nombre_completo,registro_importado_id,utm_campaign,utm_content,utm_medium,utm_source,utm_term,updated_at,fuente_tipo) values (?,?,?,?,?,?,?,?,?,?,?,?,?,?,?,?,?,?,?,\'IMPORTACION\')]; SQL [insert into leads (email,telefono,created_at,distrito_id,edad,estado_c','{\"edad\": \"\", \"email\": \"thiago.rojas@gmail.com\", \"genero\": \"\", \"telefono\": \"996047354\", \"utm_medium\": \"\", \"utm_source\": \"\", \"distrito_id\": \"Pueblo Libre, Lima\", \"utm_campaign\": \"\", \"nombre_completo\": \"Thiago Rojas\"}','2025-11-22 01:46:28','2025-11-22 01:46:31'),(86,12,3,'could not execute statement [Data truncation: Data too long for column \'distrito_id\' at row 1] [insert into leads (email,telefono,created_at,distrito_id,edad,estado_civil,genero,nivel_educativo,envio_formulario_id,estado_lead_id,fecha_creacion,nombre_completo,registro_importado_id,utm_campaign,utm_content,utm_medium,utm_source,utm_term,updated_at,fuente_tipo) values (?,?,?,?,?,?,?,?,?,?,?,?,?,?,?,?,?,?,?,\'IMPORTACION\')]; SQL [insert into leads (email,telefono,created_at,distrito_id,edad,estado_c','{\"edad\": \"\", \"email\": \"carlos.torres@gmail.com\", \"genero\": \"\", \"telefono\": \"911042880\", \"utm_medium\": \"\", \"utm_source\": \"\", \"distrito_id\": \"Santiago de Surco, Lima\", \"utm_campaign\": \"\", \"nombre_completo\": \"Carlos Torres\"}','2025-11-22 01:46:33','2025-11-22 01:46:36'),(87,12,3,'could not execute statement [Data truncation: Data too long for column \'distrito_id\' at row 1] [insert into leads (email,telefono,created_at,distrito_id,edad,estado_civil,genero,nivel_educativo,envio_formulario_id,estado_lead_id,fecha_creacion,nombre_completo,registro_importado_id,utm_campaign,utm_content,utm_medium,utm_source,utm_term,updated_at,fuente_tipo) values (?,?,?,?,?,?,?,?,?,?,?,?,?,?,?,?,?,?,?,\'IMPORTACION\')]; SQL [insert into leads (email,telefono,created_at,distrito_id,edad,estado_c','{\"edad\": \"\", \"email\": \"valentina.reyes@gmail.com\", \"genero\": \"\", \"telefono\": \"915212240\", \"utm_medium\": \"\", \"utm_source\": \"\", \"distrito_id\": \"Barranco, Lima\", \"utm_campaign\": \"\", \"nombre_completo\": \"Valentina Reyes\"}','2025-11-22 01:46:37','2025-11-22 01:46:41'),(88,12,3,'could not execute statement [Data truncation: Data too long for column \'distrito_id\' at row 1] [insert into leads (email,telefono,created_at,distrito_id,edad,estado_civil,genero,nivel_educativo,envio_formulario_id,estado_lead_id,fecha_creacion,nombre_completo,registro_importado_id,utm_campaign,utm_content,utm_medium,utm_source,utm_term,updated_at,fuente_tipo) values (?,?,?,?,?,?,?,?,?,?,?,?,?,?,?,?,?,?,?,\'IMPORTACION\')]; SQL [insert into leads (email,telefono,created_at,distrito_id,edad,estado_c','{\"edad\": \"\", \"email\": \"mia.lopez@gmail.com\", \"genero\": \"\", \"telefono\": \"981905895\", \"utm_medium\": \"\", \"utm_source\": \"\", \"distrito_id\": \"Santiago de Surco, Lima\", \"utm_campaign\": \"\", \"nombre_completo\": \"Mia Lopez\"}','2025-11-22 01:46:42','2025-11-22 01:46:45'),(89,12,3,'could not execute statement [Data truncation: Data too long for column \'distrito_id\' at row 1] [insert into leads (email,telefono,created_at,distrito_id,edad,estado_civil,genero,nivel_educativo,envio_formulario_id,estado_lead_id,fecha_creacion,nombre_completo,registro_importado_id,utm_campaign,utm_content,utm_medium,utm_source,utm_term,updated_at,fuente_tipo) values (?,?,?,?,?,?,?,?,?,?,?,?,?,?,?,?,?,?,?,\'IMPORTACION\')]; SQL [insert into leads (email,telefono,created_at,distrito_id,edad,estado_c','{\"edad\": \"\", \"email\": \"liam.ramirez@gmail.com\", \"genero\": \"\", \"telefono\": \"943874674\", \"utm_medium\": \"\", \"utm_source\": \"\", \"distrito_id\": \"Pueblo Libre, Lima\", \"utm_campaign\": \"\", \"nombre_completo\": \"Liam Ramirez\"}','2025-11-22 01:46:46','2025-11-22 01:46:50'),(90,12,3,'could not execute statement [Data truncation: Data too long for column \'distrito_id\' at row 1] [insert into leads (email,telefono,created_at,distrito_id,edad,estado_civil,genero,nivel_educativo,envio_formulario_id,estado_lead_id,fecha_creacion,nombre_completo,registro_importado_id,utm_campaign,utm_content,utm_medium,utm_source,utm_term,updated_at,fuente_tipo) values (?,?,?,?,?,?,?,?,?,?,?,?,?,?,?,?,?,?,?,\'IMPORTACION\')]; SQL [insert into leads (email,telefono,created_at,distrito_id,edad,estado_c','{\"edad\": \"\", \"email\": \"mia.gutierrez@gmail.com\", \"genero\": \"\", \"telefono\": \"930740546\", \"utm_medium\": \"\", \"utm_source\": \"\", \"distrito_id\": \"La Molina, Lima\", \"utm_campaign\": \"\", \"nombre_completo\": \"Mia Gutierrez\"}','2025-11-22 01:46:51','2025-11-22 01:46:54'),(91,12,3,'could not execute statement [Data truncation: Data too long for column \'distrito_id\' at row 1] [insert into leads (email,telefono,created_at,distrito_id,edad,estado_civil,genero,nivel_educativo,envio_formulario_id,estado_lead_id,fecha_creacion,nombre_completo,registro_importado_id,utm_campaign,utm_content,utm_medium,utm_source,utm_term,updated_at,fuente_tipo) values (?,?,?,?,?,?,?,?,?,?,?,?,?,?,?,?,?,?,?,\'IMPORTACION\')]; SQL [insert into leads (email,telefono,created_at,distrito_id,edad,estado_c','{\"edad\": \"\", \"email\": \"jose.lopez@gmail.com\", \"genero\": \"\", \"telefono\": \"971952464\", \"utm_medium\": \"\", \"utm_source\": \"\", \"distrito_id\": \"Santiago de Surco, Lima\", \"utm_campaign\": \"\", \"nombre_completo\": \"Jose Lopez\"}','2025-11-22 01:46:56','2025-11-22 01:46:59'),(92,12,3,'could not execute statement [Data truncation: Data too long for column \'distrito_id\' at row 1] [insert into leads (email,telefono,created_at,distrito_id,edad,estado_civil,genero,nivel_educativo,envio_formulario_id,estado_lead_id,fecha_creacion,nombre_completo,registro_importado_id,utm_campaign,utm_content,utm_medium,utm_source,utm_term,updated_at,fuente_tipo) values (?,?,?,?,?,?,?,?,?,?,?,?,?,?,?,?,?,?,?,\'IMPORTACION\')]; SQL [insert into leads (email,telefono,created_at,distrito_id,edad,estado_c','{\"edad\": \"\", \"email\": \"luciana.gonzales@gmail.com\", \"genero\": \"\", \"telefono\": \"984101564\", \"utm_medium\": \"\", \"utm_source\": \"\", \"distrito_id\": \"San Isidro, Lima\", \"utm_campaign\": \"\", \"nombre_completo\": \"Luciana Gonzales\"}','2025-11-22 01:47:00','2025-11-22 01:47:04'),(93,12,3,'could not execute statement [Data truncation: Data too long for column \'distrito_id\' at row 1] [insert into leads (email,telefono,created_at,distrito_id,edad,estado_civil,genero,nivel_educativo,envio_formulario_id,estado_lead_id,fecha_creacion,nombre_completo,registro_importado_id,utm_campaign,utm_content,utm_medium,utm_source,utm_term,updated_at,fuente_tipo) values (?,?,?,?,?,?,?,?,?,?,?,?,?,?,?,?,?,?,?,\'IMPORTACION\')]; SQL [insert into leads (email,telefono,created_at,distrito_id,edad,estado_c','{\"edad\": \"\", \"email\": \"luis.torres@gmail.com\", \"genero\": \"\", \"telefono\": \"987235335\", \"utm_medium\": \"\", \"utm_source\": \"\", \"distrito_id\": \"Lince, Lima\", \"utm_campaign\": \"\", \"nombre_completo\": \"Luis Torres\"}','2025-11-22 01:47:05','2025-11-22 01:47:08'),(94,12,3,'could not execute statement [Data truncation: Data too long for column \'distrito_id\' at row 1] [insert into leads (email,telefono,created_at,distrito_id,edad,estado_civil,genero,nivel_educativo,envio_formulario_id,estado_lead_id,fecha_creacion,nombre_completo,registro_importado_id,utm_campaign,utm_content,utm_medium,utm_source,utm_term,updated_at,fuente_tipo) values (?,?,?,?,?,?,?,?,?,?,?,?,?,?,?,?,?,?,?,\'IMPORTACION\')]; SQL [insert into leads (email,telefono,created_at,distrito_id,edad,estado_c','{\"edad\": \"\", \"email\": \"carlos.gonzales@gmail.com\", \"genero\": \"\", \"telefono\": \"949054733\", \"utm_medium\": \"\", \"utm_source\": \"\", \"distrito_id\": \"Jesús María, Lima\", \"utm_campaign\": \"\", \"nombre_completo\": \"Carlos Gonzales\"}','2025-11-22 01:47:09','2025-11-22 01:47:13'),(95,12,3,'could not execute statement [Data truncation: Data too long for column \'distrito_id\' at row 1] [insert into leads (email,telefono,created_at,distrito_id,edad,estado_civil,genero,nivel_educativo,envio_formulario_id,estado_lead_id,fecha_creacion,nombre_completo,registro_importado_id,utm_campaign,utm_content,utm_medium,utm_source,utm_term,updated_at,fuente_tipo) values (?,?,?,?,?,?,?,?,?,?,?,?,?,?,?,?,?,?,?,\'IMPORTACION\')]; SQL [insert into leads (email,telefono,created_at,distrito_id,edad,estado_c','{\"edad\": \"\", \"email\": \"liam.gonzales@gmail.com\", \"genero\": \"\", \"telefono\": \"929780142\", \"utm_medium\": \"\", \"utm_source\": \"\", \"distrito_id\": \"La Molina, Lima\", \"utm_campaign\": \"\", \"nombre_completo\": \"Liam Gonzales\"}','2025-11-22 01:47:14','2025-11-22 01:47:17'),(96,12,3,'could not execute statement [Data truncation: Data too long for column \'distrito_id\' at row 1] [insert into leads (email,telefono,created_at,distrito_id,edad,estado_civil,genero,nivel_educativo,envio_formulario_id,estado_lead_id,fecha_creacion,nombre_completo,registro_importado_id,utm_campaign,utm_content,utm_medium,utm_source,utm_term,updated_at,fuente_tipo) values (?,?,?,?,?,?,?,?,?,?,?,?,?,?,?,?,?,?,?,\'IMPORTACION\')]; SQL [insert into leads (email,telefono,created_at,distrito_id,edad,estado_c','{\"edad\": \"\", \"email\": \"camila.huaman@gmail.com\", \"genero\": \"\", \"telefono\": \"900620890\", \"utm_medium\": \"\", \"utm_source\": \"\", \"distrito_id\": \"Barranco, Lima\", \"utm_campaign\": \"\", \"nombre_completo\": \"Camila Huaman\"}','2025-11-22 01:47:19','2025-11-22 01:47:22'),(97,12,3,'could not execute statement [Data truncation: Data too long for column \'distrito_id\' at row 1] [insert into leads (email,telefono,created_at,distrito_id,edad,estado_civil,genero,nivel_educativo,envio_formulario_id,estado_lead_id,fecha_creacion,nombre_completo,registro_importado_id,utm_campaign,utm_content,utm_medium,utm_source,utm_term,updated_at,fuente_tipo) values (?,?,?,?,?,?,?,?,?,?,?,?,?,?,?,?,?,?,?,\'IMPORTACION\')]; SQL [insert into leads (email,telefono,created_at,distrito_id,edad,estado_c','{\"edad\": \"\", \"email\": \"liam.paredes@gmail.com\", \"genero\": \"\", \"telefono\": \"957961670\", \"utm_medium\": \"\", \"utm_source\": \"\", \"distrito_id\": \"Jesús María, Lima\", \"utm_campaign\": \"\", \"nombre_completo\": \"Liam Paredes\"}','2025-11-22 01:47:23','2025-11-22 01:47:27'),(98,12,3,'could not execute statement [Data truncation: Data too long for column \'distrito_id\' at row 1] [insert into leads (email,telefono,created_at,distrito_id,edad,estado_civil,genero,nivel_educativo,envio_formulario_id,estado_lead_id,fecha_creacion,nombre_completo,registro_importado_id,utm_campaign,utm_content,utm_medium,utm_source,utm_term,updated_at,fuente_tipo) values (?,?,?,?,?,?,?,?,?,?,?,?,?,?,?,?,?,?,?,\'IMPORTACION\')]; SQL [insert into leads (email,telefono,created_at,distrito_id,edad,estado_c','{\"edad\": \"\", \"email\": \"liam.rojas@gmail.com\", \"genero\": \"\", \"telefono\": \"955037492\", \"utm_medium\": \"\", \"utm_source\": \"\", \"distrito_id\": \"Lince, Lima\", \"utm_campaign\": \"\", \"nombre_completo\": \"Liam Rojas\"}','2025-11-22 01:47:28','2025-11-22 01:47:31'),(100,13,3,'could not execute statement [Data truncation: Data too long for column \'distrito_id\' at row 1] [insert into leads (email,telefono,created_at,distrito_id,edad,estado_civil,genero,nivel_educativo,envio_formulario_id,estado_lead_id,fecha_creacion,nombre_completo,registro_importado_id,utm_campaign,utm_content,utm_medium,utm_source,utm_term,updated_at,fuente_tipo) values (?,?,?,?,?,?,?,?,?,?,?,?,?,?,?,?,?,?,?,\'IMPORTACION\')]; SQL [insert into leads (email,telefono,created_at,distrito_id,edad,estado_c','{\"edad\": \"\", \"email\": \"luis.ramirez@gmail.com\", \"genero\": \"\", \"telefono\": \"974380731\", \"utm_medium\": \"\", \"utm_source\": \"\", \"distrito_id\": \"Santiago de Surco, Lima\", \"utm_campaign\": \"\", \"nombre_completo\": \"Luis Ramirez\"}','2025-11-22 01:49:39','2025-11-22 01:49:42'),(101,13,3,'could not execute statement [Data truncation: Data too long for column \'distrito_id\' at row 1] [insert into leads (email,telefono,created_at,distrito_id,edad,estado_civil,genero,nivel_educativo,envio_formulario_id,estado_lead_id,fecha_creacion,nombre_completo,registro_importado_id,utm_campaign,utm_content,utm_medium,utm_source,utm_term,updated_at,fuente_tipo) values (?,?,?,?,?,?,?,?,?,?,?,?,?,?,?,?,?,?,?,\'IMPORTACION\')]; SQL [insert into leads (email,telefono,created_at,distrito_id,edad,estado_c','{\"edad\": \"\", \"email\": \"thiago.reyes@gmail.com\", \"genero\": \"\", \"telefono\": \"977462500\", \"utm_medium\": \"\", \"utm_source\": \"\", \"distrito_id\": \"Barranco, Lima\", \"utm_campaign\": \"\", \"nombre_completo\": \"Thiago Reyes\"}','2025-11-22 01:49:44','2025-11-22 01:49:47'),(102,13,3,'could not execute statement [Data truncation: Data too long for column \'distrito_id\' at row 1] [insert into leads (email,telefono,created_at,distrito_id,edad,estado_civil,genero,nivel_educativo,envio_formulario_id,estado_lead_id,fecha_creacion,nombre_completo,registro_importado_id,utm_campaign,utm_content,utm_medium,utm_source,utm_term,updated_at,fuente_tipo) values (?,?,?,?,?,?,?,?,?,?,?,?,?,?,?,?,?,?,?,\'IMPORTACION\')]; SQL [insert into leads (email,telefono,created_at,distrito_id,edad,estado_c','{\"edad\": \"\", \"email\": \"luciana.vargas@gmail.com\", \"genero\": \"\", \"telefono\": \"916936639\", \"utm_medium\": \"\", \"utm_source\": \"\", \"distrito_id\": \"Miraflores, Lima\", \"utm_campaign\": \"\", \"nombre_completo\": \"Luciana Vargas\"}','2025-11-22 01:49:48','2025-11-22 01:49:51'),(103,13,3,'could not execute statement [Data truncation: Data too long for column \'distrito_id\' at row 1] [insert into leads (email,telefono,created_at,distrito_id,edad,estado_civil,genero,nivel_educativo,envio_formulario_id,estado_lead_id,fecha_creacion,nombre_completo,registro_importado_id,utm_campaign,utm_content,utm_medium,utm_source,utm_term,updated_at,fuente_tipo) values (?,?,?,?,?,?,?,?,?,?,?,?,?,?,?,?,?,?,?,\'IMPORTACION\')]; SQL [insert into leads (email,telefono,created_at,distrito_id,edad,estado_c','{\"edad\": \"\", \"email\": \"maria.flores@gmail.com\", \"genero\": \"\", \"telefono\": \"967100283\", \"utm_medium\": \"\", \"utm_source\": \"\", \"distrito_id\": \"Jesús María, Lima\", \"utm_campaign\": \"\", \"nombre_completo\": \"Maria Flores\"}','2025-11-22 01:49:53','2025-11-22 01:49:56'),(104,13,3,'could not execute statement [Data truncation: Data too long for column \'distrito_id\' at row 1] [insert into leads (email,telefono,created_at,distrito_id,edad,estado_civil,genero,nivel_educativo,envio_formulario_id,estado_lead_id,fecha_creacion,nombre_completo,registro_importado_id,utm_campaign,utm_content,utm_medium,utm_source,utm_term,updated_at,fuente_tipo) values (?,?,?,?,?,?,?,?,?,?,?,?,?,?,?,?,?,?,?,\'IMPORTACION\')]; SQL [insert into leads (email,telefono,created_at,distrito_id,edad,estado_c','{\"edad\": \"\", \"email\": \"ana.flores@gmail.com\", \"genero\": \"\", \"telefono\": \"908269534\", \"utm_medium\": \"\", \"utm_source\": \"\", \"distrito_id\": \"Barranco, Lima\", \"utm_campaign\": \"\", \"nombre_completo\": \"Ana Flores\"}','2025-11-22 01:49:57','2025-11-22 01:50:01'),(105,13,3,'could not execute statement [Data truncation: Data too long for column \'distrito_id\' at row 1] [insert into leads (email,telefono,created_at,distrito_id,edad,estado_civil,genero,nivel_educativo,envio_formulario_id,estado_lead_id,fecha_creacion,nombre_completo,registro_importado_id,utm_campaign,utm_content,utm_medium,utm_source,utm_term,updated_at,fuente_tipo) values (?,?,?,?,?,?,?,?,?,?,?,?,?,?,?,?,?,?,?,\'IMPORTACION\')]; SQL [insert into leads (email,telefono,created_at,distrito_id,edad,estado_c','{\"edad\": \"\", \"email\": \"jose.huaman@gmail.com\", \"genero\": \"\", \"telefono\": \"959276375\", \"utm_medium\": \"\", \"utm_source\": \"\", \"distrito_id\": \"Cercado de Lima, Lima\", \"utm_campaign\": \"\", \"nombre_completo\": \"Jose Huaman\"}','2025-11-22 01:50:02','2025-11-22 01:50:05'),(106,13,3,'could not execute statement [Data truncation: Data too long for column \'distrito_id\' at row 1] [insert into leads (email,telefono,created_at,distrito_id,edad,estado_civil,genero,nivel_educativo,envio_formulario_id,estado_lead_id,fecha_creacion,nombre_completo,registro_importado_id,utm_campaign,utm_content,utm_medium,utm_source,utm_term,updated_at,fuente_tipo) values (?,?,?,?,?,?,?,?,?,?,?,?,?,?,?,?,?,?,?,\'IMPORTACION\')]; SQL [insert into leads (email,telefono,created_at,distrito_id,edad,estado_c','{\"edad\": \"\", \"email\": \"daniela.gutierrez@gmail.com\", \"genero\": \"\", \"telefono\": \"916232715\", \"utm_medium\": \"\", \"utm_source\": \"\", \"distrito_id\": \"Barranco, Lima\", \"utm_campaign\": \"\", \"nombre_completo\": \"Daniela Gutierrez\"}','2025-11-22 01:50:06','2025-11-22 01:50:10'),(107,13,3,'could not execute statement [Data truncation: Data too long for column \'distrito_id\' at row 1] [insert into leads (email,telefono,created_at,distrito_id,edad,estado_civil,genero,nivel_educativo,envio_formulario_id,estado_lead_id,fecha_creacion,nombre_completo,registro_importado_id,utm_campaign,utm_content,utm_medium,utm_source,utm_term,updated_at,fuente_tipo) values (?,?,?,?,?,?,?,?,?,?,?,?,?,?,?,?,?,?,?,\'IMPORTACION\')]; SQL [insert into leads (email,telefono,created_at,distrito_id,edad,estado_c','{\"edad\": \"\", \"email\": \"liam.gonzales@gmail.com\", \"genero\": \"\", \"telefono\": \"943673469\", \"utm_medium\": \"\", \"utm_source\": \"\", \"distrito_id\": \"Lince, Lima\", \"utm_campaign\": \"\", \"nombre_completo\": \"Liam Gonzales\"}','2025-11-22 01:50:11','2025-11-22 01:50:14'),(108,13,3,'could not execute statement [Data truncation: Data too long for column \'distrito_id\' at row 1] [insert into leads (email,telefono,created_at,distrito_id,edad,estado_civil,genero,nivel_educativo,envio_formulario_id,estado_lead_id,fecha_creacion,nombre_completo,registro_importado_id,utm_campaign,utm_content,utm_medium,utm_source,utm_term,updated_at,fuente_tipo) values (?,?,?,?,?,?,?,?,?,?,?,?,?,?,?,?,?,?,?,\'IMPORTACION\')]; SQL [insert into leads (email,telefono,created_at,distrito_id,edad,estado_c','{\"edad\": \"\", \"email\": \"thiago.rojas@gmail.com\", \"genero\": \"\", \"telefono\": \"996047354\", \"utm_medium\": \"\", \"utm_source\": \"\", \"distrito_id\": \"Pueblo Libre, Lima\", \"utm_campaign\": \"\", \"nombre_completo\": \"Thiago Rojas\"}','2025-11-22 01:50:15','2025-11-22 01:50:19'),(109,13,3,'could not execute statement [Data truncation: Data too long for column \'distrito_id\' at row 1] [insert into leads (email,telefono,created_at,distrito_id,edad,estado_civil,genero,nivel_educativo,envio_formulario_id,estado_lead_id,fecha_creacion,nombre_completo,registro_importado_id,utm_campaign,utm_content,utm_medium,utm_source,utm_term,updated_at,fuente_tipo) values (?,?,?,?,?,?,?,?,?,?,?,?,?,?,?,?,?,?,?,\'IMPORTACION\')]; SQL [insert into leads (email,telefono,created_at,distrito_id,edad,estado_c','{\"edad\": \"\", \"email\": \"carlos.torres@gmail.com\", \"genero\": \"\", \"telefono\": \"911042880\", \"utm_medium\": \"\", \"utm_source\": \"\", \"distrito_id\": \"Santiago de Surco, Lima\", \"utm_campaign\": \"\", \"nombre_completo\": \"Carlos Torres\"}','2025-11-22 01:50:20','2025-11-22 01:50:23'),(110,13,3,'could not execute statement [Data truncation: Data too long for column \'distrito_id\' at row 1] [insert into leads (email,telefono,created_at,distrito_id,edad,estado_civil,genero,nivel_educativo,envio_formulario_id,estado_lead_id,fecha_creacion,nombre_completo,registro_importado_id,utm_campaign,utm_content,utm_medium,utm_source,utm_term,updated_at,fuente_tipo) values (?,?,?,?,?,?,?,?,?,?,?,?,?,?,?,?,?,?,?,\'IMPORTACION\')]; SQL [insert into leads (email,telefono,created_at,distrito_id,edad,estado_c','{\"edad\": \"\", \"email\": \"valentina.reyes@gmail.com\", \"genero\": \"\", \"telefono\": \"915212240\", \"utm_medium\": \"\", \"utm_source\": \"\", \"distrito_id\": \"Barranco, Lima\", \"utm_campaign\": \"\", \"nombre_completo\": \"Valentina Reyes\"}','2025-11-22 01:50:25','2025-11-22 01:50:28'),(111,13,3,'could not execute statement [Data truncation: Data too long for column \'distrito_id\' at row 1] [insert into leads (email,telefono,created_at,distrito_id,edad,estado_civil,genero,nivel_educativo,envio_formulario_id,estado_lead_id,fecha_creacion,nombre_completo,registro_importado_id,utm_campaign,utm_content,utm_medium,utm_source,utm_term,updated_at,fuente_tipo) values (?,?,?,?,?,?,?,?,?,?,?,?,?,?,?,?,?,?,?,\'IMPORTACION\')]; SQL [insert into leads (email,telefono,created_at,distrito_id,edad,estado_c','{\"edad\": \"\", \"email\": \"mia.lopez@gmail.com\", \"genero\": \"\", \"telefono\": \"981905895\", \"utm_medium\": \"\", \"utm_source\": \"\", \"distrito_id\": \"Santiago de Surco, Lima\", \"utm_campaign\": \"\", \"nombre_completo\": \"Mia Lopez\"}','2025-11-22 01:50:29','2025-11-22 01:50:32'),(112,13,3,'could not execute statement [Data truncation: Data too long for column \'distrito_id\' at row 1] [insert into leads (email,telefono,created_at,distrito_id,edad,estado_civil,genero,nivel_educativo,envio_formulario_id,estado_lead_id,fecha_creacion,nombre_completo,registro_importado_id,utm_campaign,utm_content,utm_medium,utm_source,utm_term,updated_at,fuente_tipo) values (?,?,?,?,?,?,?,?,?,?,?,?,?,?,?,?,?,?,?,\'IMPORTACION\')]; SQL [insert into leads (email,telefono,created_at,distrito_id,edad,estado_c','{\"edad\": \"\", \"email\": \"liam.ramirez@gmail.com\", \"genero\": \"\", \"telefono\": \"943874674\", \"utm_medium\": \"\", \"utm_source\": \"\", \"distrito_id\": \"Pueblo Libre, Lima\", \"utm_campaign\": \"\", \"nombre_completo\": \"Liam Ramirez\"}','2025-11-22 01:50:34','2025-11-22 01:50:37'),(113,13,3,'could not execute statement [Data truncation: Data too long for column \'distrito_id\' at row 1] [insert into leads (email,telefono,created_at,distrito_id,edad,estado_civil,genero,nivel_educativo,envio_formulario_id,estado_lead_id,fecha_creacion,nombre_completo,registro_importado_id,utm_campaign,utm_content,utm_medium,utm_source,utm_term,updated_at,fuente_tipo) values (?,?,?,?,?,?,?,?,?,?,?,?,?,?,?,?,?,?,?,\'IMPORTACION\')]; SQL [insert into leads (email,telefono,created_at,distrito_id,edad,estado_c','{\"edad\": \"\", \"email\": \"mia.gutierrez@gmail.com\", \"genero\": \"\", \"telefono\": \"930740546\", \"utm_medium\": \"\", \"utm_source\": \"\", \"distrito_id\": \"La Molina, Lima\", \"utm_campaign\": \"\", \"nombre_completo\": \"Mia Gutierrez\"}','2025-11-22 01:50:38','2025-11-22 01:50:42'),(114,13,3,'could not execute statement [Data truncation: Data too long for column \'distrito_id\' at row 1] [insert into leads (email,telefono,created_at,distrito_id,edad,estado_civil,genero,nivel_educativo,envio_formulario_id,estado_lead_id,fecha_creacion,nombre_completo,registro_importado_id,utm_campaign,utm_content,utm_medium,utm_source,utm_term,updated_at,fuente_tipo) values (?,?,?,?,?,?,?,?,?,?,?,?,?,?,?,?,?,?,?,\'IMPORTACION\')]; SQL [insert into leads (email,telefono,created_at,distrito_id,edad,estado_c','{\"edad\": \"\", \"email\": \"jose.lopez@gmail.com\", \"genero\": \"\", \"telefono\": \"971952464\", \"utm_medium\": \"\", \"utm_source\": \"\", \"distrito_id\": \"Santiago de Surco, Lima\", \"utm_campaign\": \"\", \"nombre_completo\": \"Jose Lopez\"}','2025-11-22 01:50:43','2025-11-22 01:50:46'),(115,13,3,'could not execute statement [Data truncation: Data too long for column \'distrito_id\' at row 1] [insert into leads (email,telefono,created_at,distrito_id,edad,estado_civil,genero,nivel_educativo,envio_formulario_id,estado_lead_id,fecha_creacion,nombre_completo,registro_importado_id,utm_campaign,utm_content,utm_medium,utm_source,utm_term,updated_at,fuente_tipo) values (?,?,?,?,?,?,?,?,?,?,?,?,?,?,?,?,?,?,?,\'IMPORTACION\')]; SQL [insert into leads (email,telefono,created_at,distrito_id,edad,estado_c','{\"edad\": \"\", \"email\": \"luciana.gonzales@gmail.com\", \"genero\": \"\", \"telefono\": \"984101564\", \"utm_medium\": \"\", \"utm_source\": \"\", \"distrito_id\": \"San Isidro, Lima\", \"utm_campaign\": \"\", \"nombre_completo\": \"Luciana Gonzales\"}','2025-11-22 01:50:47','2025-11-22 01:50:51'),(116,13,3,'could not execute statement [Data truncation: Data too long for column \'distrito_id\' at row 1] [insert into leads (email,telefono,created_at,distrito_id,edad,estado_civil,genero,nivel_educativo,envio_formulario_id,estado_lead_id,fecha_creacion,nombre_completo,registro_importado_id,utm_campaign,utm_content,utm_medium,utm_source,utm_term,updated_at,fuente_tipo) values (?,?,?,?,?,?,?,?,?,?,?,?,?,?,?,?,?,?,?,\'IMPORTACION\')]; SQL [insert into leads (email,telefono,created_at,distrito_id,edad,estado_c','{\"edad\": \"\", \"email\": \"luis.torres@gmail.com\", \"genero\": \"\", \"telefono\": \"987235335\", \"utm_medium\": \"\", \"utm_source\": \"\", \"distrito_id\": \"Lince, Lima\", \"utm_campaign\": \"\", \"nombre_completo\": \"Luis Torres\"}','2025-11-22 01:50:52','2025-11-22 01:50:55'),(117,13,3,'could not execute statement [Data truncation: Data too long for column \'distrito_id\' at row 1] [insert into leads (email,telefono,created_at,distrito_id,edad,estado_civil,genero,nivel_educativo,envio_formulario_id,estado_lead_id,fecha_creacion,nombre_completo,registro_importado_id,utm_campaign,utm_content,utm_medium,utm_source,utm_term,updated_at,fuente_tipo) values (?,?,?,?,?,?,?,?,?,?,?,?,?,?,?,?,?,?,?,\'IMPORTACION\')]; SQL [insert into leads (email,telefono,created_at,distrito_id,edad,estado_c','{\"edad\": \"\", \"email\": \"carlos.gonzales@gmail.com\", \"genero\": \"\", \"telefono\": \"949054733\", \"utm_medium\": \"\", \"utm_source\": \"\", \"distrito_id\": \"Jesús María, Lima\", \"utm_campaign\": \"\", \"nombre_completo\": \"Carlos Gonzales\"}','2025-11-22 01:50:57','2025-11-22 01:51:00'),(118,13,3,'could not execute statement [Data truncation: Data too long for column \'distrito_id\' at row 1] [insert into leads (email,telefono,created_at,distrito_id,edad,estado_civil,genero,nivel_educativo,envio_formulario_id,estado_lead_id,fecha_creacion,nombre_completo,registro_importado_id,utm_campaign,utm_content,utm_medium,utm_source,utm_term,updated_at,fuente_tipo) values (?,?,?,?,?,?,?,?,?,?,?,?,?,?,?,?,?,?,?,\'IMPORTACION\')]; SQL [insert into leads (email,telefono,created_at,distrito_id,edad,estado_c','{\"edad\": \"\", \"email\": \"liam.gonzales@gmail.com\", \"genero\": \"\", \"telefono\": \"929780142\", \"utm_medium\": \"\", \"utm_source\": \"\", \"distrito_id\": \"La Molina, Lima\", \"utm_campaign\": \"\", \"nombre_completo\": \"Liam Gonzales\"}','2025-11-22 01:51:01','2025-11-22 01:51:04'),(119,13,3,'could not execute statement [Data truncation: Data too long for column \'distrito_id\' at row 1] [insert into leads (email,telefono,created_at,distrito_id,edad,estado_civil,genero,nivel_educativo,envio_formulario_id,estado_lead_id,fecha_creacion,nombre_completo,registro_importado_id,utm_campaign,utm_content,utm_medium,utm_source,utm_term,updated_at,fuente_tipo) values (?,?,?,?,?,?,?,?,?,?,?,?,?,?,?,?,?,?,?,\'IMPORTACION\')]; SQL [insert into leads (email,telefono,created_at,distrito_id,edad,estado_c','{\"edad\": \"\", \"email\": \"camila.huaman@gmail.com\", \"genero\": \"\", \"telefono\": \"900620890\", \"utm_medium\": \"\", \"utm_source\": \"\", \"distrito_id\": \"Barranco, Lima\", \"utm_campaign\": \"\", \"nombre_completo\": \"Camila Huaman\"}','2025-11-22 01:51:06','2025-11-22 01:51:09'),(120,13,3,'could not execute statement [Data truncation: Data too long for column \'distrito_id\' at row 1] [insert into leads (email,telefono,created_at,distrito_id,edad,estado_civil,genero,nivel_educativo,envio_formulario_id,estado_lead_id,fecha_creacion,nombre_completo,registro_importado_id,utm_campaign,utm_content,utm_medium,utm_source,utm_term,updated_at,fuente_tipo) values (?,?,?,?,?,?,?,?,?,?,?,?,?,?,?,?,?,?,?,\'IMPORTACION\')]; SQL [insert into leads (email,telefono,created_at,distrito_id,edad,estado_c','{\"edad\": \"\", \"email\": \"liam.paredes@gmail.com\", \"genero\": \"\", \"telefono\": \"957961670\", \"utm_medium\": \"\", \"utm_source\": \"\", \"distrito_id\": \"Jesús María, Lima\", \"utm_campaign\": \"\", \"nombre_completo\": \"Liam Paredes\"}','2025-11-22 01:51:10','2025-11-22 01:51:13'),(121,13,3,'could not execute statement [Data truncation: Data too long for column \'distrito_id\' at row 1] [insert into leads (email,telefono,created_at,distrito_id,edad,estado_civil,genero,nivel_educativo,envio_formulario_id,estado_lead_id,fecha_creacion,nombre_completo,registro_importado_id,utm_campaign,utm_content,utm_medium,utm_source,utm_term,updated_at,fuente_tipo) values (?,?,?,?,?,?,?,?,?,?,?,?,?,?,?,?,?,?,?,\'IMPORTACION\')]; SQL [insert into leads (email,telefono,created_at,distrito_id,edad,estado_c','{\"edad\": \"\", \"email\": \"liam.rojas@gmail.com\", \"genero\": \"\", \"telefono\": \"955037492\", \"utm_medium\": \"\", \"utm_source\": \"\", \"distrito_id\": \"Lince, Lima\", \"utm_campaign\": \"\", \"nombre_completo\": \"Liam Rojas\"}','2025-11-22 01:51:15','2025-11-22 01:51:18'),(122,13,3,'could not execute statement [Data truncation: Data too long for column \'distrito_id\' at row 1] [insert into leads (email,telefono,created_at,distrito_id,edad,estado_civil,genero,nivel_educativo,envio_formulario_id,estado_lead_id,fecha_creacion,nombre_completo,registro_importado_id,utm_campaign,utm_content,utm_medium,utm_source,utm_term,updated_at,fuente_tipo) values (?,?,?,?,?,?,?,?,?,?,?,?,?,?,?,?,?,?,?,\'IMPORTACION\')]; SQL [insert into leads (email,telefono,created_at,distrito_id,edad,estado_c','{\"edad\": \"\", \"email\": \"mia.rojas@gmail.com\", \"genero\": \"\", \"telefono\": \"921885982\", \"utm_medium\": \"\", \"utm_source\": \"\", \"distrito_id\": \"Cercado de Lima, Lima\", \"utm_campaign\": \"\", \"nombre_completo\": \"Mia Rojas\"}','2025-11-22 01:51:19','2025-11-22 01:51:23'),(123,13,3,'could not execute statement [Data truncation: Data too long for column \'distrito_id\' at row 1] [insert into leads (email,telefono,created_at,distrito_id,edad,estado_civil,genero,nivel_educativo,envio_formulario_id,estado_lead_id,fecha_creacion,nombre_completo,registro_importado_id,utm_campaign,utm_content,utm_medium,utm_source,utm_term,updated_at,fuente_tipo) values (?,?,?,?,?,?,?,?,?,?,?,?,?,?,?,?,?,?,?,\'IMPORTACION\')]; SQL [insert into leads (email,telefono,created_at,distrito_id,edad,estado_c','{\"edad\": \"\", \"email\": \"sofia.vargas@gmail.com\", \"genero\": \"\", \"telefono\": \"959470127\", \"utm_medium\": \"\", \"utm_source\": \"\", \"distrito_id\": \"Cercado de Lima, Lima\", \"utm_campaign\": \"\", \"nombre_completo\": \"Sofia Vargas\"}','2025-11-22 01:51:24','2025-11-22 01:51:27'),(124,13,3,'could not execute statement [Data truncation: Data too long for column \'distrito_id\' at row 1] [insert into leads (email,telefono,created_at,distrito_id,edad,estado_civil,genero,nivel_educativo,envio_formulario_id,estado_lead_id,fecha_creacion,nombre_completo,registro_importado_id,utm_campaign,utm_content,utm_medium,utm_source,utm_term,updated_at,fuente_tipo) values (?,?,?,?,?,?,?,?,?,?,?,?,?,?,?,?,?,?,?,\'IMPORTACION\')]; SQL [insert into leads (email,telefono,created_at,distrito_id,edad,estado_c','{\"edad\": \"\", \"email\": \"camila.gutierrez@gmail.com\", \"genero\": \"\", \"telefono\": \"994758453\", \"utm_medium\": \"\", \"utm_source\": \"\", \"distrito_id\": \"Jesús María, Lima\", \"utm_campaign\": \"\", \"nombre_completo\": \"Camila Gutierrez\"}','2025-11-22 01:51:28','2025-11-22 01:51:32'),(125,13,3,'could not execute statement [Data truncation: Data too long for column \'distrito_id\' at row 1] [insert into leads (email,telefono,created_at,distrito_id,edad,estado_civil,genero,nivel_educativo,envio_formulario_id,estado_lead_id,fecha_creacion,nombre_completo,registro_importado_id,utm_campaign,utm_content,utm_medium,utm_source,utm_term,updated_at,fuente_tipo) values (?,?,?,?,?,?,?,?,?,?,?,?,?,?,?,?,?,?,?,\'IMPORTACION\')]; SQL [insert into leads (email,telefono,created_at,distrito_id,edad,estado_c','{\"edad\": \"\", \"email\": \"ana.torres@gmail.com\", \"genero\": \"\", \"telefono\": \"959404836\", \"utm_medium\": \"\", \"utm_source\": \"\", \"distrito_id\": \"Pueblo Libre, Lima\", \"utm_campaign\": \"\", \"nombre_completo\": \"Ana Torres\"}','2025-11-22 01:51:33','2025-11-22 01:51:36'),(126,13,3,'could not execute statement [Data truncation: Data too long for column \'distrito_id\' at row 1] [insert into leads (email,telefono,created_at,distrito_id,edad,estado_civil,genero,nivel_educativo,envio_formulario_id,estado_lead_id,fecha_creacion,nombre_completo,registro_importado_id,utm_campaign,utm_content,utm_medium,utm_source,utm_term,updated_at,fuente_tipo) values (?,?,?,?,?,?,?,?,?,?,?,?,?,?,?,?,?,?,?,\'IMPORTACION\')]; SQL [insert into leads (email,telefono,created_at,distrito_id,edad,estado_c','{\"edad\": \"\", \"email\": \"luciana.vargas@gmail.com\", \"genero\": \"\", \"telefono\": \"904678641\", \"utm_medium\": \"\", \"utm_source\": \"\", \"distrito_id\": \"Cercado de Lima, Lima\", \"utm_campaign\": \"\", \"nombre_completo\": \"Luciana Vargas\"}','2025-11-22 01:51:38','2025-11-22 01:51:41'),(127,13,3,'could not execute statement [Data truncation: Data too long for column \'distrito_id\' at row 1] [insert into leads (email,telefono,created_at,distrito_id,edad,estado_civil,genero,nivel_educativo,envio_formulario_id,estado_lead_id,fecha_creacion,nombre_completo,registro_importado_id,utm_campaign,utm_content,utm_medium,utm_source,utm_term,updated_at,fuente_tipo) values (?,?,?,?,?,?,?,?,?,?,?,?,?,?,?,?,?,?,?,\'IMPORTACION\')]; SQL [insert into leads (email,telefono,created_at,distrito_id,edad,estado_c','{\"edad\": \"\", \"email\": \"luis.quispe@gmail.com\", \"genero\": \"\", \"telefono\": \"918442050\", \"utm_medium\": \"\", \"utm_source\": \"\", \"distrito_id\": \"San Isidro, Lima\", \"utm_campaign\": \"\", \"nombre_completo\": \"Luis Quispe\"}','2025-11-22 01:51:42','2025-11-22 01:51:45'),(128,13,3,'could not execute statement [Data truncation: Data too long for column \'distrito_id\' at row 1] [insert into leads (email,telefono,created_at,distrito_id,edad,estado_civil,genero,nivel_educativo,envio_formulario_id,estado_lead_id,fecha_creacion,nombre_completo,registro_importado_id,utm_campaign,utm_content,utm_medium,utm_source,utm_term,updated_at,fuente_tipo) values (?,?,?,?,?,?,?,?,?,?,?,?,?,?,?,?,?,?,?,\'IMPORTACION\')]; SQL [insert into leads (email,telefono,created_at,distrito_id,edad,estado_c','{\"edad\": \"\", \"email\": \"carlos.rojas@gmail.com\", \"genero\": \"\", \"telefono\": \"983604200\", \"utm_medium\": \"\", \"utm_source\": \"\", \"distrito_id\": \"Miraflores, Lima\", \"utm_campaign\": \"\", \"nombre_completo\": \"Carlos Rojas\"}','2025-11-22 01:51:47','2025-11-22 01:51:50'),(129,13,3,'could not execute statement [Data truncation: Data too long for column \'distrito_id\' at row 1] [insert into leads (email,telefono,created_at,distrito_id,edad,estado_civil,genero,nivel_educativo,envio_formulario_id,estado_lead_id,fecha_creacion,nombre_completo,registro_importado_id,utm_campaign,utm_content,utm_medium,utm_source,utm_term,updated_at,fuente_tipo) values (?,?,?,?,?,?,?,?,?,?,?,?,?,?,?,?,?,?,?,\'IMPORTACION\')]; SQL [insert into leads (email,telefono,created_at,distrito_id,edad,estado_c','{\"edad\": \"\", \"email\": \"maria.reyes@gmail.com\", \"genero\": \"\", \"telefono\": \"909238735\", \"utm_medium\": \"\", \"utm_source\": \"\", \"distrito_id\": \"Jesús María, Lima\", \"utm_campaign\": \"\", \"nombre_completo\": \"Maria Reyes\"}','2025-11-22 01:51:51','2025-11-22 01:51:55'),(130,14,2,NULL,'{\"edad\": \"28.0\", \"email\": \"carlos.import@empresa.com\", \"genero\": \"M\", \"telefono\": \"999111222\", \"utm_medium\": \"cpc\", \"utm_source\": \"google_ads\", \"distrito_id\": \"150101\", \"utm_campaign\": \"campaña_invierno\", \"nombre_completo\": \"Carlos Importado\"}','2025-11-22 01:52:29','2025-11-22 01:52:32'),(131,14,2,NULL,'{\"edad\": \"35.0\", \"email\": \"lucia.excel@empresa.com\", \"genero\": \"F\", \"telefono\": \"988777666\", \"utm_medium\": \"email\", \"utm_source\": \"base_datos_antigua\", \"distrito_id\": \"150122\", \"utm_campaign\": \"reactivacion\", \"nombre_completo\": \"Lucia Excel\"}','2025-11-22 01:52:34','2025-11-22 01:52:37'),(132,14,2,NULL,'{\"edad\": \"40.0\", \"email\": \"sindistrito@prueba.com\", \"genero\": \"M\", \"telefono\": \"900000000\", \"utm_medium\": \"presencial\", \"utm_source\": \"feria\", \"distrito_id\": \"\", \"utm_campaign\": \"evento_2025\", \"nombre_completo\": \"Lead Sin Distrito\"}','2025-11-22 01:52:38','2025-11-22 01:52:41'),(133,14,2,NULL,'{\"edad\": \"29.0\", \"email\": \"maria.si@empresa.com\", \"genero\": \"F\", \"telefono\": \"977666555\", \"utm_medium\": \"post\", \"utm_source\": \"linkedin\", \"distrito_id\": \"150131\", \"utm_campaign\": \"networking\", \"nombre_completo\": \"Maria San Isidro\"}','2025-11-22 01:52:42','2025-11-22 01:52:46'),(134,14,2,NULL,'{\"edad\": \"29.0\", \"email\": \"maria.si@empresa.com\", \"genero\": \"F\", \"telefono\": \"977666555\", \"utm_medium\": \"post\", \"utm_source\": \"linkedin\", \"distrito_id\": \"150131\", \"utm_campaign\": \"networking\", \"nombre_completo\": \"Maria San Isidro\"}','2025-11-22 01:52:47','2025-11-22 01:52:50'),(135,14,3,'could not execute statement [Cannot add or update a child row: a foreign key constraint fails (`railway`.`leads`, CONSTRAINT `fk_lead_distrito` FOREIGN KEY (`distrito_id`) REFERENCES `distritos` (`id_distrito`) ON DELETE SET NULL)] [insert into leads (email,telefono,created_at,distrito_id,edad,estado_civil,genero,nivel_educativo,envio_formulario_id,estado_lead_id,fecha_creacion,nombre_completo,registro_importado_id,utm_campaign,utm_content,utm_medium,utm_source,utm_term,updated_at,fuente_tipo) v','{\"edad\": \"dawd\", \"email\": \"adaw\", \"genero\": \"awdaw\", \"telefono\": \"dawdwa\", \"utm_medium\": \"dwa\", \"utm_source\": \"daw\", \"distrito_id\": \"dawdwa\", \"utm_campaign\": \"daw\", \"nombre_completo\": \"dawd\"}','2025-11-22 01:52:51','2025-11-22 01:52:54'),(136,14,2,NULL,'{\"edad\": \"\", \"email\": \"\", \"genero\": \"\", \"telefono\": \"\", \"utm_medium\": \"\", \"utm_source\": \"\", \"distrito_id\": \"\", \"utm_campaign\": \"\", \"nombre_completo\": \"\"}','2025-11-22 01:52:56','2025-11-22 01:52:59'),(137,15,2,NULL,'{\"edad\": \"28.0\", \"email\": \"carlos.import@empresa.com\", \"genero\": \"M\", \"telefono\": \"999111222\", \"utm_medium\": \"cpc\", \"utm_source\": \"google_ads\", \"distrito_id\": \"150101\", \"utm_campaign\": \"campaña_invierno\", \"nombre_completo\": \"Carlos Importado\"}','2025-11-22 02:11:04','2025-11-22 02:11:06'),(138,15,2,NULL,'{\"edad\": \"35.0\", \"email\": \"lucia.excel@empresa.com\", \"genero\": \"F\", \"telefono\": \"988777666\", \"utm_medium\": \"email\", \"utm_source\": \"base_datos_antigua\", \"distrito_id\": \"150122\", \"utm_campaign\": \"reactivacion\", \"nombre_completo\": \"Lucia Excel\"}','2025-11-22 02:11:08','2025-11-22 02:11:11'),(139,15,2,NULL,'{\"edad\": \"40.0\", \"email\": \"sindistrito@prueba.com\", \"genero\": \"M\", \"telefono\": \"900000000\", \"utm_medium\": \"presencial\", \"utm_source\": \"feria\", \"distrito_id\": \"\", \"utm_campaign\": \"evento_2025\", \"nombre_completo\": \"Lead Sin Distrito\"}','2025-11-22 02:11:12','2025-11-22 02:11:16'),(140,15,2,NULL,'{\"edad\": \"29.0\", \"email\": \"maria.si@empresa.com\", \"genero\": \"F\", \"telefono\": \"977666555\", \"utm_medium\": \"post\", \"utm_source\": \"linkedin\", \"distrito_id\": \"150131\", \"utm_campaign\": \"networking\", \"nombre_completo\": \"Maria San Isidro\"}','2025-11-22 02:11:17','2025-11-22 02:11:21'),(141,15,2,NULL,'{\"edad\": \"29.0\", \"email\": \"maria.si@empresa.com\", \"genero\": \"F\", \"telefono\": \"977666555\", \"utm_medium\": \"post\", \"utm_source\": \"linkedin\", \"distrito_id\": \"150131\", \"utm_campaign\": \"networking\", \"nombre_completo\": \"Maria San Isidro\"}','2025-11-22 02:11:22','2025-11-22 02:11:24'),(142,15,3,'could not execute statement [Cannot add or update a child row: a foreign key constraint fails (`railway`.`leads`, CONSTRAINT `fk_lead_distrito` FOREIGN KEY (`distrito_id`) REFERENCES `distritos` (`id_distrito`) ON DELETE SET NULL)] [insert into leads (email,telefono,created_at,distrito_id,edad,estado_civil,genero,nivel_educativo,envio_formulario_id,estado_lead_id,fecha_creacion,nombre_completo,registro_importado_id,utm_campaign,utm_content,utm_medium,utm_source,utm_term,updated_at,fuente_tipo) v','{\"edad\": \"dawd\", \"email\": \"adaw\", \"genero\": \"awdaw\", \"telefono\": \"dawdwa\", \"utm_medium\": \"dwa\", \"utm_source\": \"daw\", \"distrito_id\": \"dawdwa\", \"utm_campaign\": \"daw\", \"nombre_completo\": \"dawd\"}','2025-11-22 02:11:26','2025-11-22 02:11:29'),(143,15,2,NULL,'{\"edad\": \"\", \"email\": \"\", \"genero\": \"\", \"telefono\": \"\", \"utm_medium\": \"\", \"utm_source\": \"\", \"distrito_id\": \"\", \"utm_campaign\": \"\", \"nombre_completo\": \"\"}','2025-11-22 02:11:31','2025-11-22 02:11:34'),(144,16,2,NULL,'{\"edad\": \"28.0\", \"email\": \"carlos.import@empresa.com\", \"genero\": \"M\", \"telefono\": \"999111222\", \"utm_medium\": \"cpc\", \"utm_source\": \"google_ads\", \"distrito_id\": \"150101\", \"utm_campaign\": \"campaña_invierno\", \"nombre_completo\": \"Carlos Importado\"}','2025-11-22 02:13:49','2025-11-22 02:13:52'),(145,16,2,NULL,'{\"edad\": \"35.0\", \"email\": \"lucia.excel@empresa.com\", \"genero\": \"F\", \"telefono\": \"988777666\", \"utm_medium\": \"email\", \"utm_source\": \"base_datos_antigua\", \"distrito_id\": \"150122\", \"utm_campaign\": \"reactivacion\", \"nombre_completo\": \"Lucia Excel\"}','2025-11-22 02:13:53','2025-11-22 02:13:56'),(146,16,2,NULL,'{\"edad\": \"40.0\", \"email\": \"sindistrito@prueba.com\", \"genero\": \"M\", \"telefono\": \"900000000\", \"utm_medium\": \"presencial\", \"utm_source\": \"feria\", \"distrito_id\": \"\", \"utm_campaign\": \"evento_2025\", \"nombre_completo\": \"Lead Sin Distrito\"}','2025-11-22 02:13:57','2025-11-22 02:14:00'),(147,16,2,NULL,'{\"edad\": \"29.0\", \"email\": \"maria.si@empresa.com\", \"genero\": \"F\", \"telefono\": \"977666555\", \"utm_medium\": \"post\", \"utm_source\": \"linkedin\", \"distrito_id\": \"150131\", \"utm_campaign\": \"networking\", \"nombre_completo\": \"Maria San Isidro\"}','2025-11-22 02:14:02','2025-11-22 02:14:05'),(148,16,2,NULL,'{\"edad\": \"29.0\", \"email\": \"maria.si@empresa.com\", \"genero\": \"F\", \"telefono\": \"977666555\", \"utm_medium\": \"post\", \"utm_source\": \"linkedin\", \"distrito_id\": \"150131\", \"utm_campaign\": \"networking\", \"nombre_completo\": \"Maria San Isidro\"}','2025-11-22 02:14:06','2025-11-22 02:14:09'),(149,16,3,'could not execute statement [Cannot add or update a child row: a foreign key constraint fails (`railway`.`leads`, CONSTRAINT `fk_lead_distrito` FOREIGN KEY (`distrito_id`) REFERENCES `distritos` (`id_distrito`) ON DELETE SET NULL)] [insert into leads (email,telefono,created_at,distrito_id,edad,estado_civil,genero,nivel_educativo,envio_formulario_id,estado_lead_id,fecha_creacion,nombre_completo,registro_importado_id,utm_campaign,utm_content,utm_medium,utm_source,utm_term,updated_at,fuente_tipo) v','{\"edad\": \"dawd\", \"email\": \"adaw\", \"genero\": \"awdaw\", \"telefono\": \"dawdwa\", \"utm_medium\": \"dwa\", \"utm_source\": \"daw\", \"distrito_id\": \"dawdwa\", \"utm_campaign\": \"daw\", \"nombre_completo\": \"dawd\"}','2025-11-22 02:14:10','2025-11-22 02:14:13'),(150,16,2,NULL,'{\"edad\": \"\", \"email\": \"\", \"genero\": \"\", \"telefono\": \"\", \"utm_medium\": \"\", \"utm_source\": \"\", \"distrito_id\": \"\", \"utm_campaign\": \"\", \"nombre_completo\": \"\"}','2025-11-22 02:14:15','2025-11-22 02:14:18'),(151,17,3,'Ya existe un lead con teléfono: 999111222','{\"edad\": \"28.0\", \"email\": \"carlos.import@empresa.com\", \"genero\": \"M\", \"telefono\": \"999111222\", \"utm_medium\": \"cpc\", \"utm_source\": \"google_ads\", \"distrito_id\": \"150101\", \"utm_campaign\": \"campaña_invierno\", \"nombre_completo\": \"Carlos Importado\"}','2025-11-22 02:17:09','2025-11-22 02:17:12'),(152,17,3,'Ya existe un lead con teléfono: 988777666','{\"edad\": \"35.0\", \"email\": \"lucia.excel@empresa.com\", \"genero\": \"F\", \"telefono\": \"988777666\", \"utm_medium\": \"email\", \"utm_source\": \"base_datos_antigua\", \"distrito_id\": \"150122\", \"utm_campaign\": \"reactivacion\", \"nombre_completo\": \"Lucia Excel\"}','2025-11-22 02:17:13','2025-11-22 02:17:16'),(153,17,2,NULL,'{\"edad\": \"40.0\", \"email\": \"sindistrito@prueba.com\", \"genero\": \"M\", \"telefono\": \"900000000\", \"utm_medium\": \"presencial\", \"utm_source\": \"feria\", \"distrito_id\": \"\", \"utm_campaign\": \"evento_2025\", \"nombre_completo\": \"Lead Sin Distrito\"}','2025-11-22 02:17:17','2025-11-22 02:17:21'),(154,17,2,NULL,'{\"edad\": \"29.0\", \"email\": \"maria.si@empresa.com\", \"genero\": \"F\", \"telefono\": \"977666555\", \"utm_medium\": \"post\", \"utm_source\": \"linkedin\", \"distrito_id\": \"150131\", \"utm_campaign\": \"networking\", \"nombre_completo\": \"Maria San Isidro\"}','2025-11-22 02:17:22','2025-11-22 02:17:26'),(155,17,3,'Ya existe un lead con teléfono: 977666555','{\"edad\": \"29.0\", \"email\": \"maria.si@empresa.com\", \"genero\": \"F\", \"telefono\": \"977666555\", \"utm_medium\": \"post\", \"utm_source\": \"linkedin\", \"distrito_id\": \"150131\", \"utm_campaign\": \"networking\", \"nombre_completo\": \"Maria San Isidro\"}','2025-11-22 02:17:27','2025-11-22 02:17:30'),(156,17,3,'could not execute statement [Cannot add or update a child row: a foreign key constraint fails (`railway`.`leads`, CONSTRAINT `fk_lead_distrito` FOREIGN KEY (`distrito_id`) REFERENCES `distritos` (`id_distrito`) ON DELETE SET NULL)] [insert into leads (email,telefono,created_at,distrito_id,edad,estado_civil,genero,nivel_educativo,envio_formulario_id,estado_lead_id,fecha_creacion,nombre_completo,registro_importado_id,utm_campaign,utm_content,utm_medium,utm_source,utm_term,updated_at,fuente_tipo) v','{\"edad\": \"dawd\", \"email\": \"adaw\", \"genero\": \"awdaw\", \"telefono\": \"dawdwa\", \"utm_medium\": \"dwa\", \"utm_source\": \"daw\", \"distrito_id\": \"dawdwa\", \"utm_campaign\": \"daw\", \"nombre_completo\": \"dawd\"}','2025-11-22 02:17:31','2025-11-22 02:17:35'),(157,17,2,NULL,'{\"edad\": \"\", \"email\": \"\", \"genero\": \"\", \"telefono\": \"\", \"utm_medium\": \"\", \"utm_source\": \"\", \"distrito_id\": \"\", \"utm_campaign\": \"\", \"nombre_completo\": \"\"}','2025-11-22 02:17:36','2025-11-22 02:17:40'),(158,18,3,'DUPLICADO: Ya existe un lead con teléfono: 999111222','{\"edad\": \"28.0\", \"email\": \"carlos.import@empresa.com\", \"genero\": \"M\", \"telefono\": \"999111222\", \"utm_medium\": \"cpc\", \"utm_source\": \"google_ads\", \"distrito_id\": \"150101\", \"utm_campaign\": \"campaña_invierno\", \"nombre_completo\": \"Carlos Importado\"}','2025-11-22 03:20:48','2025-11-22 03:20:51'),(159,18,3,'DUPLICADO: Ya existe un lead con teléfono: 988777666','{\"edad\": \"35.0\", \"email\": \"lucia.excel@empresa.com\", \"genero\": \"F\", \"telefono\": \"988777666\", \"utm_medium\": \"email\", \"utm_source\": \"base_datos_antigua\", \"distrito_id\": \"150122\", \"utm_campaign\": \"reactivacion\", \"nombre_completo\": \"Lucia Excel\"}','2025-11-22 03:20:52','2025-11-22 03:20:55'),(160,18,3,'DUPLICADO: Ya existe un lead con teléfono: 900000000','{\"edad\": \"40.0\", \"email\": \"sindistrito@prueba.com\", \"genero\": \"M\", \"telefono\": \"900000000\", \"utm_medium\": \"presencial\", \"utm_source\": \"feria\", \"distrito_id\": \"\", \"utm_campaign\": \"evento_2025\", \"nombre_completo\": \"Lead Sin Distrito\"}','2025-11-22 03:20:56','2025-11-22 03:20:59'),(161,18,3,'DUPLICADO: Ya existe un lead con teléfono: 977666555','{\"edad\": \"29.0\", \"email\": \"maria.si@empresa.com\", \"genero\": \"F\", \"telefono\": \"977666555\", \"utm_medium\": \"post\", \"utm_source\": \"linkedin\", \"distrito_id\": \"150131\", \"utm_campaign\": \"networking\", \"nombre_completo\": \"Maria San Isidro\"}','2025-11-22 03:21:01','2025-11-22 03:21:04'),(162,18,3,'DUPLICADO: Ya existe un lead con teléfono: 977666555','{\"edad\": \"29.0\", \"email\": \"maria.si@empresa.com\", \"genero\": \"F\", \"telefono\": \"977666555\", \"utm_medium\": \"post\", \"utm_source\": \"linkedin\", \"distrito_id\": \"150131\", \"utm_campaign\": \"networking\", \"nombre_completo\": \"Maria San Isidro\"}','2025-11-22 03:21:05','2025-11-22 03:21:08'),(163,18,3,'could not execute statement [Cannot add or update a child row: a foreign key constraint fails (`railway`.`leads`, CONSTRAINT `fk_lead_distrito` FOREIGN KEY (`distrito_id`) REFERENCES `distritos` (`id_distrito`) ON DELETE SET NULL)] [insert into leads (email,telefono,created_at,distrito_id,edad,estado_civil,genero,nivel_educativo,envio_formulario_id,estado_lead_id,fecha_creacion,nombre_completo,registro_importado_id,utm_campaign,utm_content,utm_medium,utm_source,utm_term,updated_at,fuente_tipo) v','{\"edad\": \"dawd\", \"email\": \"adaw\", \"genero\": \"awdaw\", \"telefono\": \"dawdwa\", \"utm_medium\": \"dwa\", \"utm_source\": \"daw\", \"distrito_id\": \"dawdwa\", \"utm_campaign\": \"daw\", \"nombre_completo\": \"dawd\"}','2025-11-22 03:21:09','2025-11-22 03:21:13'),(164,18,3,'DUPLICADO: Ya existe un lead con teléfono: ','{\"edad\": \"\", \"email\": \"\", \"genero\": \"\", \"telefono\": \"\", \"utm_medium\": \"\", \"utm_source\": \"\", \"distrito_id\": \"\", \"utm_campaign\": \"\", \"nombre_completo\": \"\"}','2025-11-22 03:21:14','2025-11-22 03:21:17'),(165,19,3,'DUPLICADO: Ya existe un lead con teléfono: 999111222','{\"edad\": \"28.0\", \"email\": \"carlos.import@empresa.com\", \"genero\": \"M\", \"telefono\": \"999111222\", \"utm_medium\": \"cpc\", \"utm_source\": \"google_ads\", \"distrito_id\": \"150101\", \"utm_campaign\": \"campaña_invierno\", \"nombre_completo\": \"Carlos Importado\"}','2025-11-22 03:22:01','2025-11-22 03:22:04'),(166,19,3,'DUPLICADO: Ya existe un lead con teléfono: 988777666','{\"edad\": \"35.0\", \"email\": \"lucia.excel@empresa.com\", \"genero\": \"F\", \"telefono\": \"988777666\", \"utm_medium\": \"email\", \"utm_source\": \"base_datos_antigua\", \"distrito_id\": \"150122\", \"utm_campaign\": \"reactivacion\", \"nombre_completo\": \"Lucia Excel\"}','2025-11-22 03:22:05','2025-11-22 03:22:08'),(167,19,3,'DUPLICADO: Ya existe un lead con teléfono: 900000000','{\"edad\": \"40.0\", \"email\": \"sindistrito@prueba.com\", \"genero\": \"M\", \"telefono\": \"900000000\", \"utm_medium\": \"presencial\", \"utm_source\": \"feria\", \"distrito_id\": \"\", \"utm_campaign\": \"evento_2025\", \"nombre_completo\": \"Lead Sin Distrito\"}','2025-11-22 03:22:10','2025-11-22 03:22:12'),(168,19,3,'DUPLICADO: Ya existe un lead con teléfono: 977666555','{\"edad\": \"29.0\", \"email\": \"maria.si@empresa.com\", \"genero\": \"F\", \"telefono\": \"977666555\", \"utm_medium\": \"post\", \"utm_source\": \"linkedin\", \"distrito_id\": \"150131\", \"utm_campaign\": \"networking\", \"nombre_completo\": \"Maria San Isidro\"}','2025-11-22 03:22:14','2025-11-22 03:22:17'),(169,19,3,'DUPLICADO: Ya existe un lead con teléfono: 977666555','{\"edad\": \"29.0\", \"email\": \"maria.si@empresa.com\", \"genero\": \"F\", \"telefono\": \"977666555\", \"utm_medium\": \"post\", \"utm_source\": \"linkedin\", \"distrito_id\": \"150131\", \"utm_campaign\": \"networking\", \"nombre_completo\": \"Maria San Isidro\"}','2025-11-22 03:22:18','2025-11-22 03:22:21'),(170,19,3,'could not execute statement [Cannot add or update a child row: a foreign key constraint fails (`railway`.`leads`, CONSTRAINT `fk_lead_distrito` FOREIGN KEY (`distrito_id`) REFERENCES `distritos` (`id_distrito`) ON DELETE SET NULL)] [insert into leads (email,telefono,created_at,distrito_id,edad,estado_civil,genero,nivel_educativo,envio_formulario_id,estado_lead_id,fecha_creacion,nombre_completo,registro_importado_id,utm_campaign,utm_content,utm_medium,utm_source,utm_term,updated_at,fuente_tipo) v','{\"edad\": \"dawd\", \"email\": \"adaw\", \"genero\": \"awdaw\", \"telefono\": \"dawdwa\", \"utm_medium\": \"dwa\", \"utm_source\": \"daw\", \"distrito_id\": \"dawdwa\", \"utm_campaign\": \"daw\", \"nombre_completo\": \"dawd\"}','2025-11-22 03:22:22','2025-11-22 03:22:26'),(171,19,3,'DUPLICADO: Ya existe un lead con teléfono: ','{\"edad\": \"\", \"email\": \"\", \"genero\": \"\", \"telefono\": \"\", \"utm_medium\": \"\", \"utm_source\": \"\", \"distrito_id\": \"\", \"utm_campaign\": \"\", \"nombre_completo\": \"\"}','2025-11-22 03:22:27','2025-11-22 03:22:30'),(172,20,3,'DUPLICADO: Ya existe un lead con teléfono: 999111222','{\"edad\": \"28.0\", \"email\": \"carlos.import@empresa.com\", \"genero\": \"M\", \"telefono\": \"999111222\", \"utm_medium\": \"cpc\", \"utm_source\": \"google_ads\", \"distrito_id\": \"150101\", \"utm_campaign\": \"campaña_invierno\", \"nombre_completo\": \"Carlos Importado\"}','2025-11-22 03:36:49','2025-11-22 03:36:52'),(173,20,3,'DUPLICADO: Ya existe un lead con teléfono: 988777666','{\"edad\": \"35.0\", \"email\": \"lucia.excel@empresa.com\", \"genero\": \"F\", \"telefono\": \"988777666\", \"utm_medium\": \"email\", \"utm_source\": \"base_datos_antigua\", \"distrito_id\": \"150122\", \"utm_campaign\": \"reactivacion\", \"nombre_completo\": \"Lucia Excel\"}','2025-11-22 03:36:54','2025-11-22 03:36:57'),(174,20,2,NULL,'{\"edad\": \"40.0\", \"email\": \"sindistrito@prueba.com\", \"genero\": \"M\", \"telefono\": \"900000000\", \"utm_medium\": \"presencial\", \"utm_source\": \"feria\", \"distrito_id\": \"\", \"utm_campaign\": \"evento_2025\", \"nombre_completo\": \"Lead Sin Distrito\"}','2025-11-22 03:36:58','2025-11-22 03:37:02'),(175,20,2,NULL,'{\"edad\": \"29.0\", \"email\": \"maria.si@empresa.com\", \"genero\": \"F\", \"telefono\": \"977666555\", \"utm_medium\": \"post\", \"utm_source\": \"linkedin\", \"distrito_id\": \"150131\", \"utm_campaign\": \"networking\", \"nombre_completo\": \"Maria San Isidro\"}','2025-11-22 03:37:03','2025-11-22 03:37:07'),(176,20,3,'DUPLICADO: Ya existe un lead con teléfono: 977666555','{\"edad\": \"29.0\", \"email\": \"maria.si@empresa.com\", \"genero\": \"F\", \"telefono\": \"977666555\", \"utm_medium\": \"post\", \"utm_source\": \"linkedin\", \"distrito_id\": \"150131\", \"utm_campaign\": \"networking\", \"nombre_completo\": \"Maria San Isidro\"}','2025-11-22 03:37:08','2025-11-22 03:37:11'),(177,20,3,'could not execute statement [Cannot add or update a child row: a foreign key constraint fails (`railway`.`leads`, CONSTRAINT `fk_lead_distrito` FOREIGN KEY (`distrito_id`) REFERENCES `distritos` (`id_distrito`) ON DELETE SET NULL)] [insert into leads (email,telefono,created_at,distrito_id,edad,estado_civil,genero,nivel_educativo,envio_formulario_id,estado_lead_id,fecha_creacion,nombre_completo,registro_importado_id,utm_campaign,utm_content,utm_medium,utm_source,utm_term,updated_at,fuente_tipo) v','{\"edad\": \"dawd\", \"email\": \"adaw\", \"genero\": \"awdaw\", \"telefono\": \"dawdwa\", \"utm_medium\": \"dwa\", \"utm_source\": \"daw\", \"distrito_id\": \"dawdwa\", \"utm_campaign\": \"daw\", \"nombre_completo\": \"dawd\"}','2025-11-22 03:37:12','2025-11-22 03:37:16'),(178,20,2,NULL,'{\"edad\": \"\", \"email\": \"\", \"genero\": \"\", \"telefono\": \"\", \"utm_medium\": \"\", \"utm_source\": \"\", \"distrito_id\": \"\", \"utm_campaign\": \"\", \"nombre_completo\": \"\"}','2025-11-22 03:37:17','2025-11-22 03:37:20'),(179,21,3,'DUPLICADO: Ya existe un lead con teléfono: 999111222','{\"edad\": \"28.0\", \"email\": \"carlos.import@empresa.com\", \"genero\": \"M\", \"telefono\": \"999111222\", \"utm_medium\": \"cpc\", \"utm_source\": \"google_ads\", \"distrito_id\": \"150101\", \"utm_campaign\": \"campaña_invierno\", \"nombre_completo\": \"Carlos Importado\"}','2025-11-22 03:40:16','2025-11-22 03:40:19'),(180,21,3,'DUPLICADO: Ya existe un lead con teléfono: 988777666','{\"edad\": \"35.0\", \"email\": \"lucia.excel@empresa.com\", \"genero\": \"F\", \"telefono\": \"988777666\", \"utm_medium\": \"email\", \"utm_source\": \"base_datos_antigua\", \"distrito_id\": \"150122\", \"utm_campaign\": \"reactivacion\", \"nombre_completo\": \"Lucia Excel\"}','2025-11-22 03:40:20','2025-11-22 03:40:23'),(181,21,2,NULL,'{\"edad\": \"40.0\", \"email\": \"sindistrito@prueba.com\", \"genero\": \"M\", \"telefono\": \"900000000\", \"utm_medium\": \"presencial\", \"utm_source\": \"feria\", \"distrito_id\": \"\", \"utm_campaign\": \"evento_2025\", \"nombre_completo\": \"Lead Sin Distrito\"}','2025-11-22 03:40:24','2025-11-22 03:40:28'),(182,21,2,NULL,'{\"edad\": \"29.0\", \"email\": \"maria.si@empresa.com\", \"genero\": \"F\", \"telefono\": \"977666555\", \"utm_medium\": \"post\", \"utm_source\": \"linkedin\", \"distrito_id\": \"150131\", \"utm_campaign\": \"networking\", \"nombre_completo\": \"Maria San Isidro\"}','2025-11-22 03:40:29','2025-11-22 03:40:33'),(183,21,3,'DUPLICADO: Ya existe un lead con teléfono: 977666555','{\"edad\": \"29.0\", \"email\": \"maria.si@empresa.com\", \"genero\": \"F\", \"telefono\": \"977666555\", \"utm_medium\": \"post\", \"utm_source\": \"linkedin\", \"distrito_id\": \"150131\", \"utm_campaign\": \"networking\", \"nombre_completo\": \"Maria San Isidro\"}','2025-11-22 03:40:34','2025-11-22 03:40:37'),(184,21,3,'could not execute statement [Cannot add or update a child row: a foreign key constraint fails (`railway`.`leads`, CONSTRAINT `fk_lead_distrito` FOREIGN KEY (`distrito_id`) REFERENCES `distritos` (`id_distrito`) ON DELETE SET NULL)] [insert into leads (email,telefono,created_at,distrito_id,edad,estado_civil,genero,nivel_educativo,envio_formulario_id,estado_lead_id,fecha_creacion,nombre_completo,registro_importado_id,utm_campaign,utm_content,utm_medium,utm_source,utm_term,updated_at,fuente_tipo) v','{\"edad\": \"dawd\", \"email\": \"adaw\", \"genero\": \"awdaw\", \"telefono\": \"dawdwa\", \"utm_medium\": \"dwa\", \"utm_source\": \"daw\", \"distrito_id\": \"dawdwa\", \"utm_campaign\": \"daw\", \"nombre_completo\": \"dawd\"}','2025-11-22 03:40:38','2025-11-22 03:40:42'),(185,21,2,NULL,'{\"edad\": \"\", \"email\": \"\", \"genero\": \"\", \"telefono\": \"\", \"utm_medium\": \"\", \"utm_source\": \"\", \"distrito_id\": \"\", \"utm_campaign\": \"\", \"nombre_completo\": \"\"}','2025-11-22 03:40:43','2025-11-22 03:40:47'),(186,22,3,'DUPLICADO: Ya existe un lead con teléfono: 999111222','{\"edad\": \"28.0\", \"email\": \"carlos.import@empresa.com\", \"genero\": \"M\", \"telefono\": \"999111222\", \"utm_medium\": \"cpc\", \"utm_source\": \"google_ads\", \"distrito_id\": \"150101\", \"utm_campaign\": \"campaña_invierno\", \"nombre_completo\": \"Carlos Importado\"}','2025-11-22 03:42:39','2025-11-22 03:42:42'),(187,22,3,'DUPLICADO: Ya existe un lead con teléfono: 988777666','{\"edad\": \"35.0\", \"email\": \"lucia.excel@empresa.com\", \"genero\": \"F\", \"telefono\": \"988777666\", \"utm_medium\": \"email\", \"utm_source\": \"base_datos_antigua\", \"distrito_id\": \"150122\", \"utm_campaign\": \"reactivacion\", \"nombre_completo\": \"Lucia Excel\"}','2025-11-22 03:42:43','2025-11-22 03:42:46'),(188,22,2,NULL,'{\"edad\": \"40.0\", \"email\": \"sindistrito@prueba.com\", \"genero\": \"M\", \"telefono\": \"900000000\", \"utm_medium\": \"presencial\", \"utm_source\": \"feria\", \"distrito_id\": \"\", \"utm_campaign\": \"evento_2025\", \"nombre_completo\": \"Lead Sin Distrito\"}','2025-11-22 03:42:48','2025-11-22 03:42:51'),(189,22,2,NULL,'{\"edad\": \"29.0\", \"email\": \"maria.si@empresa.com\", \"genero\": \"F\", \"telefono\": \"977666555\", \"utm_medium\": \"post\", \"utm_source\": \"linkedin\", \"distrito_id\": \"150131\", \"utm_campaign\": \"networking\", \"nombre_completo\": \"Maria San Isidro\"}','2025-11-22 03:42:53','2025-11-22 03:42:56'),(190,22,2,NULL,'{\"edad\": \"\", \"email\": \"\", \"genero\": \"\", \"telefono\": \"\", \"utm_medium\": \"\", \"utm_source\": \"\", \"distrito_id\": \"\", \"utm_campaign\": \"\", \"nombre_completo\": \"\"}','2025-11-22 03:42:58','2025-11-22 03:43:01'),(191,22,3,'DUPLICADO: Ya existe un lead con teléfono: ','{\"edad\": \"\", \"email\": \"\", \"genero\": \"\", \"telefono\": \"\", \"utm_medium\": \"\", \"utm_source\": \"\", \"distrito_id\": \"\", \"utm_campaign\": \"\", \"nombre_completo\": \"\"}','2025-11-22 03:43:02','2025-11-22 03:43:05'),(192,22,3,'DUPLICADO: Ya existe un lead con teléfono: ','{\"edad\": \"\", \"email\": \"\", \"genero\": \"\", \"telefono\": \"\", \"utm_medium\": \"\", \"utm_source\": \"\", \"distrito_id\": \"\", \"utm_campaign\": \"\", \"nombre_completo\": \"\"}','2025-11-22 03:43:07','2025-11-22 03:43:10'),(193,23,3,'DUPLICADO: Ya existe un lead con teléfono: 999111222','{\"edad\": \"28.0\", \"email\": \"carlos.import@empresa.com\", \"genero\": \"M\", \"telefono\": \"999111222\", \"utm_medium\": \"cpc\", \"utm_source\": \"google_ads\", \"distrito_id\": \"150101\", \"utm_campaign\": \"campaña_invierno\", \"nombre_completo\": \"Carlos Importado\"}','2025-11-22 03:45:11','2025-11-22 03:45:14'),(194,23,3,'DUPLICADO: Ya existe un lead con teléfono: 988777666','{\"edad\": \"35.0\", \"email\": \"lucia.excel@empresa.com\", \"genero\": \"F\", \"telefono\": \"988777666\", \"utm_medium\": \"email\", \"utm_source\": \"base_datos_antigua\", \"distrito_id\": \"150122\", \"utm_campaign\": \"reactivacion\", \"nombre_completo\": \"Lucia Excel\"}','2025-11-22 03:45:16','2025-11-22 03:45:19'),(195,23,2,NULL,'{\"edad\": \"40.0\", \"email\": \"sindistrito@prueba.com\", \"genero\": \"M\", \"telefono\": \"900000000\", \"utm_medium\": \"presencial\", \"utm_source\": \"feria\", \"distrito_id\": \"\", \"utm_campaign\": \"evento_2025\", \"nombre_completo\": \"Lead Sin Distrito\"}','2025-11-22 03:45:20','2025-11-22 03:45:24'),(196,23,2,NULL,'{\"edad\": \"29.0\", \"email\": \"maria.si@empresa.com\", \"genero\": \"F\", \"telefono\": \"977666555\", \"utm_medium\": \"post\", \"utm_source\": \"linkedin\", \"distrito_id\": \"150131\", \"utm_campaign\": \"networking\", \"nombre_completo\": \"Maria San Isidro\"}','2025-11-22 03:45:25','2025-11-22 03:45:28'),(197,23,2,NULL,'{\"edad\": \"\", \"email\": \"\", \"genero\": \"\", \"telefono\": \"\", \"utm_medium\": \"\", \"utm_source\": \"\", \"distrito_id\": \"\", \"utm_campaign\": \"\", \"nombre_completo\": \"\"}','2025-11-22 03:45:30','2025-11-22 03:45:33'),(198,23,3,'DUPLICADO: Ya existe un lead con teléfono: ','{\"edad\": \"\", \"email\": \"\", \"genero\": \"\", \"telefono\": \"\", \"utm_medium\": \"\", \"utm_source\": \"\", \"distrito_id\": \"\", \"utm_campaign\": \"\", \"nombre_completo\": \"\"}','2025-11-22 03:45:34','2025-11-22 03:45:37'),(199,23,3,'DUPLICADO: Ya existe un lead con teléfono: ','{\"edad\": \"\", \"email\": \"\", \"genero\": \"\", \"telefono\": \"\", \"utm_medium\": \"\", \"utm_source\": \"\", \"distrito_id\": \"\", \"utm_campaign\": \"\", \"nombre_completo\": \"\"}','2025-11-22 03:45:39','2025-11-22 03:45:42'),(200,24,3,'DUPLICADO: Ya existe un lead con teléfono: 999111222','{\"edad\": \"28\", \"email\": \"carlos.import@empresa.com\", \"genero\": \"M\", \"telefono\": \"999111222\", \"utm_medium\": \"cpc\", \"utm_source\": \"google_ads\", \"distrito_id\": \"150101\", \"utm_campaign\": \"campaña_invierno\", \"nombre_completo\": \"Carlos Importado\"}','2025-11-22 03:53:55','2025-11-22 03:53:58'),(201,24,3,'DUPLICADO: Ya existe un lead con teléfono: 988777666','{\"edad\": \"35\", \"email\": \"lucia.excel@empresa.com\", \"genero\": \"F\", \"telefono\": \"988777666\", \"utm_medium\": \"email\", \"utm_source\": \"base_datos_antigua\", \"distrito_id\": \"150122\", \"utm_campaign\": \"reactivacion\", \"nombre_completo\": \"Lucia Excel\"}','2025-11-22 03:53:59','2025-11-22 03:54:02'),(202,24,2,NULL,'{\"edad\": \"40\", \"email\": \"sindistrito@prueba.com\", \"genero\": \"M\", \"telefono\": \"900000000\", \"utm_medium\": \"presencial\", \"utm_source\": \"feria\", \"distrito_id\": \"\", \"utm_campaign\": \"evento_2025\", \"nombre_completo\": \"Lead Sin Distrito\"}','2025-11-22 03:54:04','2025-11-22 03:54:07'),(203,24,2,NULL,'{\"edad\": \"29\", \"email\": \"maria.si@empresa.com\", \"genero\": \"F\", \"telefono\": \"977666555\", \"utm_medium\": \"post\", \"utm_source\": \"linkedin\", \"distrito_id\": \"150131\", \"utm_campaign\": \"networking\", \"nombre_completo\": \"Maria San Isidro\"}','2025-11-22 03:54:09','2025-11-22 03:54:12'),(204,25,3,'DUPLICADO: Ya existe un lead con teléfono: 999000111','{\"edad\": \"30\", \"email\": \"texto@prueba.com\", \"genero\": \"M\", \"telefono\": \"999000111\", \"direccion\": \"Lince, Lima, Lima\", \"nombre_completo\": \"Lead Con Direccion Texto\"}','2025-11-22 04:06:57','2025-11-22 04:07:00'),(205,25,2,NULL,'{\"edad\": \"25\", \"email\": \"arequipa@prueba.com\", \"genero\": \"F\", \"telefono\": \"988000222\", \"direccion\": \"Arequipa, Arequipa, Arequipa\", \"nombre_completo\": \"Lead Arequipa\"}','2025-11-22 04:07:01','2025-11-22 04:07:05'),(206,26,3,'DUPLICADO: Ya existe un lead con teléfono: 999000111','{\"edad\": \"30\", \"email\": \"texto@prueba.com\", \"genero\": \"M\", \"telefono\": \"999000111\", \"direccion\": \"Lince, Lima, Lima\", \"nombre_completo\": \"Lead Con Direccion Texto\"}','2025-11-22 04:14:22','2025-11-22 04:14:26'),(207,26,2,NULL,'{\"edad\": \"25\", \"email\": \"arequipa@prueba.com\", \"genero\": \"F\", \"telefono\": \"988000222\", \"direccion\": \"Arequipa, Arequipa, Arequipa\", \"nombre_completo\": \"Lead Arequipa\"}','2025-11-22 04:14:27','2025-11-22 04:14:32'),(208,27,2,NULL,'{\"edad\": \"39\", \"email\": \"cliente.prueba.1@empresa.com\", \"genero\": \"M\", \"telefono\": \"900001783\", \"utm_medium\": \"cpc\", \"utm_source\": \"linkedin\", \"distrito_id\": \"150101\", \"utm_campaign\": \"promo_lanzamiento\", \"nombre_completo\": \"Carlos Torres 1\"}','2025-11-22 04:39:03','2025-11-22 04:39:07'),(209,27,2,NULL,'{\"edad\": \"23\", \"email\": \"cliente.prueba.2@empresa.com\", \"genero\": \"F\", \"telefono\": \"900002529\", \"utm_medium\": \"cpc\", \"utm_source\": \"tiktok\", \"distrito_id\": \"150114\", \"utm_campaign\": \"verano_2025\", \"nombre_completo\": \"Sofia Torres 2\"}','2025-11-22 04:39:08','2025-11-22 04:39:12'),(210,27,2,NULL,'{\"edad\": \"31\", \"email\": \"cliente.prueba.3@empresa.com\", \"genero\": \"F\", \"telefono\": \"900003878\", \"utm_medium\": \"cpc\", \"utm_source\": \"google\", \"distrito_id\": \"150131\", \"utm_campaign\": \"black_friday\", \"nombre_completo\": \"Sofia Ramos 3\"}','2025-11-22 04:39:13','2025-11-22 04:39:17'),(211,27,2,NULL,'{\"edad\": \"53\", \"email\": \"cliente.prueba.4@empresa.com\", \"genero\": \"F\", \"telefono\": \"900004448\", \"utm_medium\": \"cpc\", \"utm_source\": \"instagram\", \"distrito_id\": \"150140\", \"utm_campaign\": \"verano_2025\", \"nombre_completo\": \"Sofia Castillo 4\"}','2025-11-22 04:39:19','2025-11-22 04:39:23'),(212,27,2,NULL,'{\"edad\": \"35\", \"email\": \"cliente.prueba.5@empresa.com\", \"genero\": \"M\", \"telefono\": \"900005826\", \"utm_medium\": \"cpc\", \"utm_source\": \"linkedin\", \"distrito_id\": \"150101\", \"utm_campaign\": \"verano_2025\", \"nombre_completo\": \"Ana Ramos 5\"}','2025-11-22 04:39:24','2025-11-22 04:39:28'),(213,27,2,NULL,'{\"edad\": \"53\", \"email\": \"cliente.prueba.6@empresa.com\", \"genero\": \"M\", \"telefono\": \"900006851\", \"utm_medium\": \"cpc\", \"utm_source\": \"instagram\", \"distrito_id\": \"150140\", \"utm_campaign\": \"black_friday\", \"nombre_completo\": \"Sofia Soto 6\"}','2025-11-22 04:39:29','2025-11-22 04:39:33'),(214,27,2,NULL,'{\"edad\": \"22\", \"email\": \"cliente.prueba.7@empresa.com\", \"genero\": \"M\", \"telefono\": \"900007665\", \"utm_medium\": \"cpc\", \"utm_source\": \"google\", \"distrito_id\": \"150101\", \"utm_campaign\": \"verano_2025\", \"nombre_completo\": \"Sofia Castillo 7\"}','2025-11-22 04:39:35','2025-11-22 04:39:39'),(215,27,2,NULL,'{\"edad\": \"59\", \"email\": \"cliente.prueba.8@empresa.com\", \"genero\": \"F\", \"telefono\": \"900008700\", \"utm_medium\": \"cpc\", \"utm_source\": \"instagram\", \"distrito_id\": \"150101\", \"utm_campaign\": \"black_friday\", \"nombre_completo\": \"Ana Ramos 8\"}','2025-11-22 04:39:40','2025-11-22 04:39:44'),(216,27,2,NULL,'{\"edad\": \"59\", \"email\": \"cliente.prueba.9@empresa.com\", \"genero\": \"F\", \"telefono\": \"900009638\", \"utm_medium\": \"cpc\", \"utm_source\": \"linkedin\", \"distrito_id\": \"150131\", \"utm_campaign\": \"verano_2025\", \"nombre_completo\": \"Elena Ramos 9\"}','2025-11-22 04:39:45','2025-11-22 04:39:49'),(217,27,2,NULL,'{\"edad\": \"33\", \"email\": \"cliente.prueba.10@empresa.com\", \"genero\": \"M\", \"telefono\": \"900010301\", \"utm_medium\": \"cpc\", \"utm_source\": \"tiktok\", \"distrito_id\": \"150122\", \"utm_campaign\": \"cyber_wow\", \"nombre_completo\": \"Ana Diaz 10\"}','2025-11-22 04:39:51','2025-11-22 04:39:55'),(218,27,2,NULL,'{\"edad\": \"34\", \"email\": \"cliente.prueba.11@empresa.com\", \"genero\": \"F\", \"telefono\": \"900011337\", \"utm_medium\": \"cpc\", \"utm_source\": \"google\", \"distrito_id\": \"150131\", \"utm_campaign\": \"promo_lanzamiento\", \"nombre_completo\": \"Miguel Torres 11\"}','2025-11-22 04:39:56','2025-11-22 04:40:00'),(219,27,2,NULL,'{\"edad\": \"32\", \"email\": \"cliente.prueba.12@empresa.com\", \"genero\": \"M\", \"telefono\": \"900012415\", \"utm_medium\": \"cpc\", \"utm_source\": \"google\", \"distrito_id\": \"150101\", \"utm_campaign\": \"cyber_wow\", \"nombre_completo\": \"Luis Flores 12\"}','2025-11-22 04:40:01','2025-11-22 04:40:05'),(220,27,2,NULL,'{\"edad\": \"25\", \"email\": \"cliente.prueba.13@empresa.com\", \"genero\": \"F\", \"telefono\": \"900013168\", \"utm_medium\": \"cpc\", \"utm_source\": \"linkedin\", \"distrito_id\": \"150131\", \"utm_campaign\": \"promo_lanzamiento\", \"nombre_completo\": \"Lucia Castillo 13\"}','2025-11-22 04:40:07','2025-11-22 04:40:11'),(221,27,2,NULL,'{\"edad\": \"25\", \"email\": \"cliente.prueba.14@empresa.com\", \"genero\": \"F\", \"telefono\": \"900014483\", \"utm_medium\": \"cpc\", \"utm_source\": \"linkedin\", \"distrito_id\": \"150114\", \"utm_campaign\": \"black_friday\", \"nombre_completo\": \"Luis Ramos 14\"}','2025-11-22 04:40:12','2025-11-22 04:40:16'),(222,27,2,NULL,'{\"edad\": \"55\", \"email\": \"cliente.prueba.15@empresa.com\", \"genero\": \"F\", \"telefono\": \"900015352\", \"utm_medium\": \"cpc\", \"utm_source\": \"google\", \"distrito_id\": \"150140\", \"utm_campaign\": \"promo_lanzamiento\", \"nombre_completo\": \"Lucia Vargas 15\"}','2025-11-22 04:40:17','2025-11-22 04:40:21'),(223,27,2,NULL,'{\"edad\": \"59\", \"email\": \"cliente.prueba.16@empresa.com\", \"genero\": \"M\", \"telefono\": \"900016653\", \"utm_medium\": \"cpc\", \"utm_source\": \"tiktok\", \"distrito_id\": \"150101\", \"utm_campaign\": \"promo_lanzamiento\", \"nombre_completo\": \"Maria Rojas 16\"}','2025-11-22 04:40:23','2025-11-22 04:40:27'),(224,27,2,NULL,'{\"edad\": \"43\", \"email\": \"cliente.prueba.17@empresa.com\", \"genero\": \"F\", \"telefono\": \"900017329\", \"utm_medium\": \"cpc\", \"utm_source\": \"google\", \"distrito_id\": \"150101\", \"utm_campaign\": \"cyber_wow\", \"nombre_completo\": \"Luis Castillo 17\"}','2025-11-22 04:40:28','2025-11-22 04:40:32'),(225,27,2,NULL,'{\"edad\": \"57\", \"email\": \"cliente.prueba.18@empresa.com\", \"genero\": \"M\", \"telefono\": \"900018720\", \"utm_medium\": \"cpc\", \"utm_source\": \"tiktok\", \"distrito_id\": \"150101\", \"utm_campaign\": \"verano_2025\", \"nombre_completo\": \"Ana Ramos 18\"}','2025-11-22 04:40:33','2025-11-22 04:40:37'),(226,27,2,NULL,'{\"edad\": \"33\", \"email\": \"cliente.prueba.19@empresa.com\", \"genero\": \"M\", \"telefono\": \"900019242\", \"utm_medium\": \"cpc\", \"utm_source\": \"instagram\", \"distrito_id\": \"150101\", \"utm_campaign\": \"verano_2025\", \"nombre_completo\": \"Carlos Flores 19\"}','2025-11-22 04:40:39','2025-11-22 04:40:43'),(227,27,2,NULL,'{\"edad\": \"53\", \"email\": \"cliente.prueba.20@empresa.com\", \"genero\": \"F\", \"telefono\": \"900020659\", \"utm_medium\": \"cpc\", \"utm_source\": \"linkedin\", \"distrito_id\": \"150131\", \"utm_campaign\": \"promo_lanzamiento\", \"nombre_completo\": \"Elena Ramos 20\"}','2025-11-22 04:40:44','2025-11-22 04:40:48'),(228,27,2,NULL,'{\"edad\": \"29\", \"email\": \"cliente.prueba.21@empresa.com\", \"genero\": \"M\", \"telefono\": \"900021940\", \"utm_medium\": \"cpc\", \"utm_source\": \"linkedin\", \"distrito_id\": \"150140\", \"utm_campaign\": \"verano_2025\", \"nombre_completo\": \"Luis Vargas 21\"}','2025-11-22 04:40:49','2025-11-22 04:40:53'),(229,27,2,NULL,'{\"edad\": \"53\", \"email\": \"cliente.prueba.22@empresa.com\", \"genero\": \"F\", \"telefono\": \"900022555\", \"utm_medium\": \"cpc\", \"utm_source\": \"linkedin\", \"distrito_id\": \"150122\", \"utm_campaign\": \"cyber_wow\", \"nombre_completo\": \"Maria Vargas 22\"}','2025-11-22 04:40:55','2025-11-22 04:40:59'),(230,27,2,NULL,'{\"edad\": \"38\", \"email\": \"cliente.prueba.23@empresa.com\", \"genero\": \"F\", \"telefono\": \"900023814\", \"utm_medium\": \"cpc\", \"utm_source\": \"facebook\", \"distrito_id\": \"150140\", \"utm_campaign\": \"cyber_wow\", \"nombre_completo\": \"Elena Flores 23\"}','2025-11-22 04:41:00','2025-11-22 04:41:04'),(231,27,2,NULL,'{\"edad\": \"40\", \"email\": \"cliente.prueba.24@empresa.com\", \"genero\": \"M\", \"telefono\": \"900024784\", \"utm_medium\": \"cpc\", \"utm_source\": \"linkedin\", \"distrito_id\": \"150131\", \"utm_campaign\": \"black_friday\", \"nombre_completo\": \"Ana Ruiz 24\"}','2025-11-22 04:41:05','2025-11-22 04:41:09'),(232,27,2,NULL,'{\"edad\": \"50\", \"email\": \"cliente.prueba.25@empresa.com\", \"genero\": \"M\", \"telefono\": \"900025739\", \"utm_medium\": \"cpc\", \"utm_source\": \"google\", \"distrito_id\": \"150101\", \"utm_campaign\": \"verano_2025\", \"nombre_completo\": \"Jorge Soto 25\"}','2025-11-22 04:41:11','2025-11-22 04:41:15'),(233,27,2,NULL,'{\"edad\": \"54\", \"email\": \"cliente.prueba.26@empresa.com\", \"genero\": \"M\", \"telefono\": \"900026323\", \"utm_medium\": \"cpc\", \"utm_source\": \"linkedin\", \"distrito_id\": \"150101\", \"utm_campaign\": \"cyber_wow\", \"nombre_completo\": \"Ana Soto 26\"}','2025-11-22 04:41:16','2025-11-22 04:41:20'),(234,27,2,NULL,'{\"edad\": \"46\", \"email\": \"cliente.prueba.27@empresa.com\", \"genero\": \"M\", \"telefono\": \"900027575\", \"utm_medium\": \"cpc\", \"utm_source\": \"instagram\", \"distrito_id\": \"150122\", \"utm_campaign\": \"verano_2025\", \"nombre_completo\": \"Carlos Garcia 27\"}','2025-11-22 04:41:21','2025-11-22 04:41:25'),(235,27,2,NULL,'{\"edad\": \"27\", \"email\": \"cliente.prueba.28@empresa.com\", \"genero\": \"F\", \"telefono\": \"900028215\", \"utm_medium\": \"cpc\", \"utm_source\": \"linkedin\", \"distrito_id\": \"150114\", \"utm_campaign\": \"promo_lanzamiento\", \"nombre_completo\": \"Lucia Castillo 28\"}','2025-11-22 04:41:27','2025-11-22 04:41:31'),(236,27,2,NULL,'{\"edad\": \"59\", \"email\": \"cliente.prueba.29@empresa.com\", \"genero\": \"M\", \"telefono\": \"900029281\", \"utm_medium\": \"cpc\", \"utm_source\": \"linkedin\", \"distrito_id\": \"150114\", \"utm_campaign\": \"black_friday\", \"nombre_completo\": \"Sofia Garcia 29\"}','2025-11-22 04:41:32','2025-11-22 04:41:36'),(237,27,2,NULL,'{\"edad\": \"28\", \"email\": \"cliente.prueba.30@empresa.com\", \"genero\": \"F\", \"telefono\": \"900030919\", \"utm_medium\": \"cpc\", \"utm_source\": \"linkedin\", \"distrito_id\": \"150131\", \"utm_campaign\": \"cyber_wow\", \"nombre_completo\": \"Ana Diaz 30\"}','2025-11-22 04:41:37','2025-11-22 04:41:42'),(238,28,2,NULL,'{\"edad\": \"39\", \"email\": \"contacto.nuevo.1@empresa.com\", \"genero\": \"F\", \"telefono\": \"955001723\", \"direccion\": \"Miraflores, Lima, Lima\", \"utm_medium\": \"cpc\", \"utm_source\": \"instagram\", \"utm_campaign\": \"promo_lanzamiento\", \"nombre_completo\": \"Carlos Vargas - Import 1\"}','2025-11-22 04:55:42','2025-11-22 04:56:54'),(239,28,2,NULL,'{\"edad\": \"42\", \"email\": \"contacto.nuevo.2@empresa.com\", \"genero\": \"F\", \"telefono\": \"955002973\", \"direccion\": \"Lince, Lima, Lima\", \"utm_medium\": \"cpc\", \"utm_source\": \"tiktok\", \"utm_campaign\": \"verano_2025\", \"nombre_completo\": \"Luis Flores - Import 2\"}','2025-11-22 04:55:45','2025-11-22 04:56:54'),(240,28,2,NULL,'{\"edad\": \"27\", \"email\": \"contacto.nuevo.3@empresa.com\", \"genero\": \"F\", \"telefono\": \"955003562\", \"direccion\": \"Lince, Lima, Lima\", \"utm_medium\": \"cpc\", \"utm_source\": \"instagram\", \"utm_campaign\": \"black_friday\", \"nombre_completo\": \"Ana Castillo - Import 3\"}','2025-11-22 04:55:47','2025-11-22 04:56:54'),(241,28,2,NULL,'{\"edad\": \"38\", \"email\": \"contacto.nuevo.4@empresa.com\", \"genero\": \"F\", \"telefono\": \"955004256\", \"direccion\": \"San Isidro, Lima, Lima\", \"utm_medium\": \"cpc\", \"utm_source\": \"google\", \"utm_campaign\": \"promo_lanzamiento\", \"nombre_completo\": \"Carlos Ramos - Import 4\"}','2025-11-22 04:55:49','2025-11-22 04:56:55'),(242,28,2,NULL,'{\"edad\": \"31\", \"email\": \"contacto.nuevo.5@empresa.com\", \"genero\": \"F\", \"telefono\": \"955005623\", \"direccion\": \"San Isidro, Lima, Lima\", \"utm_medium\": \"cpc\", \"utm_source\": \"instagram\", \"utm_campaign\": \"black_friday\", \"nombre_completo\": \"Jorge Diaz - Import 5\"}','2025-11-22 04:55:52','2025-11-22 04:56:55'),(243,28,2,NULL,'{\"edad\": \"48\", \"email\": \"contacto.nuevo.6@empresa.com\", \"genero\": \"M\", \"telefono\": \"955006665\", \"direccion\": \"San Isidro, Lima, Lima\", \"utm_medium\": \"cpc\", \"utm_source\": \"google\", \"utm_campaign\": \"cyber_wow\", \"nombre_completo\": \"Ana Ruiz - Import 6\"}','2025-11-22 04:55:54','2025-11-22 04:56:55'),(244,28,2,NULL,'{\"edad\": \"32\", \"email\": \"contacto.nuevo.7@empresa.com\", \"genero\": \"F\", \"telefono\": \"955007535\", \"direccion\": \"San Isidro, Lima, Lima\", \"utm_medium\": \"cpc\", \"utm_source\": \"google\", \"utm_campaign\": \"cyber_wow\", \"nombre_completo\": \"Ana Torres - Import 7\"}','2025-11-22 04:55:57','2025-11-22 04:56:56'),(245,28,2,NULL,'{\"edad\": \"60\", \"email\": \"contacto.nuevo.8@empresa.com\", \"genero\": \"M\", \"telefono\": \"955008814\", \"direccion\": \"Lima, Lima, Lima\", \"utm_medium\": \"cpc\", \"utm_source\": \"google\", \"utm_campaign\": \"verano_2025\", \"nombre_completo\": \"Carlos Castillo - Import 8\"}','2025-11-22 04:55:59','2025-11-22 04:56:56'),(246,28,2,NULL,'{\"edad\": \"56\", \"email\": \"contacto.nuevo.9@empresa.com\", \"genero\": \"F\", \"telefono\": \"955009932\", \"direccion\": \"Lima, Lima, Lima\", \"utm_medium\": \"cpc\", \"utm_source\": \"facebook\", \"utm_campaign\": \"promo_lanzamiento\", \"nombre_completo\": \"Pedro Diaz - Import 9\"}','2025-11-22 04:56:01','2025-11-22 04:56:56'),(247,28,2,NULL,'{\"edad\": \"26\", \"email\": \"contacto.nuevo.10@empresa.com\", \"genero\": \"M\", \"telefono\": \"955010490\", \"direccion\": \"Miraflores, Lima, Lima\", \"utm_medium\": \"cpc\", \"utm_source\": \"facebook\", \"utm_campaign\": \"cyber_wow\", \"nombre_completo\": \"Pedro Torres - Import 10\"}','2025-11-22 04:56:04','2025-11-22 04:56:57'),(248,28,2,NULL,'{\"edad\": \"60\", \"email\": \"contacto.nuevo.11@empresa.com\", \"genero\": \"M\", \"telefono\": \"955011674\", \"direccion\": \"Santiago de Surco, Lima, Lima\", \"utm_medium\": \"cpc\", \"utm_source\": \"linkedin\", \"utm_campaign\": \"promo_lanzamiento\", \"nombre_completo\": \"Sofia Soto - Import 11\"}','2025-11-22 04:56:06','2025-11-22 04:56:57'),(249,28,2,NULL,'{\"edad\": \"45\", \"email\": \"contacto.nuevo.12@empresa.com\", \"genero\": \"M\", \"telefono\": \"955012448\", \"direccion\": \"Lince, Lima, Lima\", \"utm_medium\": \"cpc\", \"utm_source\": \"tiktok\", \"utm_campaign\": \"cyber_wow\", \"nombre_completo\": \"Elena Ruiz - Import 12\"}','2025-11-22 04:56:08','2025-11-22 04:56:57'),(250,28,2,NULL,'{\"edad\": \"47\", \"email\": \"contacto.nuevo.13@empresa.com\", \"genero\": \"F\", \"telefono\": \"955013668\", \"direccion\": \"San Isidro, Lima, Lima\", \"utm_medium\": \"cpc\", \"utm_source\": \"instagram\", \"utm_campaign\": \"cyber_wow\", \"nombre_completo\": \"Sofia Garcia - Import 13\"}','2025-11-22 04:56:11','2025-11-22 04:56:58'),(251,28,2,NULL,'{\"edad\": \"56\", \"email\": \"contacto.nuevo.14@empresa.com\", \"genero\": \"F\", \"telefono\": \"955014393\", \"direccion\": \"San Isidro, Lima, Lima\", \"utm_medium\": \"cpc\", \"utm_source\": \"google\", \"utm_campaign\": \"black_friday\", \"nombre_completo\": \"Jorge Garcia - Import 14\"}','2025-11-22 04:56:13','2025-11-22 04:56:58'),(252,28,2,NULL,'{\"edad\": \"34\", \"email\": \"contacto.nuevo.15@empresa.com\", \"genero\": \"F\", \"telefono\": \"955015738\", \"direccion\": \"Lince, Lima, Lima\", \"utm_medium\": \"cpc\", \"utm_source\": \"tiktok\", \"utm_campaign\": \"cyber_wow\", \"nombre_completo\": \"Lucia Ramos - Import 15\"}','2025-11-22 04:56:15','2025-11-22 04:56:58'),(253,28,2,NULL,'{\"edad\": \"58\", \"email\": \"contacto.nuevo.16@empresa.com\", \"genero\": \"F\", \"telefono\": \"955016445\", \"direccion\": \"Lince, Lima, Lima\", \"utm_medium\": \"cpc\", \"utm_source\": \"tiktok\", \"utm_campaign\": \"cyber_wow\", \"nombre_completo\": \"Lucia Torres - Import 16\"}','2025-11-22 04:56:18','2025-11-22 04:56:59'),(254,28,2,NULL,'{\"edad\": \"43\", \"email\": \"contacto.nuevo.17@empresa.com\", \"genero\": \"M\", \"telefono\": \"955017649\", \"direccion\": \"Lince, Lima, Lima\", \"utm_medium\": \"cpc\", \"utm_source\": \"google\", \"utm_campaign\": \"cyber_wow\", \"nombre_completo\": \"Maria Garcia - Import 17\"}','2025-11-22 04:56:20','2025-11-22 04:56:59'),(255,28,2,NULL,'{\"edad\": \"20\", \"email\": \"contacto.nuevo.18@empresa.com\", \"genero\": \"F\", \"telefono\": \"955018481\", \"direccion\": \"Lince, Lima, Lima\", \"utm_medium\": \"cpc\", \"utm_source\": \"facebook\", \"utm_campaign\": \"verano_2025\", \"nombre_completo\": \"Carlos Rojas - Import 18\"}','2025-11-22 04:56:23','2025-11-22 04:56:59'),(256,28,2,NULL,'{\"edad\": \"22\", \"email\": \"contacto.nuevo.19@empresa.com\", \"genero\": \"M\", \"telefono\": \"955019787\", \"direccion\": \"Miraflores, Lima, Lima\", \"utm_medium\": \"cpc\", \"utm_source\": \"facebook\", \"utm_campaign\": \"cyber_wow\", \"nombre_completo\": \"Carlos Rojas - Import 19\"}','2025-11-22 04:56:25','2025-11-22 04:57:00'),(257,28,2,NULL,'{\"edad\": \"33\", \"email\": \"contacto.nuevo.20@empresa.com\", \"genero\": \"F\", \"telefono\": \"955020939\", \"direccion\": \"Miraflores, Lima, Lima\", \"utm_medium\": \"cpc\", \"utm_source\": \"facebook\", \"utm_campaign\": \"verano_2025\", \"nombre_completo\": \"Jorge Castillo - Import 20\"}','2025-11-22 04:56:27','2025-11-22 04:57:00'),(258,28,2,NULL,'{\"edad\": \"51\", \"email\": \"contacto.nuevo.21@empresa.com\", \"genero\": \"M\", \"telefono\": \"955021477\", \"direccion\": \"Lima, Lima, Lima\", \"utm_medium\": \"cpc\", \"utm_source\": \"tiktok\", \"utm_campaign\": \"cyber_wow\", \"nombre_completo\": \"Luis Castillo - Import 21\"}','2025-11-22 04:56:30','2025-11-22 04:57:00'),(259,28,2,NULL,'{\"edad\": \"37\", \"email\": \"contacto.nuevo.22@empresa.com\", \"genero\": \"M\", \"telefono\": \"955022709\", \"direccion\": \"Santiago de Surco, Lima, Lima\", \"utm_medium\": \"cpc\", \"utm_source\": \"facebook\", \"utm_campaign\": \"verano_2025\", \"nombre_completo\": \"Elena Ruiz - Import 22\"}','2025-11-22 04:56:32','2025-11-22 04:57:01'),(260,28,2,NULL,'{\"edad\": \"49\", \"email\": \"contacto.nuevo.23@empresa.com\", \"genero\": \"F\", \"telefono\": \"955023978\", \"direccion\": \"Lince, Lima, Lima\", \"utm_medium\": \"cpc\", \"utm_source\": \"facebook\", \"utm_campaign\": \"promo_lanzamiento\", \"nombre_completo\": \"Sofia Torres - Import 23\"}','2025-11-22 04:56:34','2025-11-22 04:57:01'),(261,28,2,NULL,'{\"edad\": \"25\", \"email\": \"contacto.nuevo.24@empresa.com\", \"genero\": \"M\", \"telefono\": \"955024335\", \"direccion\": \"Miraflores, Lima, Lima\", \"utm_medium\": \"cpc\", \"utm_source\": \"facebook\", \"utm_campaign\": \"verano_2025\", \"nombre_completo\": \"Lucia Ramos - Import 24\"}','2025-11-22 04:56:37','2025-11-22 04:57:01'),(262,28,2,NULL,'{\"edad\": \"55\", \"email\": \"contacto.nuevo.25@empresa.com\", \"genero\": \"F\", \"telefono\": \"955025217\", \"direccion\": \"Lima, Lima, Lima\", \"utm_medium\": \"cpc\", \"utm_source\": \"facebook\", \"utm_campaign\": \"promo_lanzamiento\", \"nombre_completo\": \"Pedro Vargas - Import 25\"}','2025-11-22 04:56:39','2025-11-22 04:57:02'),(263,28,2,NULL,'{\"edad\": \"52\", \"email\": \"contacto.nuevo.26@empresa.com\", \"genero\": \"M\", \"telefono\": \"955026192\", \"direccion\": \"Lima, Lima, Lima\", \"utm_medium\": \"cpc\", \"utm_source\": \"facebook\", \"utm_campaign\": \"promo_lanzamiento\", \"nombre_completo\": \"Carlos Ramos - Import 26\"}','2025-11-22 04:56:41','2025-11-22 04:57:02'),(264,28,2,NULL,'{\"edad\": \"53\", \"email\": \"contacto.nuevo.27@empresa.com\", \"genero\": \"F\", \"telefono\": \"955027564\", \"direccion\": \"Miraflores, Lima, Lima\", \"utm_medium\": \"cpc\", \"utm_source\": \"tiktok\", \"utm_campaign\": \"promo_lanzamiento\", \"nombre_completo\": \"Ana Rojas - Import 27\"}','2025-11-22 04:56:44','2025-11-22 04:57:02'),(265,28,2,NULL,'{\"edad\": \"59\", \"email\": \"contacto.nuevo.28@empresa.com\", \"genero\": \"M\", \"telefono\": \"955028522\", \"direccion\": \"San Isidro, Lima, Lima\", \"utm_medium\": \"cpc\", \"utm_source\": \"google\", \"utm_campaign\": \"cyber_wow\", \"nombre_completo\": \"Miguel Torres - Import 28\"}','2025-11-22 04:56:46','2025-11-22 04:57:03'),(266,28,2,NULL,'{\"edad\": \"22\", \"email\": \"contacto.nuevo.29@empresa.com\", \"genero\": \"F\", \"telefono\": \"955029203\", \"direccion\": \"Lince, Lima, Lima\", \"utm_medium\": \"cpc\", \"utm_source\": \"google\", \"utm_campaign\": \"verano_2025\", \"nombre_completo\": \"Maria Castillo - Import 29\"}','2025-11-22 04:56:48','2025-11-22 04:57:03'),(267,28,2,NULL,'{\"edad\": \"21\", \"email\": \"contacto.nuevo.30@empresa.com\", \"genero\": \"M\", \"telefono\": \"955030859\", \"direccion\": \"Lince, Lima, Lima\", \"utm_medium\": \"cpc\", \"utm_source\": \"facebook\", \"utm_campaign\": \"cyber_wow\", \"nombre_completo\": \"Carlos Castillo - Import 30\"}','2025-11-22 04:56:51','2025-11-22 04:57:03'),(328,31,3,'DUPLICADO: Ya existe un lead con teléfono: 900001783','{\"edad\": \"39\", \"email\": \"cliente.prueba.1@empresa.com\", \"genero\": \"M\", \"telefono\": \"900001783\", \"utm_medium\": \"cpc\", \"utm_source\": \"linkedin\", \"distrito_id\": \"150101\", \"utm_campaign\": \"promo_lanzamiento\", \"nombre_completo\": \"Carlos Torres 1\"}','2025-11-22 16:42:50','2025-11-22 16:42:54'),(329,31,3,'DUPLICADO: Ya existe un lead con teléfono: 900002529','{\"edad\": \"23\", \"email\": \"cliente.prueba.2@empresa.com\", \"genero\": \"F\", \"telefono\": \"900002529\", \"utm_medium\": \"cpc\", \"utm_source\": \"tiktok\", \"distrito_id\": \"150114\", \"utm_campaign\": \"verano_2025\", \"nombre_completo\": \"Sofia Torres 2\"}','2025-11-22 16:42:55','2025-11-22 16:42:58'),(330,31,3,'DUPLICADO: Ya existe un lead con teléfono: 900003878','{\"edad\": \"31\", \"email\": \"cliente.prueba.3@empresa.com\", \"genero\": \"F\", \"telefono\": \"900003878\", \"utm_medium\": \"cpc\", \"utm_source\": \"google\", \"distrito_id\": \"150131\", \"utm_campaign\": \"black_friday\", \"nombre_completo\": \"Sofia Ramos 3\"}','2025-11-22 16:43:00','2025-11-22 16:43:03'),(331,31,3,'DUPLICADO: Ya existe un lead con teléfono: 900004448','{\"edad\": \"53\", \"email\": \"cliente.prueba.4@empresa.com\", \"genero\": \"F\", \"telefono\": \"900004448\", \"utm_medium\": \"cpc\", \"utm_source\": \"instagram\", \"distrito_id\": \"150140\", \"utm_campaign\": \"verano_2025\", \"nombre_completo\": \"Sofia Castillo 4\"}','2025-11-22 16:43:04','2025-11-22 16:43:08'),(332,31,3,'DUPLICADO: Ya existe un lead con teléfono: 900005826','{\"edad\": \"35\", \"email\": \"cliente.prueba.5@empresa.com\", \"genero\": \"M\", \"telefono\": \"900005826\", \"utm_medium\": \"cpc\", \"utm_source\": \"linkedin\", \"distrito_id\": \"150101\", \"utm_campaign\": \"verano_2025\", \"nombre_completo\": \"Ana Ramos 5\"}','2025-11-22 16:43:09','2025-11-22 16:43:12'),(333,31,3,'DUPLICADO: Ya existe un lead con teléfono: 900006851','{\"edad\": \"53\", \"email\": \"cliente.prueba.6@empresa.com\", \"genero\": \"M\", \"telefono\": \"900006851\", \"utm_medium\": \"cpc\", \"utm_source\": \"instagram\", \"distrito_id\": \"150140\", \"utm_campaign\": \"black_friday\", \"nombre_completo\": \"Sofia Soto 6\"}','2025-11-22 16:43:14','2025-11-22 16:43:17'),(334,31,3,'DUPLICADO: Ya existe un lead con teléfono: 900007665','{\"edad\": \"22\", \"email\": \"cliente.prueba.7@empresa.com\", \"genero\": \"M\", \"telefono\": \"900007665\", \"utm_medium\": \"cpc\", \"utm_source\": \"google\", \"distrito_id\": \"150101\", \"utm_campaign\": \"verano_2025\", \"nombre_completo\": \"Sofia Castillo 7\"}','2025-11-22 16:43:18','2025-11-22 16:43:22'),(335,31,3,'DUPLICADO: Ya existe un lead con teléfono: 900008700','{\"edad\": \"59\", \"email\": \"cliente.prueba.8@empresa.com\", \"genero\": \"F\", \"telefono\": \"900008700\", \"utm_medium\": \"cpc\", \"utm_source\": \"instagram\", \"distrito_id\": \"150101\", \"utm_campaign\": \"black_friday\", \"nombre_completo\": \"Ana Ramos 8\"}','2025-11-22 16:43:23','2025-11-22 16:43:26'),(336,31,3,'DUPLICADO: Ya existe un lead con teléfono: 900009638','{\"edad\": \"59\", \"email\": \"cliente.prueba.9@empresa.com\", \"genero\": \"F\", \"telefono\": \"900009638\", \"utm_medium\": \"cpc\", \"utm_source\": \"linkedin\", \"distrito_id\": \"150131\", \"utm_campaign\": \"verano_2025\", \"nombre_completo\": \"Elena Ramos 9\"}','2025-11-22 16:43:28','2025-11-22 16:43:31'),(337,31,3,'DUPLICADO: Ya existe un lead con teléfono: 900010301','{\"edad\": \"33\", \"email\": \"cliente.prueba.10@empresa.com\", \"genero\": \"M\", \"telefono\": \"900010301\", \"utm_medium\": \"cpc\", \"utm_source\": \"tiktok\", \"distrito_id\": \"150122\", \"utm_campaign\": \"cyber_wow\", \"nombre_completo\": \"Ana Diaz 10\"}','2025-11-22 16:43:32','2025-11-22 16:43:36'),(338,31,3,'DUPLICADO: Ya existe un lead con teléfono: 900011337','{\"edad\": \"34\", \"email\": \"cliente.prueba.11@empresa.com\", \"genero\": \"F\", \"telefono\": \"900011337\", \"utm_medium\": \"cpc\", \"utm_source\": \"google\", \"distrito_id\": \"150131\", \"utm_campaign\": \"promo_lanzamiento\", \"nombre_completo\": \"Miguel Torres 11\"}','2025-11-22 16:43:37','2025-11-22 16:43:41'),(339,31,3,'DUPLICADO: Ya existe un lead con teléfono: 900012415','{\"edad\": \"32\", \"email\": \"cliente.prueba.12@empresa.com\", \"genero\": \"M\", \"telefono\": \"900012415\", \"utm_medium\": \"cpc\", \"utm_source\": \"google\", \"distrito_id\": \"150101\", \"utm_campaign\": \"cyber_wow\", \"nombre_completo\": \"Luis Flores 12\"}','2025-11-22 16:43:42','2025-11-22 16:43:45'),(340,31,3,'DUPLICADO: Ya existe un lead con teléfono: 900013168','{\"edad\": \"25\", \"email\": \"cliente.prueba.13@empresa.com\", \"genero\": \"F\", \"telefono\": \"900013168\", \"utm_medium\": \"cpc\", \"utm_source\": \"linkedin\", \"distrito_id\": \"150131\", \"utm_campaign\": \"promo_lanzamiento\", \"nombre_completo\": \"Lucia Castillo 13\"}','2025-11-22 16:43:47','2025-11-22 16:43:50'),(341,31,3,'DUPLICADO: Ya existe un lead con teléfono: 900014483','{\"edad\": \"25\", \"email\": \"cliente.prueba.14@empresa.com\", \"genero\": \"F\", \"telefono\": \"900014483\", \"utm_medium\": \"cpc\", \"utm_source\": \"linkedin\", \"distrito_id\": \"150114\", \"utm_campaign\": \"black_friday\", \"nombre_completo\": \"Luis Ramos 14\"}','2025-11-22 16:43:51','2025-11-22 16:43:55'),(342,31,3,'DUPLICADO: Ya existe un lead con teléfono: 900015352','{\"edad\": \"55\", \"email\": \"cliente.prueba.15@empresa.com\", \"genero\": \"F\", \"telefono\": \"900015352\", \"utm_medium\": \"cpc\", \"utm_source\": \"google\", \"distrito_id\": \"150140\", \"utm_campaign\": \"promo_lanzamiento\", \"nombre_completo\": \"Lucia Vargas 15\"}','2025-11-22 16:43:56','2025-11-22 16:43:59'),(343,31,3,'DUPLICADO: Ya existe un lead con teléfono: 900016653','{\"edad\": \"59\", \"email\": \"cliente.prueba.16@empresa.com\", \"genero\": \"M\", \"telefono\": \"900016653\", \"utm_medium\": \"cpc\", \"utm_source\": \"tiktok\", \"distrito_id\": \"150101\", \"utm_campaign\": \"promo_lanzamiento\", \"nombre_completo\": \"Maria Rojas 16\"}','2025-11-22 16:44:01','2025-11-22 16:44:04'),(344,31,3,'DUPLICADO: Ya existe un lead con teléfono: 900017329','{\"edad\": \"43\", \"email\": \"cliente.prueba.17@empresa.com\", \"genero\": \"F\", \"telefono\": \"900017329\", \"utm_medium\": \"cpc\", \"utm_source\": \"google\", \"distrito_id\": \"150101\", \"utm_campaign\": \"cyber_wow\", \"nombre_completo\": \"Luis Castillo 17\"}','2025-11-22 16:44:05','2025-11-22 16:44:09'),(345,31,3,'DUPLICADO: Ya existe un lead con teléfono: 900018720','{\"edad\": \"57\", \"email\": \"cliente.prueba.18@empresa.com\", \"genero\": \"M\", \"telefono\": \"900018720\", \"utm_medium\": \"cpc\", \"utm_source\": \"tiktok\", \"distrito_id\": \"150101\", \"utm_campaign\": \"verano_2025\", \"nombre_completo\": \"Ana Ramos 18\"}','2025-11-22 16:44:10','2025-11-22 16:44:13'),(346,31,3,'DUPLICADO: Ya existe un lead con teléfono: 900019242','{\"edad\": \"33\", \"email\": \"cliente.prueba.19@empresa.com\", \"genero\": \"M\", \"telefono\": \"900019242\", \"utm_medium\": \"cpc\", \"utm_source\": \"instagram\", \"distrito_id\": \"150101\", \"utm_campaign\": \"verano_2025\", \"nombre_completo\": \"Carlos Flores 19\"}','2025-11-22 16:44:15','2025-11-22 16:44:18'),(347,31,3,'DUPLICADO: Ya existe un lead con teléfono: 900020659','{\"edad\": \"53\", \"email\": \"cliente.prueba.20@empresa.com\", \"genero\": \"F\", \"telefono\": \"900020659\", \"utm_medium\": \"cpc\", \"utm_source\": \"linkedin\", \"distrito_id\": \"150131\", \"utm_campaign\": \"promo_lanzamiento\", \"nombre_completo\": \"Elena Ramos 20\"}','2025-11-22 16:44:19','2025-11-22 16:44:23'),(348,31,3,'DUPLICADO: Ya existe un lead con teléfono: 900021940','{\"edad\": \"29\", \"email\": \"cliente.prueba.21@empresa.com\", \"genero\": \"M\", \"telefono\": \"900021940\", \"utm_medium\": \"cpc\", \"utm_source\": \"linkedin\", \"distrito_id\": \"150140\", \"utm_campaign\": \"verano_2025\", \"nombre_completo\": \"Luis Vargas 21\"}','2025-11-22 16:44:24','2025-11-22 16:44:27'),(349,31,3,'DUPLICADO: Ya existe un lead con teléfono: 900022555','{\"edad\": \"53\", \"email\": \"cliente.prueba.22@empresa.com\", \"genero\": \"F\", \"telefono\": \"900022555\", \"utm_medium\": \"cpc\", \"utm_source\": \"linkedin\", \"distrito_id\": \"150122\", \"utm_campaign\": \"cyber_wow\", \"nombre_completo\": \"Maria Vargas 22\"}','2025-11-22 16:44:29','2025-11-22 16:44:32'),(350,31,3,'DUPLICADO: Ya existe un lead con teléfono: 900023814','{\"edad\": \"38\", \"email\": \"cliente.prueba.23@empresa.com\", \"genero\": \"F\", \"telefono\": \"900023814\", \"utm_medium\": \"cpc\", \"utm_source\": \"facebook\", \"distrito_id\": \"150140\", \"utm_campaign\": \"cyber_wow\", \"nombre_completo\": \"Elena Flores 23\"}','2025-11-22 16:44:33','2025-11-22 16:44:37'),(351,31,3,'DUPLICADO: Ya existe un lead con teléfono: 900024784','{\"edad\": \"40\", \"email\": \"cliente.prueba.24@empresa.com\", \"genero\": \"M\", \"telefono\": \"900024784\", \"utm_medium\": \"cpc\", \"utm_source\": \"linkedin\", \"distrito_id\": \"150131\", \"utm_campaign\": \"black_friday\", \"nombre_completo\": \"Ana Ruiz 24\"}','2025-11-22 16:44:38','2025-11-22 16:44:41'),(352,31,3,'DUPLICADO: Ya existe un lead con teléfono: 900025739','{\"edad\": \"50\", \"email\": \"cliente.prueba.25@empresa.com\", \"genero\": \"M\", \"telefono\": \"900025739\", \"utm_medium\": \"cpc\", \"utm_source\": \"google\", \"distrito_id\": \"150101\", \"utm_campaign\": \"verano_2025\", \"nombre_completo\": \"Jorge Soto 25\"}','2025-11-22 16:44:43','2025-11-22 16:44:46'),(353,31,3,'DUPLICADO: Ya existe un lead con teléfono: 900026323','{\"edad\": \"54\", \"email\": \"cliente.prueba.26@empresa.com\", \"genero\": \"M\", \"telefono\": \"900026323\", \"utm_medium\": \"cpc\", \"utm_source\": \"linkedin\", \"distrito_id\": \"150101\", \"utm_campaign\": \"cyber_wow\", \"nombre_completo\": \"Ana Soto 26\"}','2025-11-22 16:44:47','2025-11-22 16:44:51'),(354,31,3,'DUPLICADO: Ya existe un lead con teléfono: 900027575','{\"edad\": \"46\", \"email\": \"cliente.prueba.27@empresa.com\", \"genero\": \"M\", \"telefono\": \"900027575\", \"utm_medium\": \"cpc\", \"utm_source\": \"instagram\", \"distrito_id\": \"150122\", \"utm_campaign\": \"verano_2025\", \"nombre_completo\": \"Carlos Garcia 27\"}','2025-11-22 16:44:52','2025-11-22 16:44:55'),(355,31,3,'DUPLICADO: Ya existe un lead con teléfono: 900028215','{\"edad\": \"27\", \"email\": \"cliente.prueba.28@empresa.com\", \"genero\": \"F\", \"telefono\": \"900028215\", \"utm_medium\": \"cpc\", \"utm_source\": \"linkedin\", \"distrito_id\": \"150114\", \"utm_campaign\": \"promo_lanzamiento\", \"nombre_completo\": \"Lucia Castillo 28\"}','2025-11-22 16:44:57','2025-11-22 16:45:00'),(356,31,3,'DUPLICADO: Ya existe un lead con teléfono: 900029281','{\"edad\": \"59\", \"email\": \"cliente.prueba.29@empresa.com\", \"genero\": \"M\", \"telefono\": \"900029281\", \"utm_medium\": \"cpc\", \"utm_source\": \"linkedin\", \"distrito_id\": \"150114\", \"utm_campaign\": \"black_friday\", \"nombre_completo\": \"Sofia Garcia 29\"}','2025-11-22 16:45:01','2025-11-22 16:45:05'),(357,31,3,'DUPLICADO: Ya existe un lead con teléfono: 900030919','{\"edad\": \"28\", \"email\": \"cliente.prueba.30@empresa.com\", \"genero\": \"F\", \"telefono\": \"900030919\", \"utm_medium\": \"cpc\", \"utm_source\": \"linkedin\", \"distrito_id\": \"150131\", \"utm_campaign\": \"cyber_wow\", \"nombre_completo\": \"Ana Diaz 30\"}','2025-11-22 16:45:06','2025-11-22 16:45:09'),(358,32,3,'DUPLICADO: Ya existe un lead con teléfono: 900001783','{\"edad\": \"39\", \"email\": \"cliente.prueba.1@empresa.com\", \"genero\": \"M\", \"telefono\": \"900001783\", \"utm_medium\": \"cpc\", \"utm_source\": \"linkedin\", \"distrito_id\": \"150101\", \"utm_campaign\": \"promo_lanzamiento\", \"nombre_completo\": \"Carlos Torres 1\"}','2025-11-22 16:53:12','2025-11-22 16:53:15'),(359,32,3,'DUPLICADO: Ya existe un lead con teléfono: 900002529','{\"edad\": \"23\", \"email\": \"cliente.prueba.2@empresa.com\", \"genero\": \"F\", \"telefono\": \"900002529\", \"utm_medium\": \"cpc\", \"utm_source\": \"tiktok\", \"distrito_id\": \"150114\", \"utm_campaign\": \"verano_2025\", \"nombre_completo\": \"Sofia Torres 2\"}','2025-11-22 16:53:17','2025-11-22 16:53:20'),(360,32,3,'DUPLICADO: Ya existe un lead con teléfono: 900003878','{\"edad\": \"31\", \"email\": \"cliente.prueba.3@empresa.com\", \"genero\": \"F\", \"telefono\": \"900003878\", \"utm_medium\": \"cpc\", \"utm_source\": \"google\", \"distrito_id\": \"150131\", \"utm_campaign\": \"black_friday\", \"nombre_completo\": \"Sofia Ramos 3\"}','2025-11-22 16:53:21','2025-11-22 16:53:24'),(361,32,3,'DUPLICADO: Ya existe un lead con teléfono: 900004448','{\"edad\": \"53\", \"email\": \"cliente.prueba.4@empresa.com\", \"genero\": \"F\", \"telefono\": \"900004448\", \"utm_medium\": \"cpc\", \"utm_source\": \"instagram\", \"distrito_id\": \"150140\", \"utm_campaign\": \"verano_2025\", \"nombre_completo\": \"Sofia Castillo 4\"}','2025-11-22 16:53:26','2025-11-22 16:53:29'),(362,32,3,'DUPLICADO: Ya existe un lead con teléfono: 900005826','{\"edad\": \"35\", \"email\": \"cliente.prueba.5@empresa.com\", \"genero\": \"M\", \"telefono\": \"900005826\", \"utm_medium\": \"cpc\", \"utm_source\": \"linkedin\", \"distrito_id\": \"150101\", \"utm_campaign\": \"verano_2025\", \"nombre_completo\": \"Ana Ramos 5\"}','2025-11-22 16:53:30','2025-11-22 16:53:34'),(363,32,3,'DUPLICADO: Ya existe un lead con teléfono: 900006851','{\"edad\": \"53\", \"email\": \"cliente.prueba.6@empresa.com\", \"genero\": \"M\", \"telefono\": \"900006851\", \"utm_medium\": \"cpc\", \"utm_source\": \"instagram\", \"distrito_id\": \"150140\", \"utm_campaign\": \"black_friday\", \"nombre_completo\": \"Sofia Soto 6\"}','2025-11-22 16:53:35','2025-11-22 16:53:38'),(364,32,3,'DUPLICADO: Ya existe un lead con teléfono: 900007665','{\"edad\": \"22\", \"email\": \"cliente.prueba.7@empresa.com\", \"genero\": \"M\", \"telefono\": \"900007665\", \"utm_medium\": \"cpc\", \"utm_source\": \"google\", \"distrito_id\": \"150101\", \"utm_campaign\": \"verano_2025\", \"nombre_completo\": \"Sofia Castillo 7\"}','2025-11-22 16:53:39','2025-11-22 16:53:43'),(365,32,3,'DUPLICADO: Ya existe un lead con teléfono: 900008700','{\"edad\": \"59\", \"email\": \"cliente.prueba.8@empresa.com\", \"genero\": \"F\", \"telefono\": \"900008700\", \"utm_medium\": \"cpc\", \"utm_source\": \"instagram\", \"distrito_id\": \"150101\", \"utm_campaign\": \"black_friday\", \"nombre_completo\": \"Ana Ramos 8\"}','2025-11-22 16:53:44','2025-11-22 16:53:47'),(366,32,3,'DUPLICADO: Ya existe un lead con teléfono: 900009638','{\"edad\": \"59\", \"email\": \"cliente.prueba.9@empresa.com\", \"genero\": \"F\", \"telefono\": \"900009638\", \"utm_medium\": \"cpc\", \"utm_source\": \"linkedin\", \"distrito_id\": \"150131\", \"utm_campaign\": \"verano_2025\", \"nombre_completo\": \"Elena Ramos 9\"}','2025-11-22 16:53:49','2025-11-22 16:53:52'),(367,32,3,'DUPLICADO: Ya existe un lead con teléfono: 900010301','{\"edad\": \"33\", \"email\": \"cliente.prueba.10@empresa.com\", \"genero\": \"M\", \"telefono\": \"900010301\", \"utm_medium\": \"cpc\", \"utm_source\": \"tiktok\", \"distrito_id\": \"150122\", \"utm_campaign\": \"cyber_wow\", \"nombre_completo\": \"Ana Diaz 10\"}','2025-11-22 16:53:53','2025-11-22 16:53:56'),(368,32,3,'DUPLICADO: Ya existe un lead con teléfono: 900011337','{\"edad\": \"34\", \"email\": \"cliente.prueba.11@empresa.com\", \"genero\": \"F\", \"telefono\": \"900011337\", \"utm_medium\": \"cpc\", \"utm_source\": \"google\", \"distrito_id\": \"150131\", \"utm_campaign\": \"promo_lanzamiento\", \"nombre_completo\": \"Miguel Torres 11\"}','2025-11-22 16:53:58','2025-11-22 16:54:01'),(369,32,3,'DUPLICADO: Ya existe un lead con teléfono: 900012415','{\"edad\": \"32\", \"email\": \"cliente.prueba.12@empresa.com\", \"genero\": \"M\", \"telefono\": \"900012415\", \"utm_medium\": \"cpc\", \"utm_source\": \"google\", \"distrito_id\": \"150101\", \"utm_campaign\": \"cyber_wow\", \"nombre_completo\": \"Luis Flores 12\"}','2025-11-22 16:54:02','2025-11-22 16:54:06'),(370,32,3,'DUPLICADO: Ya existe un lead con teléfono: 900013168','{\"edad\": \"25\", \"email\": \"cliente.prueba.13@empresa.com\", \"genero\": \"F\", \"telefono\": \"900013168\", \"utm_medium\": \"cpc\", \"utm_source\": \"linkedin\", \"distrito_id\": \"150131\", \"utm_campaign\": \"promo_lanzamiento\", \"nombre_completo\": \"Lucia Castillo 13\"}','2025-11-22 16:54:07','2025-11-22 16:54:10'),(371,32,3,'DUPLICADO: Ya existe un lead con teléfono: 900014483','{\"edad\": \"25\", \"email\": \"cliente.prueba.14@empresa.com\", \"genero\": \"F\", \"telefono\": \"900014483\", \"utm_medium\": \"cpc\", \"utm_source\": \"linkedin\", \"distrito_id\": \"150114\", \"utm_campaign\": \"black_friday\", \"nombre_completo\": \"Luis Ramos 14\"}','2025-11-22 16:54:11','2025-11-22 16:54:15'),(372,32,3,'DUPLICADO: Ya existe un lead con teléfono: 900015352','{\"edad\": \"55\", \"email\": \"cliente.prueba.15@empresa.com\", \"genero\": \"F\", \"telefono\": \"900015352\", \"utm_medium\": \"cpc\", \"utm_source\": \"google\", \"distrito_id\": \"150140\", \"utm_campaign\": \"promo_lanzamiento\", \"nombre_completo\": \"Lucia Vargas 15\"}','2025-11-22 16:54:16','2025-11-22 16:54:19'),(373,32,3,'DUPLICADO: Ya existe un lead con teléfono: 900016653','{\"edad\": \"59\", \"email\": \"cliente.prueba.16@empresa.com\", \"genero\": \"M\", \"telefono\": \"900016653\", \"utm_medium\": \"cpc\", \"utm_source\": \"tiktok\", \"distrito_id\": \"150101\", \"utm_campaign\": \"promo_lanzamiento\", \"nombre_completo\": \"Maria Rojas 16\"}','2025-11-22 16:54:21','2025-11-22 16:54:24'),(374,32,3,'DUPLICADO: Ya existe un lead con teléfono: 900017329','{\"edad\": \"43\", \"email\": \"cliente.prueba.17@empresa.com\", \"genero\": \"F\", \"telefono\": \"900017329\", \"utm_medium\": \"cpc\", \"utm_source\": \"google\", \"distrito_id\": \"150101\", \"utm_campaign\": \"cyber_wow\", \"nombre_completo\": \"Luis Castillo 17\"}','2025-11-22 16:54:25','2025-11-22 16:54:28'),(375,32,3,'DUPLICADO: Ya existe un lead con teléfono: 900018720','{\"edad\": \"57\", \"email\": \"cliente.prueba.18@empresa.com\", \"genero\": \"M\", \"telefono\": \"900018720\", \"utm_medium\": \"cpc\", \"utm_source\": \"tiktok\", \"distrito_id\": \"150101\", \"utm_campaign\": \"verano_2025\", \"nombre_completo\": \"Ana Ramos 18\"}','2025-11-22 16:54:30','2025-11-22 16:54:33'),(376,32,3,'DUPLICADO: Ya existe un lead con teléfono: 900019242','{\"edad\": \"33\", \"email\": \"cliente.prueba.19@empresa.com\", \"genero\": \"M\", \"telefono\": \"900019242\", \"utm_medium\": \"cpc\", \"utm_source\": \"instagram\", \"distrito_id\": \"150101\", \"utm_campaign\": \"verano_2025\", \"nombre_completo\": \"Carlos Flores 19\"}','2025-11-22 16:54:34','2025-11-22 16:54:38'),(377,32,3,'DUPLICADO: Ya existe un lead con teléfono: 900020659','{\"edad\": \"53\", \"email\": \"cliente.prueba.20@empresa.com\", \"genero\": \"F\", \"telefono\": \"900020659\", \"utm_medium\": \"cpc\", \"utm_source\": \"linkedin\", \"distrito_id\": \"150131\", \"utm_campaign\": \"promo_lanzamiento\", \"nombre_completo\": \"Elena Ramos 20\"}','2025-11-22 16:54:39','2025-11-22 16:54:42'),(378,32,3,'DUPLICADO: Ya existe un lead con teléfono: 900021940','{\"edad\": \"29\", \"email\": \"cliente.prueba.21@empresa.com\", \"genero\": \"M\", \"telefono\": \"900021940\", \"utm_medium\": \"cpc\", \"utm_source\": \"linkedin\", \"distrito_id\": \"150140\", \"utm_campaign\": \"verano_2025\", \"nombre_completo\": \"Luis Vargas 21\"}','2025-11-22 16:54:43','2025-11-22 16:54:47'),(379,32,3,'DUPLICADO: Ya existe un lead con teléfono: 900022555','{\"edad\": \"53\", \"email\": \"cliente.prueba.22@empresa.com\", \"genero\": \"F\", \"telefono\": \"900022555\", \"utm_medium\": \"cpc\", \"utm_source\": \"linkedin\", \"distrito_id\": \"150122\", \"utm_campaign\": \"cyber_wow\", \"nombre_completo\": \"Maria Vargas 22\"}','2025-11-22 16:54:48','2025-11-22 16:54:51'),(380,32,3,'DUPLICADO: Ya existe un lead con teléfono: 900023814','{\"edad\": \"38\", \"email\": \"cliente.prueba.23@empresa.com\", \"genero\": \"F\", \"telefono\": \"900023814\", \"utm_medium\": \"cpc\", \"utm_source\": \"facebook\", \"distrito_id\": \"150140\", \"utm_campaign\": \"cyber_wow\", \"nombre_completo\": \"Elena Flores 23\"}','2025-11-22 16:54:53','2025-11-22 16:54:56'),(381,32,3,'DUPLICADO: Ya existe un lead con teléfono: 900024784','{\"edad\": \"40\", \"email\": \"cliente.prueba.24@empresa.com\", \"genero\": \"M\", \"telefono\": \"900024784\", \"utm_medium\": \"cpc\", \"utm_source\": \"linkedin\", \"distrito_id\": \"150131\", \"utm_campaign\": \"black_friday\", \"nombre_completo\": \"Ana Ruiz 24\"}','2025-11-22 16:54:57','2025-11-22 16:55:00'),(382,32,3,'DUPLICADO: Ya existe un lead con teléfono: 900025739','{\"edad\": \"50\", \"email\": \"cliente.prueba.25@empresa.com\", \"genero\": \"M\", \"telefono\": \"900025739\", \"utm_medium\": \"cpc\", \"utm_source\": \"google\", \"distrito_id\": \"150101\", \"utm_campaign\": \"verano_2025\", \"nombre_completo\": \"Jorge Soto 25\"}','2025-11-22 16:55:02','2025-11-22 16:55:05'),(383,32,3,'DUPLICADO: Ya existe un lead con teléfono: 900026323','{\"edad\": \"54\", \"email\": \"cliente.prueba.26@empresa.com\", \"genero\": \"M\", \"telefono\": \"900026323\", \"utm_medium\": \"cpc\", \"utm_source\": \"linkedin\", \"distrito_id\": \"150101\", \"utm_campaign\": \"cyber_wow\", \"nombre_completo\": \"Ana Soto 26\"}','2025-11-22 16:55:06','2025-11-22 16:55:10'),(384,32,3,'DUPLICADO: Ya existe un lead con teléfono: 900027575','{\"edad\": \"46\", \"email\": \"cliente.prueba.27@empresa.com\", \"genero\": \"M\", \"telefono\": \"900027575\", \"utm_medium\": \"cpc\", \"utm_source\": \"instagram\", \"distrito_id\": \"150122\", \"utm_campaign\": \"verano_2025\", \"nombre_completo\": \"Carlos Garcia 27\"}','2025-11-22 16:55:11','2025-11-22 16:55:14'),(385,32,3,'DUPLICADO: Ya existe un lead con teléfono: 900028215','{\"edad\": \"27\", \"email\": \"cliente.prueba.28@empresa.com\", \"genero\": \"F\", \"telefono\": \"900028215\", \"utm_medium\": \"cpc\", \"utm_source\": \"linkedin\", \"distrito_id\": \"150114\", \"utm_campaign\": \"promo_lanzamiento\", \"nombre_completo\": \"Lucia Castillo 28\"}','2025-11-22 16:55:15','2025-11-22 16:55:19'),(386,32,3,'DUPLICADO: Ya existe un lead con teléfono: 900029281','{\"edad\": \"59\", \"email\": \"cliente.prueba.29@empresa.com\", \"genero\": \"M\", \"telefono\": \"900029281\", \"utm_medium\": \"cpc\", \"utm_source\": \"linkedin\", \"distrito_id\": \"150114\", \"utm_campaign\": \"black_friday\", \"nombre_completo\": \"Sofia Garcia 29\"}','2025-11-22 16:55:20','2025-11-22 16:55:23'),(387,32,3,'DUPLICADO: Ya existe un lead con teléfono: 900030919','{\"edad\": \"28\", \"email\": \"cliente.prueba.30@empresa.com\", \"genero\": \"F\", \"telefono\": \"900030919\", \"utm_medium\": \"cpc\", \"utm_source\": \"linkedin\", \"distrito_id\": \"150131\", \"utm_campaign\": \"cyber_wow\", \"nombre_completo\": \"Ana Diaz 30\"}','2025-11-22 16:55:25','2025-11-22 16:55:28'),(388,33,2,NULL,'{\"edad\": \"38\", \"email\": \"contacto.nuevo.1@empresachumacoito.com\", \"genero\": \"F\", \"telefono\": \"977001800\", \"direccion\": \"Lima,Lima,Lima\", \"utm_medium\": \"cpc\", \"utm_source\": \"facebook\", \"utm_campaign\": \"black_friday\", \"nombre_completo\": \"Pedro Garcia - Import 1\"}','2025-11-22 16:59:45','2025-11-22 16:59:50'),(389,33,2,NULL,'{\"edad\": \"60\", \"email\": \"contacto.nuevo.2@empresachumacoito.com\", \"genero\": \"M\", \"telefono\": \"977002608\", \"direccion\": \"Miraflores,Lima,Lima\", \"utm_medium\": \"cpc\", \"utm_source\": \"instagram\", \"utm_campaign\": \"promo_lanzamiento\", \"nombre_completo\": \"Maria Garcia - Import 2\"}','2025-11-22 16:59:51','2025-11-22 16:59:55'),(390,33,2,NULL,'{\"edad\": \"56\", \"email\": \"contacto.nuevo.3@empresachumacoito.com\", \"genero\": \"M\", \"telefono\": \"977003147\", \"direccion\": \"Miraflores,Lima,Lima\", \"utm_medium\": \"cpc\", \"utm_source\": \"instagram\", \"utm_campaign\": \"promo_lanzamiento\", \"nombre_completo\": \"Lucia Garcia - Import 3\"}','2025-11-22 16:59:57','2025-11-22 17:00:01'),(391,33,2,NULL,'{\"edad\": \"36\", \"email\": \"contacto.nuevo.4@empresachumacoito.com\", \"genero\": \"M\", \"telefono\": \"977004876\", \"direccion\": \"San Isidro,Lima,Lima\", \"utm_medium\": \"cpc\", \"utm_source\": \"google\", \"utm_campaign\": \"cyber_wow\", \"nombre_completo\": \"Lucia Diaz - Import 4\"}','2025-11-22 17:00:03','2025-11-22 17:00:07'),(392,33,2,NULL,'{\"edad\": \"50\", \"email\": \"contacto.nuevo.5@empresachumacoito.com\", \"genero\": \"M\", \"telefono\": \"977005619\", \"direccion\": \"Miraflores,Lima,Lima\", \"utm_medium\": \"cpc\", \"utm_source\": \"linkedin\", \"utm_campaign\": \"promo_lanzamiento\", \"nombre_completo\": \"Maria Garcia - Import 5\"}','2025-11-22 17:00:09','2025-11-22 17:00:13'),(393,33,2,NULL,'{\"edad\": \"34\", \"email\": \"contacto.nuevo.6@empresachumacoito.com\", \"genero\": \"F\", \"telefono\": \"977006868\", \"direccion\": \"Santiago de Surco,Lima,Lima\", \"utm_medium\": \"cpc\", \"utm_source\": \"instagram\", \"utm_campaign\": \"cyber_wow\", \"nombre_completo\": \"Pedro Flores - Import 6\"}','2025-11-22 17:00:14','2025-11-22 17:00:19'),(394,33,2,NULL,'{\"edad\": \"34\", \"email\": \"contacto.nuevo.7@empresachumacoito.com\", \"genero\": \"M\", \"telefono\": \"977007400\", \"direccion\": \"Lince,Lima,Lima\", \"utm_medium\": \"cpc\", \"utm_source\": \"facebook\", \"utm_campaign\": \"black_friday\", \"nombre_completo\": \"Maria Ruiz - Import 7\"}','2025-11-22 17:00:20','2025-11-22 17:00:25'),(395,33,2,NULL,'{\"edad\": \"49\", \"email\": \"contacto.nuevo.8@empresachumacoito.com\", \"genero\": \"F\", \"telefono\": \"977008263\", \"direccion\": \"San Isidro,Lima,Lima\", \"utm_medium\": \"cpc\", \"utm_source\": \"instagram\", \"utm_campaign\": \"black_friday\", \"nombre_completo\": \"Sofia Rojas - Import 8\"}','2025-11-22 17:00:26','2025-11-22 17:00:31'),(396,33,2,NULL,'{\"edad\": \"53\", \"email\": \"contacto.nuevo.9@empresachumacoito.com\", \"genero\": \"M\", \"telefono\": \"977009893\", \"direccion\": \"Santiago de Surco,Lima,Lima\", \"utm_medium\": \"cpc\", \"utm_source\": \"instagram\", \"utm_campaign\": \"cyber_wow\", \"nombre_completo\": \"Jorge Diaz - Import 9\"}','2025-11-22 17:00:32','2025-11-22 17:00:37'),(397,33,2,NULL,'{\"edad\": \"56\", \"email\": \"contacto.nuevo.10@empresachumacoito.com\", \"genero\": \"F\", \"telefono\": \"977010290\", \"direccion\": \"Miraflores,Lima,Lima\", \"utm_medium\": \"cpc\", \"utm_source\": \"tiktok\", \"utm_campaign\": \"verano_2025\", \"nombre_completo\": \"Jorge Vargas - Import 10\"}','2025-11-22 17:00:38','2025-11-22 17:00:43'),(398,33,2,NULL,'{\"edad\": \"22\", \"email\": \"contacto.nuevo.11@empresachumacoito.com\", \"genero\": \"M\", \"telefono\": \"977011513\", \"direccion\": \"Lince,Lima,Lima\", \"utm_medium\": \"cpc\", \"utm_source\": \"linkedin\", \"utm_campaign\": \"black_friday\", \"nombre_completo\": \"Ana Vargas - Import 11\"}','2025-11-22 17:00:44','2025-11-22 17:00:49'),(399,33,2,NULL,'{\"edad\": \"54\", \"email\": \"contacto.nuevo.12@empresachumacoito.com\", \"genero\": \"F\", \"telefono\": \"977012394\", \"direccion\": \"Lince,Lima,Lima\", \"utm_medium\": \"cpc\", \"utm_source\": \"google\", \"utm_campaign\": \"cyber_wow\", \"nombre_completo\": \"Sofia Garcia - Import 12\"}','2025-11-22 17:00:50','2025-11-22 17:00:54'),(400,33,2,NULL,'{\"edad\": \"22\", \"email\": \"contacto.nuevo.13@empresachumacoito.com\", \"genero\": \"M\", \"telefono\": \"977013152\", \"direccion\": \"Miraflores,Lima,Lima\", \"utm_medium\": \"cpc\", \"utm_source\": \"linkedin\", \"utm_campaign\": \"cyber_wow\", \"nombre_completo\": \"Jorge Garcia - Import 13\"}','2025-11-22 17:00:56','2025-11-22 17:01:00'),(401,33,2,NULL,'{\"edad\": \"31\", \"email\": \"contacto.nuevo.14@empresachumacoito.com\", \"genero\": \"F\", \"telefono\": \"977014875\", \"direccion\": \"Miraflores,Lima,Lima\", \"utm_medium\": \"cpc\", \"utm_source\": \"facebook\", \"utm_campaign\": \"cyber_wow\", \"nombre_completo\": \"Jorge Castillo - Import 14\"}','2025-11-22 17:01:02','2025-11-22 17:01:06'),(402,33,2,NULL,'{\"edad\": \"27\", \"email\": \"contacto.nuevo.15@empresachumacoito.com\", \"genero\": \"M\", \"telefono\": \"977015142\", \"direccion\": \"Santiago de Surco,Lima,Lima\", \"utm_medium\": \"cpc\", \"utm_source\": \"google\", \"utm_campaign\": \"cyber_wow\", \"nombre_completo\": \"Elena Ramos - Import 15\"}','2025-11-22 17:01:08','2025-11-22 17:01:12'),(403,33,2,NULL,'{\"edad\": \"44\", \"email\": \"contacto.nuevo.16@empresachumacoito.com\", \"genero\": \"F\", \"telefono\": \"977016849\", \"direccion\": \"Lince,Lima,Lima\", \"utm_medium\": \"cpc\", \"utm_source\": \"tiktok\", \"utm_campaign\": \"cyber_wow\", \"nombre_completo\": \"Ana Vargas - Import 16\"}','2025-11-22 17:01:13','2025-11-22 17:01:18'),(404,33,2,NULL,'{\"edad\": \"50\", \"email\": \"contacto.nuevo.17@empresachumacoito.com\", \"genero\": \"M\", \"telefono\": \"977017990\", \"direccion\": \"Lima,Lima,Lima\", \"utm_medium\": \"cpc\", \"utm_source\": \"tiktok\", \"utm_campaign\": \"verano_2025\", \"nombre_completo\": \"Carlos Vargas - Import 17\"}','2025-11-22 17:01:19','2025-11-22 17:01:24'),(405,33,2,NULL,'{\"edad\": \"56\", \"email\": \"contacto.nuevo.18@empresachumacoito.com\", \"genero\": \"M\", \"telefono\": \"977018593\", \"direccion\": \"Santiago de Surco,Lima,Lima\", \"utm_medium\": \"cpc\", \"utm_source\": \"instagram\", \"utm_campaign\": \"promo_lanzamiento\", \"nombre_completo\": \"Miguel Vargas - Import 18\"}','2025-11-22 17:01:25','2025-11-22 17:01:30'),(406,33,2,NULL,'{\"edad\": \"51\", \"email\": \"contacto.nuevo.19@empresachumacoito.com\", \"genero\": \"M\", \"telefono\": \"977019785\", \"direccion\": \"Lima,Lima,Lima\", \"utm_medium\": \"cpc\", \"utm_source\": \"instagram\", \"utm_campaign\": \"verano_2025\", \"nombre_completo\": \"Elena Diaz - Import 19\"}','2025-11-22 17:01:31','2025-11-22 17:01:36'),(407,33,2,NULL,'{\"edad\": \"22\", \"email\": \"contacto.nuevo.20@empresachumacoito.com\", \"genero\": \"M\", \"telefono\": \"977020288\", \"direccion\": \"San Isidro,Lima,Lima\", \"utm_medium\": \"cpc\", \"utm_source\": \"linkedin\", \"utm_campaign\": \"cyber_wow\", \"nombre_completo\": \"Miguel Flores - Import 20\"}','2025-11-22 17:01:37','2025-11-22 17:01:42'),(408,33,2,NULL,'{\"edad\": \"46\", \"email\": \"contacto.nuevo.21@empresachumacoito.com\", \"genero\": \"M\", \"telefono\": \"977021927\", \"direccion\": \"San Isidro,Lima,Lima\", \"utm_medium\": \"cpc\", \"utm_source\": \"linkedin\", \"utm_campaign\": \"black_friday\", \"nombre_completo\": \"Ana Castillo - Import 21\"}','2025-11-22 17:01:43','2025-11-22 17:01:47'),(409,33,2,NULL,'{\"edad\": \"55\", \"email\": \"contacto.nuevo.22@empresachumacoito.com\", \"genero\": \"F\", \"telefono\": \"977022615\", \"direccion\": \"Miraflores,Lima,Lima\", \"utm_medium\": \"cpc\", \"utm_source\": \"google\", \"utm_campaign\": \"verano_2025\", \"nombre_completo\": \"Carlos Ruiz - Import 22\"}','2025-11-22 17:01:49','2025-11-22 17:01:53'),(410,33,2,NULL,'{\"edad\": \"20\", \"email\": \"contacto.nuevo.23@empresachumacoito.com\", \"genero\": \"M\", \"telefono\": \"977023219\", \"direccion\": \"San Isidro,Lima,Lima\", \"utm_medium\": \"cpc\", \"utm_source\": \"linkedin\", \"utm_campaign\": \"verano_2025\", \"nombre_completo\": \"Maria Flores - Import 23\"}','2025-11-22 17:01:55','2025-11-22 17:01:59'),(411,33,2,NULL,'{\"edad\": \"21\", \"email\": \"contacto.nuevo.24@empresachumacoito.com\", \"genero\": \"M\", \"telefono\": \"977024147\", \"direccion\": \"Lince,Lima,Lima\", \"utm_medium\": \"cpc\", \"utm_source\": \"tiktok\", \"utm_campaign\": \"verano_2025\", \"nombre_completo\": \"Luis Soto - Import 24\"}','2025-11-22 17:02:01','2025-11-22 17:02:05'),(412,33,2,NULL,'{\"edad\": \"47\", \"email\": \"contacto.nuevo.25@empresachumacoito.com\", \"genero\": \"F\", \"telefono\": \"977025156\", \"direccion\": \"Lima,Lima,Lima\", \"utm_medium\": \"cpc\", \"utm_source\": \"facebook\", \"utm_campaign\": \"verano_2025\", \"nombre_completo\": \"Lucia Rojas - Import 25\"}','2025-11-22 17:02:06','2025-11-22 17:02:11'),(413,33,2,NULL,'{\"edad\": \"58\", \"email\": \"contacto.nuevo.26@empresachumacoito.com\", \"genero\": \"M\", \"telefono\": \"977026425\", \"direccion\": \"Santiago de Surco,Lima,Lima\", \"utm_medium\": \"cpc\", \"utm_source\": \"tiktok\", \"utm_campaign\": \"verano_2025\", \"nombre_completo\": \"Carlos Soto - Import 26\"}','2025-11-22 17:02:12','2025-11-22 17:02:17'),(414,33,2,NULL,'{\"edad\": \"37\", \"email\": \"contacto.nuevo.27@empresachumacoito.com\", \"genero\": \"M\", \"telefono\": \"977027250\", \"direccion\": \"Miraflores,Lima,Lima\", \"utm_medium\": \"cpc\", \"utm_source\": \"google\", \"utm_campaign\": \"black_friday\", \"nombre_completo\": \"Carlos Soto - Import 27\"}','2025-11-22 17:02:18','2025-11-22 17:02:23'),(415,33,2,NULL,'{\"edad\": \"60\", \"email\": \"contacto.nuevo.28@empresachumacoito.com\", \"genero\": \"M\", \"telefono\": \"977028731\", \"direccion\": \"San Isidro,Lima,Lima\", \"utm_medium\": \"cpc\", \"utm_source\": \"tiktok\", \"utm_campaign\": \"verano_2025\", \"nombre_completo\": \"Carlos Vargas - Import 28\"}','2025-11-22 17:02:24','2025-11-22 17:02:29'),(416,33,2,NULL,'{\"edad\": \"25\", \"email\": \"contacto.nuevo.29@empresachumacoito.com\", \"genero\": \"M\", \"telefono\": \"977029782\", \"direccion\": \"Miraflores,Lima,Lima\", \"utm_medium\": \"cpc\", \"utm_source\": \"instagram\", \"utm_campaign\": \"black_friday\", \"nombre_completo\": \"Elena Soto - Import 29\"}','2025-11-22 17:02:30','2025-11-22 17:02:35'),(417,33,2,NULL,'{\"edad\": \"52\", \"email\": \"contacto.nuevo.30@empresachumacoito.com\", \"genero\": \"F\", \"telefono\": \"977030556\", \"direccion\": \"Santiago de Surco,Lima,Lima\", \"utm_medium\": \"cpc\", \"utm_source\": \"facebook\", \"utm_campaign\": \"black_friday\", \"nombre_completo\": \"Lucia Vargas - Import 30\"}','2025-11-22 17:02:36','2025-11-22 17:02:40'),(418,34,2,NULL,'{\"edad\": \"23\", \"email\": \"contacto.nuevo.1@empresaAldanaChavez.com\", \"genero\": \"M\", \"telefono\": \"988001922\", \"direccion\": \"Miraflores,Lima,Lima\", \"utm_medium\": \"cpc\", \"utm_source\": \"tiktok\", \"utm_campaign\": \"verano_2025\", \"nombre_completo\": \"Jorge Vargas - Import 1\"}','2025-11-22 17:22:05','2025-11-22 17:22:10'),(419,34,2,NULL,'{\"edad\": \"21\", \"email\": \"contacto.nuevo.2@empresaAldanaChavez.com\", \"genero\": \"M\", \"telefono\": \"988002140\", \"direccion\": \"Lima,Lima,Lima\", \"utm_medium\": \"cpc\", \"utm_source\": \"google\", \"utm_campaign\": \"promo_lanzamiento\", \"nombre_completo\": \"Maria Flores - Import 2\"}','2025-11-22 17:22:11','2025-11-22 17:22:16'),(420,34,2,NULL,'{\"edad\": \"48\", \"email\": \"contacto.nuevo.3@empresaAldanaChavez.com\", \"genero\": \"F\", \"telefono\": \"988003169\", \"direccion\": \"Santiago de Surco,Lima,Lima\", \"utm_medium\": \"cpc\", \"utm_source\": \"linkedin\", \"utm_campaign\": \"promo_lanzamiento\", \"nombre_completo\": \"Lucia Ruiz - Import 3\"}','2025-11-22 17:22:17','2025-11-22 17:22:22'),(421,34,2,NULL,'{\"edad\": \"45\", \"email\": \"contacto.nuevo.4@empresaAldanaChavez.com\", \"genero\": \"M\", \"telefono\": \"988004989\", \"direccion\": \"Miraflores,Lima,Lima\", \"utm_medium\": \"cpc\", \"utm_source\": \"facebook\", \"utm_campaign\": \"black_friday\", \"nombre_completo\": \"Sofia Diaz - Import 4\"}','2025-11-22 17:22:23','2025-11-22 17:22:28'),(422,34,2,NULL,'{\"edad\": \"47\", \"email\": \"contacto.nuevo.5@empresaAldanaChavez.com\", \"genero\": \"F\", \"telefono\": \"988005310\", \"direccion\": \"Santiago de Surco,Lima,Lima\", \"utm_medium\": \"cpc\", \"utm_source\": \"google\", \"utm_campaign\": \"promo_lanzamiento\", \"nombre_completo\": \"Ana Diaz - Import 5\"}','2025-11-22 17:22:29','2025-11-22 17:22:34'),(423,34,2,NULL,'{\"edad\": \"40\", \"email\": \"contacto.nuevo.6@empresaAldanaChavez.com\", \"genero\": \"F\", \"telefono\": \"988006331\", \"direccion\": \"Lince,Lima,Lima\", \"utm_medium\": \"cpc\", \"utm_source\": \"google\", \"utm_campaign\": \"promo_lanzamiento\", \"nombre_completo\": \"Luis Vargas - Import 6\"}','2025-11-22 17:22:35','2025-11-22 17:22:40'),(424,34,2,NULL,'{\"edad\": \"21\", \"email\": \"contacto.nuevo.7@empresaAldanaChavez.com\", \"genero\": \"F\", \"telefono\": \"988007361\", \"direccion\": \"San Isidro,Lima,Lima\", \"utm_medium\": \"cpc\", \"utm_source\": \"instagram\", \"utm_campaign\": \"cyber_wow\", \"nombre_completo\": \"Pedro Ruiz - Import 7\"}','2025-11-22 17:22:41','2025-11-22 17:22:46'),(425,34,2,NULL,'{\"edad\": \"47\", \"email\": \"contacto.nuevo.8@empresaAldanaChavez.com\", \"genero\": \"M\", \"telefono\": \"988008739\", \"direccion\": \"Miraflores,Lima,Lima\", \"utm_medium\": \"cpc\", \"utm_source\": \"tiktok\", \"utm_campaign\": \"verano_2025\", \"nombre_completo\": \"Maria Torres - Import 8\"}','2025-11-22 17:22:47','2025-11-22 17:22:52'),(426,34,2,NULL,'{\"edad\": \"31\", \"email\": \"contacto.nuevo.9@empresaAldanaChavez.com\", \"genero\": \"F\", \"telefono\": \"988009229\", \"direccion\": \"Lince,Lima,Lima\", \"utm_medium\": \"cpc\", \"utm_source\": \"linkedin\", \"utm_campaign\": \"verano_2025\", \"nombre_completo\": \"Pedro Ruiz - Import 9\"}','2025-11-22 17:22:53','2025-11-22 17:22:58'),(427,34,2,NULL,'{\"edad\": \"60\", \"email\": \"contacto.nuevo.10@empresaAldanaChavez.com\", \"genero\": \"F\", \"telefono\": \"988010990\", \"direccion\": \"Lima,Lima,Lima\", \"utm_medium\": \"cpc\", \"utm_source\": \"instagram\", \"utm_campaign\": \"verano_2025\", \"nombre_completo\": \"Sofia Rojas - Import 10\"}','2025-11-22 17:22:59','2025-11-22 17:23:04'),(428,34,2,NULL,'{\"edad\": \"59\", \"email\": \"contacto.nuevo.11@empresaAldanaChavez.com\", \"genero\": \"F\", \"telefono\": \"988011396\", \"direccion\": \"Miraflores,Lima,Lima\", \"utm_medium\": \"cpc\", \"utm_source\": \"google\", \"utm_campaign\": \"verano_2025\", \"nombre_completo\": \"Luis Torres - Import 11\"}','2025-11-22 17:23:05','2025-11-22 17:23:10'),(429,34,2,NULL,'{\"edad\": \"57\", \"email\": \"contacto.nuevo.12@empresaAldanaChavez.com\", \"genero\": \"F\", \"telefono\": \"988012735\", \"direccion\": \"Miraflores,Lima,Lima\", \"utm_medium\": \"cpc\", \"utm_source\": \"linkedin\", \"utm_campaign\": \"cyber_wow\", \"nombre_completo\": \"Maria Torres - Import 12\"}','2025-11-22 17:23:12','2025-11-22 17:23:16'),(430,34,2,NULL,'{\"edad\": \"44\", \"email\": \"contacto.nuevo.13@empresaAldanaChavez.com\", \"genero\": \"F\", \"telefono\": \"988013810\", \"direccion\": \"Miraflores,Lima,Lima\", \"utm_medium\": \"cpc\", \"utm_source\": \"instagram\", \"utm_campaign\": \"verano_2025\", \"nombre_completo\": \"Maria Garcia - Import 13\"}','2025-11-22 17:23:18','2025-11-22 17:23:22'),(431,34,2,NULL,'{\"edad\": \"48\", \"email\": \"contacto.nuevo.14@empresaAldanaChavez.com\", \"genero\": \"F\", \"telefono\": \"988014564\", \"direccion\": \"Lince,Lima,Lima\", \"utm_medium\": \"cpc\", \"utm_source\": \"facebook\", \"utm_campaign\": \"verano_2025\", \"nombre_completo\": \"Carlos Garcia - Import 14\"}','2025-11-22 17:23:24','2025-11-22 17:23:28'),(432,34,2,NULL,'{\"edad\": \"28\", \"email\": \"contacto.nuevo.15@empresaAldanaChavez.com\", \"genero\": \"M\", \"telefono\": \"988015920\", \"direccion\": \"Lince,Lima,Lima\", \"utm_medium\": \"cpc\", \"utm_source\": \"linkedin\", \"utm_campaign\": \"verano_2025\", \"nombre_completo\": \"Pedro Flores - Import 15\"}','2025-11-22 17:23:30','2025-11-22 17:23:34'),(433,35,2,NULL,'{\"edad\": \"47\", \"email\": \"contacto.nuevo.1@empresaAldanaChavez2.com\", \"genero\": \"M\", \"telefono\": \"933001150\", \"direccion\": \"Miraflores,Lima,Lima\", \"utm_medium\": \"cpc\", \"utm_source\": \"instagram\", \"utm_campaign\": \"black_friday\", \"nombre_completo\": \"Luis Flores - Import 1\"}','2025-11-22 17:27:48','2025-11-22 17:27:53'),(434,35,2,NULL,'{\"edad\": \"39\", \"email\": \"contacto.nuevo.2@empresaAldanaChavez2.com\", \"genero\": \"F\", \"telefono\": \"933002245\", \"direccion\": \"Lima,Lima,Lima\", \"utm_medium\": \"cpc\", \"utm_source\": \"facebook\", \"utm_campaign\": \"black_friday\", \"nombre_completo\": \"Carlos Soto - Import 2\"}','2025-11-22 17:27:55','2025-11-22 17:28:00'),(435,35,2,NULL,'{\"edad\": \"49\", \"email\": \"contacto.nuevo.3@empresaAldanaChavez2.com\", \"genero\": \"M\", \"telefono\": \"933003998\", \"direccion\": \"Miraflores,Lima,Lima\", \"utm_medium\": \"cpc\", \"utm_source\": \"tiktok\", \"utm_campaign\": \"cyber_wow\", \"nombre_completo\": \"Miguel Rojas - Import 3\"}','2025-11-22 17:28:01','2025-11-22 17:28:06'),(436,35,2,NULL,'{\"edad\": \"20\", \"email\": \"contacto.nuevo.4@empresaAldanaChavez2.com\", \"genero\": \"M\", \"telefono\": \"933004990\", \"direccion\": \"Miraflores,Lima,Lima\", \"utm_medium\": \"cpc\", \"utm_source\": \"linkedin\", \"utm_campaign\": \"cyber_wow\", \"nombre_completo\": \"Luis Ruiz - Import 4\"}','2025-11-22 17:28:07','2025-11-22 17:28:12'),(437,35,2,NULL,'{\"edad\": \"59\", \"email\": \"contacto.nuevo.5@empresaAldanaChavez2.com\", \"genero\": \"F\", \"telefono\": \"933005506\", \"direccion\": \"Lima,Lima,Lima\", \"utm_medium\": \"cpc\", \"utm_source\": \"linkedin\", \"utm_campaign\": \"verano_2025\", \"nombre_completo\": \"Lucia Flores - Import 5\"}','2025-11-22 17:28:13','2025-11-22 17:28:18'),(438,35,2,NULL,'{\"edad\": \"37\", \"email\": \"contacto.nuevo.6@empresaAldanaChavez2.com\", \"genero\": \"F\", \"telefono\": \"933006303\", \"direccion\": \"Lince,Lima,Lima\", \"utm_medium\": \"cpc\", \"utm_source\": \"linkedin\", \"utm_campaign\": \"cyber_wow\", \"nombre_completo\": \"Lucia Garcia - Import 6\"}','2025-11-22 17:28:20','2025-11-22 17:28:24'),(439,35,2,NULL,'{\"edad\": \"43\", \"email\": \"contacto.nuevo.7@empresaAldanaChavez2.com\", \"genero\": \"M\", \"telefono\": \"933007522\", \"direccion\": \"Santiago de Surco,Lima,Lima\", \"utm_medium\": \"cpc\", \"utm_source\": \"google\", \"utm_campaign\": \"promo_lanzamiento\", \"nombre_completo\": \"Ana Vargas - Import 7\"}','2025-11-22 17:28:26','2025-11-22 17:28:31'),(440,35,2,NULL,'{\"edad\": \"29\", \"email\": \"contacto.nuevo.8@empresaAldanaChavez2.com\", \"genero\": \"M\", \"telefono\": \"933008759\", \"direccion\": \"San Isidro,Lima,Lima\", \"utm_medium\": \"cpc\", \"utm_source\": \"google\", \"utm_campaign\": \"black_friday\", \"nombre_completo\": \"Jorge Castillo - Import 8\"}','2025-11-22 17:28:32','2025-11-22 17:28:37'),(441,35,2,NULL,'{\"edad\": \"46\", \"email\": \"contacto.nuevo.9@empresaAldanaChavez2.com\", \"genero\": \"F\", \"telefono\": \"933009286\", \"direccion\": \"San Isidro,Lima,Lima\", \"utm_medium\": \"cpc\", \"utm_source\": \"linkedin\", \"utm_campaign\": \"black_friday\", \"nombre_completo\": \"Ana Castillo - Import 9\"}','2025-11-22 17:28:38','2025-11-22 17:28:43'),(442,35,2,NULL,'{\"edad\": \"44\", \"email\": \"contacto.nuevo.10@empresaAldanaChavez2.com\", \"genero\": \"F\", \"telefono\": \"933010748\", \"direccion\": \"Lince,Lima,Lima\", \"utm_medium\": \"cpc\", \"utm_source\": \"google\", \"utm_campaign\": \"verano_2025\", \"nombre_completo\": \"Pedro Vargas - Import 10\"}','2025-11-22 17:28:44','2025-11-22 17:28:49'),(443,36,2,NULL,'{\"edad\": \"\", \"email\": \"luis.ramirez@gmail.com\", \"genero\": \"\", \"telefono\": \"974380731\", \"utm_medium\": \"\", \"utm_source\": \"\", \"distrito_id\": \"Santiago de Surco, Lima\", \"utm_campaign\": \"\", \"nombre_completo\": \"Luis Ramirez\"}','2025-11-22 21:08:56','2025-11-22 21:09:00'),(444,36,2,NULL,'{\"edad\": \"\", \"email\": \"thiago.reyes@gmail.com\", \"genero\": \"\", \"telefono\": \"977462500\", \"utm_medium\": \"\", \"utm_source\": \"\", \"distrito_id\": \"Barranco, Lima\", \"utm_campaign\": \"\", \"nombre_completo\": \"Thiago Reyes\"}','2025-11-22 21:09:01','2025-11-22 21:09:05'),(445,36,2,NULL,'{\"edad\": \"\", \"email\": \"luciana.vargas@gmail.com\", \"genero\": \"\", \"telefono\": \"916936639\", \"utm_medium\": \"\", \"utm_source\": \"\", \"distrito_id\": \"Miraflores, Lima\", \"utm_campaign\": \"\", \"nombre_completo\": \"Luciana Vargas\"}','2025-11-22 21:09:06','2025-11-22 21:09:10'),(446,36,2,NULL,'{\"edad\": \"\", \"email\": \"maria.flores@gmail.com\", \"genero\": \"\", \"telefono\": \"967100283\", \"utm_medium\": \"\", \"utm_source\": \"\", \"distrito_id\": \"Jesús María, Lima\", \"utm_campaign\": \"\", \"nombre_completo\": \"Maria Flores\"}','2025-11-22 21:09:11','2025-11-22 21:09:15'),(447,36,2,NULL,'{\"edad\": \"\", \"email\": \"ana.flores@gmail.com\", \"genero\": \"\", \"telefono\": \"908269534\", \"utm_medium\": \"\", \"utm_source\": \"\", \"distrito_id\": \"Barranco, Lima\", \"utm_campaign\": \"\", \"nombre_completo\": \"Ana Flores\"}','2025-11-22 21:09:17','2025-11-22 21:09:21'),(448,36,2,NULL,'{\"edad\": \"\", \"email\": \"jose.huaman@gmail.com\", \"genero\": \"\", \"telefono\": \"959276375\", \"utm_medium\": \"\", \"utm_source\": \"\", \"distrito_id\": \"Cercado de Lima, Lima\", \"utm_campaign\": \"\", \"nombre_completo\": \"Jose Huaman\"}','2025-11-22 21:09:22','2025-11-22 21:09:26'),(449,36,2,NULL,'{\"edad\": \"\", \"email\": \"daniela.gutierrez@gmail.com\", \"genero\": \"\", \"telefono\": \"916232715\", \"utm_medium\": \"\", \"utm_source\": \"\", \"distrito_id\": \"Barranco, Lima\", \"utm_campaign\": \"\", \"nombre_completo\": \"Daniela Gutierrez\"}','2025-11-22 21:09:27','2025-11-22 21:09:31'),(450,36,2,NULL,'{\"edad\": \"\", \"email\": \"liam.gonzales@gmail.com\", \"genero\": \"\", \"telefono\": \"943673469\", \"utm_medium\": \"\", \"utm_source\": \"\", \"distrito_id\": \"Lince, Lima\", \"utm_campaign\": \"\", \"nombre_completo\": \"Liam Gonzales\"}','2025-11-22 21:09:32','2025-11-22 21:09:36'),(451,36,2,NULL,'{\"edad\": \"\", \"email\": \"thiago.rojas@gmail.com\", \"genero\": \"\", \"telefono\": \"996047354\", \"utm_medium\": \"\", \"utm_source\": \"\", \"distrito_id\": \"Pueblo Libre, Lima\", \"utm_campaign\": \"\", \"nombre_completo\": \"Thiago Rojas\"}','2025-11-22 21:09:38','2025-11-22 21:09:41'),(452,36,2,NULL,'{\"edad\": \"\", \"email\": \"carlos.torres@gmail.com\", \"genero\": \"\", \"telefono\": \"911042880\", \"utm_medium\": \"\", \"utm_source\": \"\", \"distrito_id\": \"Santiago de Surco, Lima\", \"utm_campaign\": \"\", \"nombre_completo\": \"Carlos Torres\"}','2025-11-22 21:09:43','2025-11-22 21:09:47'),(453,36,2,NULL,'{\"edad\": \"\", \"email\": \"valentina.reyes@gmail.com\", \"genero\": \"\", \"telefono\": \"915212240\", \"utm_medium\": \"\", \"utm_source\": \"\", \"distrito_id\": \"Barranco, Lima\", \"utm_campaign\": \"\", \"nombre_completo\": \"Valentina Reyes\"}','2025-11-22 21:09:48','2025-11-22 21:09:52'),(454,36,2,NULL,'{\"edad\": \"\", \"email\": \"mia.lopez@gmail.com\", \"genero\": \"\", \"telefono\": \"981905895\", \"utm_medium\": \"\", \"utm_source\": \"\", \"distrito_id\": \"Santiago de Surco, Lima\", \"utm_campaign\": \"\", \"nombre_completo\": \"Mia Lopez\"}','2025-11-22 21:09:53','2025-11-22 21:09:57'),(455,36,2,NULL,'{\"edad\": \"\", \"email\": \"liam.ramirez@gmail.com\", \"genero\": \"\", \"telefono\": \"943874674\", \"utm_medium\": \"\", \"utm_source\": \"\", \"distrito_id\": \"Pueblo Libre, Lima\", \"utm_campaign\": \"\", \"nombre_completo\": \"Liam Ramirez\"}','2025-11-22 21:09:58','2025-11-22 21:10:02'),(456,36,2,NULL,'{\"edad\": \"\", \"email\": \"mia.gutierrez@gmail.com\", \"genero\": \"\", \"telefono\": \"930740546\", \"utm_medium\": \"\", \"utm_source\": \"\", \"distrito_id\": \"La Molina, Lima\", \"utm_campaign\": \"\", \"nombre_completo\": \"Mia Gutierrez\"}','2025-11-22 21:10:04','2025-11-22 21:10:07'),(457,36,2,NULL,'{\"edad\": \"\", \"email\": \"jose.lopez@gmail.com\", \"genero\": \"\", \"telefono\": \"971952464\", \"utm_medium\": \"\", \"utm_source\": \"\", \"distrito_id\": \"Santiago de Surco, Lima\", \"utm_campaign\": \"\", \"nombre_completo\": \"Jose Lopez\"}','2025-11-22 21:10:09','2025-11-22 21:10:13'),(458,36,2,NULL,'{\"edad\": \"\", \"email\": \"luciana.gonzales@gmail.com\", \"genero\": \"\", \"telefono\": \"984101564\", \"utm_medium\": \"\", \"utm_source\": \"\", \"distrito_id\": \"San Isidro, Lima\", \"utm_campaign\": \"\", \"nombre_completo\": \"Luciana Gonzales\"}','2025-11-22 21:10:14','2025-11-22 21:10:18'),(459,36,2,NULL,'{\"edad\": \"\", \"email\": \"luis.torres@gmail.com\", \"genero\": \"\", \"telefono\": \"987235335\", \"utm_medium\": \"\", \"utm_source\": \"\", \"distrito_id\": \"Lince, Lima\", \"utm_campaign\": \"\", \"nombre_completo\": \"Luis Torres\"}','2025-11-22 21:10:19','2025-11-22 21:10:23'),(460,36,2,NULL,'{\"edad\": \"\", \"email\": \"carlos.gonzales@gmail.com\", \"genero\": \"\", \"telefono\": \"949054733\", \"utm_medium\": \"\", \"utm_source\": \"\", \"distrito_id\": \"Jesús María, Lima\", \"utm_campaign\": \"\", \"nombre_completo\": \"Carlos Gonzales\"}','2025-11-22 21:10:25','2025-11-22 21:10:28'),(461,36,3,'DUPLICADO: Ya existe un lead con email: liam.gonzales@gmail.com','{\"edad\": \"\", \"email\": \"liam.gonzales@gmail.com\", \"genero\": \"\", \"telefono\": \"929780142\", \"utm_medium\": \"\", \"utm_source\": \"\", \"distrito_id\": \"La Molina, Lima\", \"utm_campaign\": \"\", \"nombre_completo\": \"Liam Gonzales\"}','2025-11-22 21:10:30','2025-11-22 21:10:33'),(462,36,2,NULL,'{\"edad\": \"\", \"email\": \"camila.huaman@gmail.com\", \"genero\": \"\", \"telefono\": \"900620890\", \"utm_medium\": \"\", \"utm_source\": \"\", \"distrito_id\": \"Barranco, Lima\", \"utm_campaign\": \"\", \"nombre_completo\": \"Camila Huaman\"}','2025-11-22 21:10:34','2025-11-22 21:10:38'),(463,36,2,NULL,'{\"edad\": \"\", \"email\": \"liam.paredes@gmail.com\", \"genero\": \"\", \"telefono\": \"957961670\", \"utm_medium\": \"\", \"utm_source\": \"\", \"distrito_id\": \"Jesús María, Lima\", \"utm_campaign\": \"\", \"nombre_completo\": \"Liam Paredes\"}','2025-11-22 21:10:39','2025-11-22 21:10:43'),(464,36,2,NULL,'{\"edad\": \"\", \"email\": \"liam.rojas@gmail.com\", \"genero\": \"\", \"telefono\": \"955037492\", \"utm_medium\": \"\", \"utm_source\": \"\", \"distrito_id\": \"Lince, Lima\", \"utm_campaign\": \"\", \"nombre_completo\": \"Liam Rojas\"}','2025-11-22 21:10:45','2025-11-22 21:10:48'),(465,36,2,NULL,'{\"edad\": \"\", \"email\": \"mia.rojas@gmail.com\", \"genero\": \"\", \"telefono\": \"921885982\", \"utm_medium\": \"\", \"utm_source\": \"\", \"distrito_id\": \"Cercado de Lima, Lima\", \"utm_campaign\": \"\", \"nombre_completo\": \"Mia Rojas\"}','2025-11-22 21:10:50','2025-11-22 21:10:54'),(466,36,2,NULL,'{\"edad\": \"\", \"email\": \"sofia.vargas@gmail.com\", \"genero\": \"\", \"telefono\": \"959470127\", \"utm_medium\": \"\", \"utm_source\": \"\", \"distrito_id\": \"Cercado de Lima, Lima\", \"utm_campaign\": \"\", \"nombre_completo\": \"Sofia Vargas\"}','2025-11-22 21:10:55','2025-11-22 21:10:59'),(467,36,2,NULL,'{\"edad\": \"\", \"email\": \"camila.gutierrez@gmail.com\", \"genero\": \"\", \"telefono\": \"994758453\", \"utm_medium\": \"\", \"utm_source\": \"\", \"distrito_id\": \"Jesús María, Lima\", \"utm_campaign\": \"\", \"nombre_completo\": \"Camila Gutierrez\"}','2025-11-22 21:11:00','2025-11-22 21:11:04'),(468,36,2,NULL,'{\"edad\": \"\", \"email\": \"ana.torres@gmail.com\", \"genero\": \"\", \"telefono\": \"959404836\", \"utm_medium\": \"\", \"utm_source\": \"\", \"distrito_id\": \"Pueblo Libre, Lima\", \"utm_campaign\": \"\", \"nombre_completo\": \"Ana Torres\"}','2025-11-22 21:11:05','2025-11-22 21:11:09'),(469,36,3,'DUPLICADO: Ya existe un lead con email: luciana.vargas@gmail.com','{\"edad\": \"\", \"email\": \"luciana.vargas@gmail.com\", \"genero\": \"\", \"telefono\": \"904678641\", \"utm_medium\": \"\", \"utm_source\": \"\", \"distrito_id\": \"Cercado de Lima, Lima\", \"utm_campaign\": \"\", \"nombre_completo\": \"Luciana Vargas\"}','2025-11-22 21:11:11','2025-11-22 21:11:13'),(470,36,2,NULL,'{\"edad\": \"\", \"email\": \"luis.quispe@gmail.com\", \"genero\": \"\", \"telefono\": \"918442050\", \"utm_medium\": \"\", \"utm_source\": \"\", \"distrito_id\": \"San Isidro, Lima\", \"utm_campaign\": \"\", \"nombre_completo\": \"Luis Quispe\"}','2025-11-22 21:11:15','2025-11-22 21:11:19'),(471,36,2,NULL,'{\"edad\": \"\", \"email\": \"carlos.rojas@gmail.com\", \"genero\": \"\", \"telefono\": \"983604200\", \"utm_medium\": \"\", \"utm_source\": \"\", \"distrito_id\": \"Miraflores, Lima\", \"utm_campaign\": \"\", \"nombre_completo\": \"Carlos Rojas\"}','2025-11-22 21:11:20','2025-11-22 21:11:24'),(472,36,2,NULL,'{\"edad\": \"\", \"email\": \"maria.reyes@gmail.com\", \"genero\": \"\", \"telefono\": \"909238735\", \"utm_medium\": \"\", \"utm_source\": \"\", \"distrito_id\": \"Jesús María, Lima\", \"utm_campaign\": \"\", \"nombre_completo\": \"Maria Reyes\"}','2025-11-22 21:11:25','2025-11-22 21:11:29'),(473,37,2,NULL,'{\"edad\": \"23\", \"email\": \"ana.garcia23@correo.pe\", \"genero\": \"F\", \"telefono\": \"987234561\", \"direccion\": \"San Juan de Lurigancho,Lima,Lima\", \"utm_medium\": \"cpc\", \"utm_source\": \"facebook\", \"utm_campaign\": \"verano_2025\", \"nombre_completo\": \"Ana María García Huamán\"}','2025-11-23 01:49:45','2025-11-23 01:49:50'),(474,37,2,NULL,'{\"edad\": \"29\", \"email\": \"jl.quispe@empresaandina.com\", \"genero\": \"M\", \"telefono\": \"984765320\", \"direccion\": \"Comas,Lima,Lima\", \"utm_medium\": \"cpc\", \"utm_source\": \"google\", \"utm_campaign\": \"black_friday\", \"nombre_completo\": \"José Luis Quispe Flores\"}','2025-11-23 01:49:52','2025-11-23 01:49:57'),(475,37,2,NULL,'{\"edad\": \"34\", \"email\": \"crodriguez.tru@outlook.com\", \"genero\": \"F\", \"telefono\": \"991382476\", \"direccion\": \"Trujillo,Trujillo,La Libertad\", \"utm_medium\": \"cpc\", \"utm_source\": \"instagram\", \"utm_campaign\": \"cyber_wow\", \"nombre_completo\": \"Carla Rodríguez Ponce\"}','2025-11-23 01:49:58','2025-11-23 01:50:03'),(476,37,2,NULL,'{\"edad\": \"41\", \"email\": \"lhuaman.cusco@gmail.com\", \"genero\": \"M\", \"telefono\": \"956748201\", \"direccion\": \"Cusco,Cusco,Cusco\", \"utm_medium\": \"cpc\", \"utm_source\": \"facebook\", \"utm_campaign\": \"promo_lanzamiento\", \"nombre_completo\": \"Luis Alberto Huamán Soto\"}','2025-11-23 01:50:04','2025-11-23 01:50:09'),(477,37,2,NULL,'{\"edad\": \"27\", \"email\": \"daniela.torres@marketing.pe\", \"genero\": \"F\", \"telefono\": \"993847520\", \"direccion\": \"Miraflores,Lima,Lima\", \"utm_medium\": \"cpc\", \"utm_source\": \"linkedin\", \"utm_campaign\": \"verano_2025\", \"nombre_completo\": \"Daniela Torres Salazar\"}','2025-11-23 01:50:11','2025-11-23 01:50:16'),(478,37,2,NULL,'{\"edad\": \"36\", \"email\": \"marojas.dev@correo.pe\", \"genero\": \"M\", \"telefono\": \"972640158\", \"direccion\": \"Arequipa,Arequipa,Arequipa\", \"utm_medium\": \"cpc\", \"utm_source\": \"google\", \"utm_campaign\": \"cyber_wow\", \"nombre_completo\": \"Miguel Ángel Rojas Valverde\"}','2025-11-23 01:50:17','2025-11-23 01:50:22'),(479,37,2,NULL,'{\"edad\": \"31\", \"email\": \"rocio.campos@consultora.pe\", \"genero\": \"F\", \"telefono\": \"989301457\", \"direccion\": \"Santa Anita,Lima,Lima\", \"utm_medium\": \"cpc\", \"utm_source\": \"facebook\", \"utm_campaign\": \"black_friday\", \"nombre_completo\": \"Rocío Campos Chumbe\"}','2025-11-23 01:50:23','2025-11-23 01:50:28'),(480,37,2,NULL,'{\"edad\": \"25\", \"email\": \"cpoma25@correo.pe\", \"genero\": \"M\", \"telefono\": \"981563204\", \"direccion\": \"San Martín de Porres,Lima,Lima\", \"utm_medium\": \"cpc\", \"utm_source\": \"tiktok\", \"utm_campaign\": \"promo_lanzamiento\", \"nombre_completo\": \"Carlos Eduardo Poma Aguilar\"}','2025-11-23 01:50:29','2025-11-23 01:50:34'),(481,37,2,NULL,'{\"edad\": \"38\", \"email\": \"mf.lopez@serviciospiura.com\", \"genero\": \"F\", \"telefono\": \"976842013\", \"direccion\": \"Piura,Piura,Piura\", \"utm_medium\": \"cpc\", \"utm_source\": \"google\", \"utm_campaign\": \"verano_2025\", \"nombre_completo\": \"María Fernanda López Cárdenas\"}','2025-11-23 01:50:36','2025-11-23 01:50:40'),(482,37,2,NULL,'{\"edad\": \"33\", \"email\": \"jdsalazar.juliaca@gmail.com\", \"genero\": \"M\", \"telefono\": \"995730482\", \"direccion\": \"Juliaca,San Román,Puno\", \"utm_medium\": \"cpc\", \"utm_source\": \"instagram\", \"utm_campaign\": \"black_friday\", \"nombre_completo\": \"Juan Diego Salazar Ñahui\"}','2025-11-23 01:50:42','2025-11-23 01:50:47'),(483,37,2,NULL,'{\"edad\": \"28\", \"email\": \"karina.huerta@retail.pe\", \"genero\": \"F\", \"telefono\": \"980413756\", \"direccion\": \"Chiclayo,Chiclayo,Lambayeque\", \"utm_medium\": \"cpc\", \"utm_source\": \"facebook\", \"utm_campaign\": \"cyber_wow\", \"nombre_completo\": \"Karina Huerta Ramos\"}','2025-11-23 01:50:48','2025-11-23 01:50:53'),(484,37,2,NULL,'{\"edad\": \"45\", \"email\": \"pcarranza.ves@correo.pe\", \"genero\": \"M\", \"telefono\": \"979654312\", \"direccion\": \"Villa El Salvador,Lima,Lima\", \"utm_medium\": \"cpc\", \"utm_source\": \"google\", \"utm_campaign\": \"promo_lanzamiento\", \"nombre_completo\": \"Pedro Pablo Carranza Limay\"}','2025-11-23 01:50:54','2025-11-23 01:50:59'),(485,37,2,NULL,'{\"edad\": \"24\", \"email\": \"gmendoza.sanmiguel@outlook.com\", \"genero\": \"F\", \"telefono\": \"994128570\", \"direccion\": \"San Miguel,Lima,Lima\", \"utm_medium\": \"cpc\", \"utm_source\": \"tiktok\", \"utm_campaign\": \"verano_2025\", \"nombre_completo\": \"Giselle Mendoza Taipe\"}','2025-11-23 01:51:00','2025-11-23 01:51:05'),(486,37,2,NULL,'{\"edad\": \"30\", \"email\": \"jchahua.huancayo@empresa.pe\", \"genero\": \"M\", \"telefono\": \"982547301\", \"direccion\": \"Huancayo,Huancayo,Junín\", \"utm_medium\": \"cpc\", \"utm_source\": \"linkedin\", \"utm_campaign\": \"black_friday\", \"nombre_completo\": \"Jorge André Chahua Huarcaya\"}','2025-11-23 01:51:07','2025-11-23 01:51:12'),(487,37,2,NULL,'{\"edad\": \"39\", \"email\": \"lucero.gomez@saludloreto.pe\", \"genero\": \"F\", \"telefono\": \"990271486\", \"direccion\": \"Iquitos,Maynas,Loreto\", \"utm_medium\": \"cpc\", \"utm_source\": \"facebook\", \"utm_campaign\": \"cyber_wow\", \"nombre_completo\": \"Lucero Gómez Villacorta\"}','2025-11-23 01:51:13','2025-11-23 01:51:18'),(488,37,2,NULL,'{\"edad\": \"32\", \"email\": \"ejvilca.ccama@correo.pe\", \"genero\": \"M\", \"telefono\": \"988640215\", \"direccion\": \"San Juan de Miraflores,Lima,Lima\", \"utm_medium\": \"cpc\", \"utm_source\": \"instagram\", \"utm_campaign\": \"promo_lanzamiento\", \"nombre_completo\": \"Edwin Javier Vilca Ccama\"}','2025-11-23 01:51:19','2025-11-23 01:51:24'),(489,37,2,NULL,'{\"edad\": \"26\", \"email\": \"fiorella.ramos@startup.pe\", \"genero\": \"F\", \"telefono\": \"987540921\", \"direccion\": \"Pueblo Libre,Lima,Lima\", \"utm_medium\": \"cpc\", \"utm_source\": \"google\", \"utm_campaign\": \"verano_2025\", \"nombre_completo\": \"Fiorella Ramos Sotomayor\"}','2025-11-23 01:51:25','2025-11-23 01:51:30'),(490,37,2,NULL,'{\"edad\": \"35\", \"email\": \"diego.chumpitaz.callao@gmail.com\", \"genero\": \"M\", \"telefono\": \"981420365\", \"direccion\": \"Callao,Callao,Callao\", \"utm_medium\": \"cpc\", \"utm_source\": \"linkedin\", \"utm_campaign\": \"cyber_wow\", \"nombre_completo\": \"Diego Alonso Chumpitaz León\"}','2025-11-23 01:51:32','2025-11-23 01:51:36'),(491,37,2,NULL,'{\"edad\": \"22\", \"email\": \"brenda.aquino22@correo.pe\", \"genero\": \"F\", \"telefono\": \"993610284\", \"direccion\": \"El Agustino,Lima,Lima\", \"utm_medium\": \"cpc\", \"utm_source\": \"tiktok\", \"utm_campaign\": \"black_friday\", \"nombre_completo\": \"Brenda Lizeth Aquino Rojas\"}','2025-11-23 01:51:38','2025-11-23 01:51:42'),(492,37,2,NULL,'{\"edad\": \"40\", \"email\": \"mlazaro.chimbote@empresa.pe\", \"genero\": \"M\", \"telefono\": \"975803412\", \"direccion\": \"Chimbote,Santa,Áncash\", \"utm_medium\": \"cpc\", \"utm_source\": \"facebook\", \"utm_campaign\": \"promo_lanzamiento\", \"nombre_completo\": \"Marco Antonio Lázaro Tello\"}','2025-11-23 01:51:44','2025-11-23 01:51:49'),(493,37,2,NULL,'{\"edad\": \"29\", \"email\": \"mcardenas.sb@consulting.pe\", \"genero\": \"F\", \"telefono\": \"999214583\", \"direccion\": \"San Borja,Lima,Lima\", \"utm_medium\": \"cpc\", \"utm_source\": \"instagram\", \"utm_campaign\": \"verano_2025\", \"nombre_completo\": \"Milagros Esther Cárdenas Ñaupari\"}','2025-11-23 01:51:50','2025-11-23 01:51:55'),(494,37,2,NULL,'{\"edad\": \"27\", \"email\": \"rchuquillanqui@finanzas.pe\", \"genero\": \"M\", \"telefono\": \"986745903\", \"direccion\": \"Santiago de Surco,Lima,Lima\", \"utm_medium\": \"cpc\", \"utm_source\": \"google\", \"utm_campaign\": \"black_friday\", \"nombre_completo\": \"Rodrigo Martín Chuquillanqui Torres\"}','2025-11-23 01:51:56','2025-11-23 01:52:01'),(495,37,2,NULL,'{\"edad\": \"31\", \"email\": \"ypfarfan.tacna@correo.pe\", \"genero\": \"F\", \"telefono\": \"984531720\", \"direccion\": \"Tacna,Tacna,Tacna\", \"utm_medium\": \"cpc\", \"utm_source\": \"facebook\", \"utm_campaign\": \"cyber_wow\", \"nombre_completo\": \"Yessica Paola Farfán Vega\"}','2025-11-23 01:52:02','2025-11-23 01:52:07'),(496,37,2,NULL,'{\"edad\": \"37\", \"email\": \"alejohuerta.pucallpa@gmail.com\", \"genero\": \"M\", \"telefono\": \"992675381\", \"direccion\": \"Pucallpa,Coronel Portillo,Ucayali\", \"utm_medium\": \"cpc\", \"utm_source\": \"tiktok\", \"utm_campaign\": \"promo_lanzamiento\", \"nombre_completo\": \"Alejandro Joel Huerta Chacón\"}','2025-11-23 01:52:09','2025-11-23 01:52:14'),(497,37,2,NULL,'{\"edad\": \"24\", \"email\": \"klopez.independencia@correo.pe\", \"genero\": \"F\", \"telefono\": \"989742630\", \"direccion\": \"Independencia,Lima,Lima\", \"utm_medium\": \"cpc\", \"utm_source\": \"instagram\", \"utm_campaign\": \"verano_2025\", \"nombre_completo\": \"Katherine López Huallpa\"}','2025-11-23 01:52:15','2025-11-23 01:52:20'),(498,37,2,NULL,'{\"edad\": \"33\", \"email\": \"bsmilla.ilo@mineria.pe\", \"genero\": \"M\", \"telefono\": \"977503864\", \"direccion\": \"Ilo,Ilo,Moquegua\", \"utm_medium\": \"cpc\", \"utm_source\": \"google\", \"utm_campaign\": \"cyber_wow\", \"nombre_completo\": \"Bruno Sebastián Milla Palomino\"}','2025-11-23 01:52:21','2025-11-23 01:52:26'),(499,37,2,NULL,'{\"edad\": \"28\", \"email\": \"diana.naupa@educacionayacucho.pe\", \"genero\": \"F\", \"telefono\": \"983214579\", \"direccion\": \"Ayacucho,Huamanga,Ayacucho\", \"utm_medium\": \"cpc\", \"utm_source\": \"facebook\", \"utm_campaign\": \"black_friday\", \"nombre_completo\": \"Diana Carolina Ñaupa Ccollcca\"}','2025-11-23 01:52:27','2025-11-23 01:52:32'),(500,37,2,NULL,'{\"edad\": \"36\", \"email\": \"hkchavez.sanluis@correo.pe\", \"genero\": \"M\", \"telefono\": \"994760132\", \"direccion\": \"San Luis,Lima,Lima\", \"utm_medium\": \"cpc\", \"utm_source\": \"linkedin\", \"utm_campaign\": \"promo_lanzamiento\", \"nombre_completo\": \"Harold Kevin Chávez Sulca\"}','2025-11-23 01:52:34','2025-11-23 01:52:38'),(501,37,2,NULL,'{\"edad\": \"30\", \"email\": \"pamela.rojas.mollendo@outlook.com\", \"genero\": \"F\", \"telefono\": \"979864210\", \"direccion\": \"Mollendo,Islay,Arequipa\", \"utm_medium\": \"cpc\", \"utm_source\": \"tiktok\", \"utm_campaign\": \"verano_2025\", \"nombre_completo\": \"Pamela Julissa Rojas Valdivia\"}','2025-11-23 01:52:40','2025-11-23 01:52:45'),(502,37,2,NULL,'{\"edad\": \"42\", \"email\": \"rhuertas.tarapoto@servicios.pe\", \"genero\": \"M\", \"telefono\": \"988451603\", \"direccion\": \"Tarapoto,San Martín,San Martín\", \"utm_medium\": \"cpc\", \"utm_source\": \"google\", \"utm_campaign\": \"black_friday\", \"nombre_completo\": \"Ricardo Daniel Huertas Palomino\"}','2025-11-23 01:52:46','2025-11-23 01:52:51'),(503,38,3,'DUPLICADO: Ya existe un lead con teléfono: 933001150','{\"edad\": \"47\", \"email\": \"contacto.nuevo.1@empresaAldanaChavez2.com\", \"genero\": \"M\", \"telefono\": \"933001150\", \"direccion\": \"Miraflores,Lima,Lima\", \"utm_medium\": \"cpc\", \"utm_source\": \"instagram\", \"utm_campaign\": \"black_friday\", \"nombre_completo\": \"Luis Flores - Import 1\"}','2025-11-23 17:50:45','2025-11-23 17:51:10'),(504,38,3,'DUPLICADO: Ya existe un lead con teléfono: 933002245','{\"edad\": \"39\", \"email\": \"contacto.nuevo.2@empresaAldanaChavez2.com\", \"genero\": \"F\", \"telefono\": \"933002245\", \"direccion\": \"Lima,Lima,Lima\", \"utm_medium\": \"cpc\", \"utm_source\": \"facebook\", \"utm_campaign\": \"black_friday\", \"nombre_completo\": \"Carlos Soto - Import 2\"}','2025-11-23 17:50:45','2025-11-23 17:51:10'),(505,38,3,'DUPLICADO: Ya existe un lead con teléfono: 933003998','{\"edad\": \"49\", \"email\": \"contacto.nuevo.3@empresaAldanaChavez2.com\", \"genero\": \"M\", \"telefono\": \"933003998\", \"direccion\": \"Miraflores,Lima,Lima\", \"utm_medium\": \"cpc\", \"utm_source\": \"tiktok\", \"utm_campaign\": \"cyber_wow\", \"nombre_completo\": \"Miguel Rojas - Import 3\"}','2025-11-23 17:50:46','2025-11-23 17:51:11'),(506,38,3,'DUPLICADO: Ya existe un lead con teléfono: 933004990','{\"edad\": \"20\", \"email\": \"contacto.nuevo.4@empresaAldanaChavez2.com\", \"genero\": \"M\", \"telefono\": \"933004990\", \"direccion\": \"Miraflores,Lima,Lima\", \"utm_medium\": \"cpc\", \"utm_source\": \"linkedin\", \"utm_campaign\": \"cyber_wow\", \"nombre_completo\": \"Luis Ruiz - Import 4\"}','2025-11-23 17:50:46','2025-11-23 17:51:11'),(507,38,3,'DUPLICADO: Ya existe un lead con teléfono: 933005506','{\"edad\": \"59\", \"email\": \"contacto.nuevo.5@empresaAldanaChavez2.com\", \"genero\": \"F\", \"telefono\": \"933005506\", \"direccion\": \"Lima,Lima,Lima\", \"utm_medium\": \"cpc\", \"utm_source\": \"linkedin\", \"utm_campaign\": \"verano_2025\", \"nombre_completo\": \"Lucia Flores - Import 5\"}','2025-11-23 17:50:46','2025-11-23 17:51:11'),(508,38,3,'DUPLICADO: Ya existe un lead con teléfono: 933006303','{\"edad\": \"37\", \"email\": \"contacto.nuevo.6@empresaAldanaChavez2.com\", \"genero\": \"F\", \"telefono\": \"933006303\", \"direccion\": \"Lince,Lima,Lima\", \"utm_medium\": \"cpc\", \"utm_source\": \"linkedin\", \"utm_campaign\": \"cyber_wow\", \"nombre_completo\": \"Lucia Garcia - Import 6\"}','2025-11-23 17:50:47','2025-11-23 17:51:12'),(509,38,3,'DUPLICADO: Ya existe un lead con teléfono: 933007522','{\"edad\": \"43\", \"email\": \"contacto.nuevo.7@empresaAldanaChavez2.com\", \"genero\": \"M\", \"telefono\": \"933007522\", \"direccion\": \"Santiago de Surco,Lima,Lima\", \"utm_medium\": \"cpc\", \"utm_source\": \"google\", \"utm_campaign\": \"promo_lanzamiento\", \"nombre_completo\": \"Ana Vargas - Import 7\"}','2025-11-23 17:50:47','2025-11-23 17:51:12'),(510,38,3,'DUPLICADO: Ya existe un lead con teléfono: 933008759','{\"edad\": \"29\", \"email\": \"contacto.nuevo.8@empresaAldanaChavez2.com\", \"genero\": \"M\", \"telefono\": \"933008759\", \"direccion\": \"San Isidro,Lima,Lima\", \"utm_medium\": \"cpc\", \"utm_source\": \"google\", \"utm_campaign\": \"black_friday\", \"nombre_completo\": \"Jorge Castillo - Import 8\"}','2025-11-23 17:50:47','2025-11-23 17:51:12'),(511,38,3,'DUPLICADO: Ya existe un lead con teléfono: 933009286','{\"edad\": \"46\", \"email\": \"contacto.nuevo.9@empresaAldanaChavez2.com\", \"genero\": \"F\", \"telefono\": \"933009286\", \"direccion\": \"San Isidro,Lima,Lima\", \"utm_medium\": \"cpc\", \"utm_source\": \"linkedin\", \"utm_campaign\": \"black_friday\", \"nombre_completo\": \"Ana Castillo - Import 9\"}','2025-11-23 17:50:48','2025-11-23 17:51:13'),(512,38,3,'DUPLICADO: Ya existe un lead con teléfono: 933010748','{\"edad\": \"44\", \"email\": \"contacto.nuevo.10@empresaAldanaChavez2.com\", \"genero\": \"F\", \"telefono\": \"933010748\", \"direccion\": \"Lince,Lima,Lima\", \"utm_medium\": \"cpc\", \"utm_source\": \"google\", \"utm_campaign\": \"verano_2025\", \"nombre_completo\": \"Pedro Vargas - Import 10\"}','2025-11-23 17:50:48','2025-11-23 17:51:13'),(513,39,3,'DUPLICADO: Ya existe un lead con teléfono: 933001150','{\"edad\": \"47\", \"email\": \"contacto.nuevo.1@empresaAldanaChavez2.com\", \"genero\": \"M\", \"telefono\": \"933001150\", \"direccion\": \"Miraflores,Lima,Lima\", \"utm_medium\": \"cpc\", \"utm_source\": \"instagram\", \"utm_campaign\": \"black_friday\", \"nombre_completo\": \"Luis Flores - Import 1\"}','2025-11-23 17:59:38','2025-11-23 18:00:02'),(514,39,3,'DUPLICADO: Ya existe un lead con teléfono: 933002245','{\"edad\": \"39\", \"email\": \"contacto.nuevo.2@empresaAldanaChavez2.com\", \"genero\": \"F\", \"telefono\": \"933002245\", \"direccion\": \"Lima,Lima,Lima\", \"utm_medium\": \"cpc\", \"utm_source\": \"facebook\", \"utm_campaign\": \"black_friday\", \"nombre_completo\": \"Carlos Soto - Import 2\"}','2025-11-23 17:59:39','2025-11-23 18:00:03'),(515,39,3,'DUPLICADO: Ya existe un lead con teléfono: 933003998','{\"edad\": \"49\", \"email\": \"contacto.nuevo.3@empresaAldanaChavez2.com\", \"genero\": \"M\", \"telefono\": \"933003998\", \"direccion\": \"Miraflores,Lima,Lima\", \"utm_medium\": \"cpc\", \"utm_source\": \"tiktok\", \"utm_campaign\": \"cyber_wow\", \"nombre_completo\": \"Miguel Rojas - Import 3\"}','2025-11-23 17:59:39','2025-11-23 18:00:03'),(516,39,3,'DUPLICADO: Ya existe un lead con teléfono: 933004990','{\"edad\": \"20\", \"email\": \"contacto.nuevo.4@empresaAldanaChavez2.com\", \"genero\": \"M\", \"telefono\": \"933004990\", \"direccion\": \"Miraflores,Lima,Lima\", \"utm_medium\": \"cpc\", \"utm_source\": \"linkedin\", \"utm_campaign\": \"cyber_wow\", \"nombre_completo\": \"Luis Ruiz - Import 4\"}','2025-11-23 17:59:39','2025-11-23 18:00:03'),(517,39,3,'DUPLICADO: Ya existe un lead con teléfono: 933005506','{\"edad\": \"59\", \"email\": \"contacto.nuevo.5@empresaAldanaChavez2.com\", \"genero\": \"F\", \"telefono\": \"933005506\", \"direccion\": \"Lima,Lima,Lima\", \"utm_medium\": \"cpc\", \"utm_source\": \"linkedin\", \"utm_campaign\": \"verano_2025\", \"nombre_completo\": \"Lucia Flores - Import 5\"}','2025-11-23 17:59:40','2025-11-23 18:00:04'),(518,39,3,'DUPLICADO: Ya existe un lead con teléfono: 933006303','{\"edad\": \"37\", \"email\": \"contacto.nuevo.6@empresaAldanaChavez2.com\", \"genero\": \"F\", \"telefono\": \"933006303\", \"direccion\": \"Lince,Lima,Lima\", \"utm_medium\": \"cpc\", \"utm_source\": \"linkedin\", \"utm_campaign\": \"cyber_wow\", \"nombre_completo\": \"Lucia Garcia - Import 6\"}','2025-11-23 17:59:40','2025-11-23 18:00:04'),(519,39,3,'DUPLICADO: Ya existe un lead con teléfono: 933007522','{\"edad\": \"43\", \"email\": \"contacto.nuevo.7@empresaAldanaChavez2.com\", \"genero\": \"M\", \"telefono\": \"933007522\", \"direccion\": \"Santiago de Surco,Lima,Lima\", \"utm_medium\": \"cpc\", \"utm_source\": \"google\", \"utm_campaign\": \"promo_lanzamiento\", \"nombre_completo\": \"Ana Vargas - Import 7\"}','2025-11-23 17:59:40','2025-11-23 18:00:04'),(520,39,3,'DUPLICADO: Ya existe un lead con teléfono: 933008759','{\"edad\": \"29\", \"email\": \"contacto.nuevo.8@empresaAldanaChavez2.com\", \"genero\": \"M\", \"telefono\": \"933008759\", \"direccion\": \"San Isidro,Lima,Lima\", \"utm_medium\": \"cpc\", \"utm_source\": \"google\", \"utm_campaign\": \"black_friday\", \"nombre_completo\": \"Jorge Castillo - Import 8\"}','2025-11-23 17:59:41','2025-11-23 18:00:05'),(521,39,3,'DUPLICADO: Ya existe un lead con teléfono: 933009286','{\"edad\": \"46\", \"email\": \"contacto.nuevo.9@empresaAldanaChavez2.com\", \"genero\": \"F\", \"telefono\": \"933009286\", \"direccion\": \"San Isidro,Lima,Lima\", \"utm_medium\": \"cpc\", \"utm_source\": \"linkedin\", \"utm_campaign\": \"black_friday\", \"nombre_completo\": \"Ana Castillo - Import 9\"}','2025-11-23 17:59:41','2025-11-23 18:00:05'),(522,39,3,'DUPLICADO: Ya existe un lead con teléfono: 933010748','{\"edad\": \"44\", \"email\": \"contacto.nuevo.10@empresaAldanaChavez2.com\", \"genero\": \"F\", \"telefono\": \"933010748\", \"direccion\": \"Lince,Lima,Lima\", \"utm_medium\": \"cpc\", \"utm_source\": \"google\", \"utm_campaign\": \"verano_2025\", \"nombre_completo\": \"Pedro Vargas - Import 10\"}','2025-11-23 17:59:41','2025-11-23 18:00:05'),(523,40,3,'DUPLICADO: Ya existe un lead con teléfono: 933001150','{\"edad\": \"47\", \"email\": \"contacto.nuevo.1@empresaAldanaChavez2.com\", \"genero\": \"M\", \"telefono\": \"933001150\", \"direccion\": \"Miraflores,Lima,Lima\", \"utm_medium\": \"cpc\", \"utm_source\": \"instagram\", \"utm_campaign\": \"black_friday\", \"nombre_completo\": \"Luis Flores - Import 1\"}','2025-11-23 18:00:42','2025-11-23 18:01:06'),(524,40,3,'DUPLICADO: Ya existe un lead con teléfono: 933002245','{\"edad\": \"39\", \"email\": \"contacto.nuevo.2@empresaAldanaChavez2.com\", \"genero\": \"F\", \"telefono\": \"933002245\", \"direccion\": \"Lima,Lima,Lima\", \"utm_medium\": \"cpc\", \"utm_source\": \"facebook\", \"utm_campaign\": \"black_friday\", \"nombre_completo\": \"Carlos Soto - Import 2\"}','2025-11-23 18:00:42','2025-11-23 18:01:06'),(525,40,3,'DUPLICADO: Ya existe un lead con teléfono: 933003998','{\"edad\": \"49\", \"email\": \"contacto.nuevo.3@empresaAldanaChavez2.com\", \"genero\": \"M\", \"telefono\": \"933003998\", \"direccion\": \"Miraflores,Lima,Lima\", \"utm_medium\": \"cpc\", \"utm_source\": \"tiktok\", \"utm_campaign\": \"cyber_wow\", \"nombre_completo\": \"Miguel Rojas - Import 3\"}','2025-11-23 18:00:43','2025-11-23 18:01:07'),(526,40,3,'DUPLICADO: Ya existe un lead con teléfono: 933004990','{\"edad\": \"20\", \"email\": \"contacto.nuevo.4@empresaAldanaChavez2.com\", \"genero\": \"M\", \"telefono\": \"933004990\", \"direccion\": \"Miraflores,Lima,Lima\", \"utm_medium\": \"cpc\", \"utm_source\": \"linkedin\", \"utm_campaign\": \"cyber_wow\", \"nombre_completo\": \"Luis Ruiz - Import 4\"}','2025-11-23 18:00:43','2025-11-23 18:01:07'),(527,40,3,'DUPLICADO: Ya existe un lead con teléfono: 933005506','{\"edad\": \"59\", \"email\": \"contacto.nuevo.5@empresaAldanaChavez2.com\", \"genero\": \"F\", \"telefono\": \"933005506\", \"direccion\": \"Lima,Lima,Lima\", \"utm_medium\": \"cpc\", \"utm_source\": \"linkedin\", \"utm_campaign\": \"verano_2025\", \"nombre_completo\": \"Lucia Flores - Import 5\"}','2025-11-23 18:00:43','2025-11-23 18:01:07'),(528,40,3,'DUPLICADO: Ya existe un lead con teléfono: 933006303','{\"edad\": \"37\", \"email\": \"contacto.nuevo.6@empresaAldanaChavez2.com\", \"genero\": \"F\", \"telefono\": \"933006303\", \"direccion\": \"Lince,Lima,Lima\", \"utm_medium\": \"cpc\", \"utm_source\": \"linkedin\", \"utm_campaign\": \"cyber_wow\", \"nombre_completo\": \"Lucia Garcia - Import 6\"}','2025-11-23 18:00:44','2025-11-23 18:01:08'),(529,40,3,'DUPLICADO: Ya existe un lead con teléfono: 933007522','{\"edad\": \"43\", \"email\": \"contacto.nuevo.7@empresaAldanaChavez2.com\", \"genero\": \"M\", \"telefono\": \"933007522\", \"direccion\": \"Santiago de Surco,Lima,Lima\", \"utm_medium\": \"cpc\", \"utm_source\": \"google\", \"utm_campaign\": \"promo_lanzamiento\", \"nombre_completo\": \"Ana Vargas - Import 7\"}','2025-11-23 18:00:44','2025-11-23 18:01:08'),(530,40,3,'DUPLICADO: Ya existe un lead con teléfono: 933008759','{\"edad\": \"29\", \"email\": \"contacto.nuevo.8@empresaAldanaChavez2.com\", \"genero\": \"M\", \"telefono\": \"933008759\", \"direccion\": \"San Isidro,Lima,Lima\", \"utm_medium\": \"cpc\", \"utm_source\": \"google\", \"utm_campaign\": \"black_friday\", \"nombre_completo\": \"Jorge Castillo - Import 8\"}','2025-11-23 18:00:44','2025-11-23 18:01:08'),(531,40,3,'DUPLICADO: Ya existe un lead con teléfono: 933009286','{\"edad\": \"46\", \"email\": \"contacto.nuevo.9@empresaAldanaChavez2.com\", \"genero\": \"F\", \"telefono\": \"933009286\", \"direccion\": \"San Isidro,Lima,Lima\", \"utm_medium\": \"cpc\", \"utm_source\": \"linkedin\", \"utm_campaign\": \"black_friday\", \"nombre_completo\": \"Ana Castillo - Import 9\"}','2025-11-23 18:00:45','2025-11-23 18:01:09'),(532,40,3,'DUPLICADO: Ya existe un lead con teléfono: 933010748','{\"edad\": \"44\", \"email\": \"contacto.nuevo.10@empresaAldanaChavez2.com\", \"genero\": \"F\", \"telefono\": \"933010748\", \"direccion\": \"Lince,Lima,Lima\", \"utm_medium\": \"cpc\", \"utm_source\": \"google\", \"utm_campaign\": \"verano_2025\", \"nombre_completo\": \"Pedro Vargas - Import 10\"}','2025-11-23 18:00:45','2025-11-23 18:01:09'),(533,41,3,'DUPLICADO: Ya existe un lead con teléfono: 933001150','{\"edad\": \"47\", \"email\": \"contacto.nuevo.1@empresaAldanaChavez2.com\", \"genero\": \"M\", \"telefono\": \"933001150\", \"direccion\": \"Miraflores,Lima,Lima\", \"utm_medium\": \"cpc\", \"utm_source\": \"instagram\", \"utm_campaign\": \"black_friday\", \"nombre_completo\": \"Luis Flores - Import 1\"}','2025-11-23 18:00:58','2025-11-23 18:01:21'),(534,41,3,'DUPLICADO: Ya existe un lead con teléfono: 933002245','{\"edad\": \"39\", \"email\": \"contacto.nuevo.2@empresaAldanaChavez2.com\", \"genero\": \"F\", \"telefono\": \"933002245\", \"direccion\": \"Lima,Lima,Lima\", \"utm_medium\": \"cpc\", \"utm_source\": \"facebook\", \"utm_campaign\": \"black_friday\", \"nombre_completo\": \"Carlos Soto - Import 2\"}','2025-11-23 18:00:58','2025-11-23 18:01:22'),(535,41,3,'DUPLICADO: Ya existe un lead con teléfono: 933003998','{\"edad\": \"49\", \"email\": \"contacto.nuevo.3@empresaAldanaChavez2.com\", \"genero\": \"M\", \"telefono\": \"933003998\", \"direccion\": \"Miraflores,Lima,Lima\", \"utm_medium\": \"cpc\", \"utm_source\": \"tiktok\", \"utm_campaign\": \"cyber_wow\", \"nombre_completo\": \"Miguel Rojas - Import 3\"}','2025-11-23 18:00:58','2025-11-23 18:01:22'),(536,41,3,'DUPLICADO: Ya existe un lead con teléfono: 933004990','{\"edad\": \"20\", \"email\": \"contacto.nuevo.4@empresaAldanaChavez2.com\", \"genero\": \"M\", \"telefono\": \"933004990\", \"direccion\": \"Miraflores,Lima,Lima\", \"utm_medium\": \"cpc\", \"utm_source\": \"linkedin\", \"utm_campaign\": \"cyber_wow\", \"nombre_completo\": \"Luis Ruiz - Import 4\"}','2025-11-23 18:00:59','2025-11-23 18:01:22'),(537,41,3,'DUPLICADO: Ya existe un lead con teléfono: 933005506','{\"edad\": \"59\", \"email\": \"contacto.nuevo.5@empresaAldanaChavez2.com\", \"genero\": \"F\", \"telefono\": \"933005506\", \"direccion\": \"Lima,Lima,Lima\", \"utm_medium\": \"cpc\", \"utm_source\": \"linkedin\", \"utm_campaign\": \"verano_2025\", \"nombre_completo\": \"Lucia Flores - Import 5\"}','2025-11-23 18:00:59','2025-11-23 18:01:23'),(538,41,3,'DUPLICADO: Ya existe un lead con teléfono: 933006303','{\"edad\": \"37\", \"email\": \"contacto.nuevo.6@empresaAldanaChavez2.com\", \"genero\": \"F\", \"telefono\": \"933006303\", \"direccion\": \"Lince,Lima,Lima\", \"utm_medium\": \"cpc\", \"utm_source\": \"linkedin\", \"utm_campaign\": \"cyber_wow\", \"nombre_completo\": \"Lucia Garcia - Import 6\"}','2025-11-23 18:00:59','2025-11-23 18:01:23'),(539,41,3,'DUPLICADO: Ya existe un lead con teléfono: 933007522','{\"edad\": \"43\", \"email\": \"contacto.nuevo.7@empresaAldanaChavez2.com\", \"genero\": \"M\", \"telefono\": \"933007522\", \"direccion\": \"Santiago de Surco,Lima,Lima\", \"utm_medium\": \"cpc\", \"utm_source\": \"google\", \"utm_campaign\": \"promo_lanzamiento\", \"nombre_completo\": \"Ana Vargas - Import 7\"}','2025-11-23 18:01:00','2025-11-23 18:01:23'),(540,41,3,'DUPLICADO: Ya existe un lead con teléfono: 933008759','{\"edad\": \"29\", \"email\": \"contacto.nuevo.8@empresaAldanaChavez2.com\", \"genero\": \"M\", \"telefono\": \"933008759\", \"direccion\": \"San Isidro,Lima,Lima\", \"utm_medium\": \"cpc\", \"utm_source\": \"google\", \"utm_campaign\": \"black_friday\", \"nombre_completo\": \"Jorge Castillo - Import 8\"}','2025-11-23 18:01:00','2025-11-23 18:01:24'),(541,41,3,'DUPLICADO: Ya existe un lead con teléfono: 933009286','{\"edad\": \"46\", \"email\": \"contacto.nuevo.9@empresaAldanaChavez2.com\", \"genero\": \"F\", \"telefono\": \"933009286\", \"direccion\": \"San Isidro,Lima,Lima\", \"utm_medium\": \"cpc\", \"utm_source\": \"linkedin\", \"utm_campaign\": \"black_friday\", \"nombre_completo\": \"Ana Castillo - Import 9\"}','2025-11-23 18:01:00','2025-11-23 18:01:24'),(542,41,3,'DUPLICADO: Ya existe un lead con teléfono: 933010748','{\"edad\": \"44\", \"email\": \"contacto.nuevo.10@empresaAldanaChavez2.com\", \"genero\": \"F\", \"telefono\": \"933010748\", \"direccion\": \"Lince,Lima,Lima\", \"utm_medium\": \"cpc\", \"utm_source\": \"google\", \"utm_campaign\": \"verano_2025\", \"nombre_completo\": \"Pedro Vargas - Import 10\"}','2025-11-23 18:01:00','2025-11-23 18:01:24'),(543,42,3,'DUPLICADO: Ya existe un lead con teléfono: 933001150','{\"edad\": \"47\", \"email\": \"contacto.nuevo.1@empresaAldanaChavez2.com\", \"genero\": \"M\", \"telefono\": \"933001150\", \"direccion\": \"Miraflores,Lima,Lima\", \"utm_medium\": \"cpc\", \"utm_source\": \"instagram\", \"utm_campaign\": \"black_friday\", \"nombre_completo\": \"Luis Flores - Import 1\"}','2025-11-23 18:12:29','2025-11-23 18:12:53'),(544,42,3,'DUPLICADO: Ya existe un lead con teléfono: 933002245','{\"edad\": \"39\", \"email\": \"contacto.nuevo.2@empresaAldanaChavez2.com\", \"genero\": \"F\", \"telefono\": \"933002245\", \"direccion\": \"Lima,Lima,Lima\", \"utm_medium\": \"cpc\", \"utm_source\": \"facebook\", \"utm_campaign\": \"black_friday\", \"nombre_completo\": \"Carlos Soto - Import 2\"}','2025-11-23 18:12:30','2025-11-23 18:12:54'),(545,42,3,'DUPLICADO: Ya existe un lead con teléfono: 933003998','{\"edad\": \"49\", \"email\": \"contacto.nuevo.3@empresaAldanaChavez2.com\", \"genero\": \"M\", \"telefono\": \"933003998\", \"direccion\": \"Miraflores,Lima,Lima\", \"utm_medium\": \"cpc\", \"utm_source\": \"tiktok\", \"utm_campaign\": \"cyber_wow\", \"nombre_completo\": \"Miguel Rojas - Import 3\"}','2025-11-23 18:12:30','2025-11-23 18:12:54'),(546,42,3,'DUPLICADO: Ya existe un lead con teléfono: 933004990','{\"edad\": \"20\", \"email\": \"contacto.nuevo.4@empresaAldanaChavez2.com\", \"genero\": \"M\", \"telefono\": \"933004990\", \"direccion\": \"Miraflores,Lima,Lima\", \"utm_medium\": \"cpc\", \"utm_source\": \"linkedin\", \"utm_campaign\": \"cyber_wow\", \"nombre_completo\": \"Luis Ruiz - Import 4\"}','2025-11-23 18:12:30','2025-11-23 18:12:54'),(547,42,3,'DUPLICADO: Ya existe un lead con teléfono: 933005506','{\"edad\": \"59\", \"email\": \"contacto.nuevo.5@empresaAldanaChavez2.com\", \"genero\": \"F\", \"telefono\": \"933005506\", \"direccion\": \"Lima,Lima,Lima\", \"utm_medium\": \"cpc\", \"utm_source\": \"linkedin\", \"utm_campaign\": \"verano_2025\", \"nombre_completo\": \"Lucia Flores - Import 5\"}','2025-11-23 18:12:31','2025-11-23 18:12:55'),(548,42,3,'DUPLICADO: Ya existe un lead con teléfono: 933006303','{\"edad\": \"37\", \"email\": \"contacto.nuevo.6@empresaAldanaChavez2.com\", \"genero\": \"F\", \"telefono\": \"933006303\", \"direccion\": \"Lince,Lima,Lima\", \"utm_medium\": \"cpc\", \"utm_source\": \"linkedin\", \"utm_campaign\": \"cyber_wow\", \"nombre_completo\": \"Lucia Garcia - Import 6\"}','2025-11-23 18:12:31','2025-11-23 18:12:55'),(549,42,3,'DUPLICADO: Ya existe un lead con teléfono: 933007522','{\"edad\": \"43\", \"email\": \"contacto.nuevo.7@empresaAldanaChavez2.com\", \"genero\": \"M\", \"telefono\": \"933007522\", \"direccion\": \"Santiago de Surco,Lima,Lima\", \"utm_medium\": \"cpc\", \"utm_source\": \"google\", \"utm_campaign\": \"promo_lanzamiento\", \"nombre_completo\": \"Ana Vargas - Import 7\"}','2025-11-23 18:12:31','2025-11-23 18:12:55'),(550,42,3,'DUPLICADO: Ya existe un lead con teléfono: 933008759','{\"edad\": \"29\", \"email\": \"contacto.nuevo.8@empresaAldanaChavez2.com\", \"genero\": \"M\", \"telefono\": \"933008759\", \"direccion\": \"San Isidro,Lima,Lima\", \"utm_medium\": \"cpc\", \"utm_source\": \"google\", \"utm_campaign\": \"black_friday\", \"nombre_completo\": \"Jorge Castillo - Import 8\"}','2025-11-23 18:12:32','2025-11-23 18:12:56'),(551,42,3,'DUPLICADO: Ya existe un lead con teléfono: 933009286','{\"edad\": \"46\", \"email\": \"contacto.nuevo.9@empresaAldanaChavez2.com\", \"genero\": \"F\", \"telefono\": \"933009286\", \"direccion\": \"San Isidro,Lima,Lima\", \"utm_medium\": \"cpc\", \"utm_source\": \"linkedin\", \"utm_campaign\": \"black_friday\", \"nombre_completo\": \"Ana Castillo - Import 9\"}','2025-11-23 18:12:32','2025-11-23 18:12:56'),(552,42,3,'DUPLICADO: Ya existe un lead con teléfono: 933010748','{\"edad\": \"44\", \"email\": \"contacto.nuevo.10@empresaAldanaChavez2.com\", \"genero\": \"F\", \"telefono\": \"933010748\", \"direccion\": \"Lince,Lima,Lima\", \"utm_medium\": \"cpc\", \"utm_source\": \"google\", \"utm_campaign\": \"verano_2025\", \"nombre_completo\": \"Pedro Vargas - Import 10\"}','2025-11-23 18:12:32','2025-11-23 18:12:56'),(553,43,3,'DUPLICADO: Ya existe un lead con teléfono: 933001150','{\"edad\": \"47\", \"email\": \"contacto.nuevo.1@empresaAldanaChavez2.com\", \"genero\": \"M\", \"telefono\": \"933001150\", \"direccion\": \"Miraflores,Lima,Lima\", \"utm_medium\": \"cpc\", \"utm_source\": \"instagram\", \"utm_campaign\": \"black_friday\", \"nombre_completo\": \"Luis Flores - Import 1\"}','2025-11-23 18:17:04','2025-11-23 18:17:28'),(554,43,3,'DUPLICADO: Ya existe un lead con teléfono: 933002245','{\"edad\": \"39\", \"email\": \"contacto.nuevo.2@empresaAldanaChavez2.com\", \"genero\": \"F\", \"telefono\": \"933002245\", \"direccion\": \"Lima,Lima,Lima\", \"utm_medium\": \"cpc\", \"utm_source\": \"facebook\", \"utm_campaign\": \"black_friday\", \"nombre_completo\": \"Carlos Soto - Import 2\"}','2025-11-23 18:17:04','2025-11-23 18:17:28'),(555,43,3,'DUPLICADO: Ya existe un lead con teléfono: 933003998','{\"edad\": \"49\", \"email\": \"contacto.nuevo.3@empresaAldanaChavez2.com\", \"genero\": \"M\", \"telefono\": \"933003998\", \"direccion\": \"Miraflores,Lima,Lima\", \"utm_medium\": \"cpc\", \"utm_source\": \"tiktok\", \"utm_campaign\": \"cyber_wow\", \"nombre_completo\": \"Miguel Rojas - Import 3\"}','2025-11-23 18:17:04','2025-11-23 18:17:28'),(556,43,3,'DUPLICADO: Ya existe un lead con teléfono: 933004990','{\"edad\": \"20\", \"email\": \"contacto.nuevo.4@empresaAldanaChavez2.com\", \"genero\": \"M\", \"telefono\": \"933004990\", \"direccion\": \"Miraflores,Lima,Lima\", \"utm_medium\": \"cpc\", \"utm_source\": \"linkedin\", \"utm_campaign\": \"cyber_wow\", \"nombre_completo\": \"Luis Ruiz - Import 4\"}','2025-11-23 18:17:05','2025-11-23 18:17:29'),(557,43,3,'DUPLICADO: Ya existe un lead con teléfono: 933005506','{\"edad\": \"59\", \"email\": \"contacto.nuevo.5@empresaAldanaChavez2.com\", \"genero\": \"F\", \"telefono\": \"933005506\", \"direccion\": \"Lima,Lima,Lima\", \"utm_medium\": \"cpc\", \"utm_source\": \"linkedin\", \"utm_campaign\": \"verano_2025\", \"nombre_completo\": \"Lucia Flores - Import 5\"}','2025-11-23 18:17:05','2025-11-23 18:17:29'),(558,43,3,'DUPLICADO: Ya existe un lead con teléfono: 933006303','{\"edad\": \"37\", \"email\": \"contacto.nuevo.6@empresaAldanaChavez2.com\", \"genero\": \"F\", \"telefono\": \"933006303\", \"direccion\": \"Lince,Lima,Lima\", \"utm_medium\": \"cpc\", \"utm_source\": \"linkedin\", \"utm_campaign\": \"cyber_wow\", \"nombre_completo\": \"Lucia Garcia - Import 6\"}','2025-11-23 18:17:05','2025-11-23 18:17:29'),(559,43,3,'DUPLICADO: Ya existe un lead con teléfono: 933007522','{\"edad\": \"43\", \"email\": \"contacto.nuevo.7@empresaAldanaChavez2.com\", \"genero\": \"M\", \"telefono\": \"933007522\", \"direccion\": \"Santiago de Surco,Lima,Lima\", \"utm_medium\": \"cpc\", \"utm_source\": \"google\", \"utm_campaign\": \"promo_lanzamiento\", \"nombre_completo\": \"Ana Vargas - Import 7\"}','2025-11-23 18:17:06','2025-11-23 18:17:30'),(560,43,3,'DUPLICADO: Ya existe un lead con teléfono: 933008759','{\"edad\": \"29\", \"email\": \"contacto.nuevo.8@empresaAldanaChavez2.com\", \"genero\": \"M\", \"telefono\": \"933008759\", \"direccion\": \"San Isidro,Lima,Lima\", \"utm_medium\": \"cpc\", \"utm_source\": \"google\", \"utm_campaign\": \"black_friday\", \"nombre_completo\": \"Jorge Castillo - Import 8\"}','2025-11-23 18:17:06','2025-11-23 18:17:30'),(561,43,3,'DUPLICADO: Ya existe un lead con teléfono: 933009286','{\"edad\": \"46\", \"email\": \"contacto.nuevo.9@empresaAldanaChavez2.com\", \"genero\": \"F\", \"telefono\": \"933009286\", \"direccion\": \"San Isidro,Lima,Lima\", \"utm_medium\": \"cpc\", \"utm_source\": \"linkedin\", \"utm_campaign\": \"black_friday\", \"nombre_completo\": \"Ana Castillo - Import 9\"}','2025-11-23 18:17:06','2025-11-23 18:17:30'),(562,43,3,'DUPLICADO: Ya existe un lead con teléfono: 933010748','{\"edad\": \"44\", \"email\": \"contacto.nuevo.10@empresaAldanaChavez2.com\", \"genero\": \"F\", \"telefono\": \"933010748\", \"direccion\": \"Lince,Lima,Lima\", \"utm_medium\": \"cpc\", \"utm_source\": \"google\", \"utm_campaign\": \"verano_2025\", \"nombre_completo\": \"Pedro Vargas - Import 10\"}','2025-11-23 18:17:07','2025-11-23 18:17:31'),(563,44,3,'DUPLICADO: Ya existe un lead con teléfono: 933001150','{\"edad\": \"47\", \"email\": \"contacto.nuevo.1@empresaAldanaChavez2.com\", \"genero\": \"M\", \"telefono\": \"933001150\", \"direccion\": \"Miraflores,Lima,Lima\", \"utm_medium\": \"cpc\", \"utm_source\": \"instagram\", \"utm_campaign\": \"black_friday\", \"nombre_completo\": \"Luis Flores - Import 1\"}','2025-11-23 18:22:18','2025-11-23 18:22:42'),(564,44,3,'DUPLICADO: Ya existe un lead con teléfono: 933002245','{\"edad\": \"39\", \"email\": \"contacto.nuevo.2@empresaAldanaChavez2.com\", \"genero\": \"F\", \"telefono\": \"933002245\", \"direccion\": \"Lima,Lima,Lima\", \"utm_medium\": \"cpc\", \"utm_source\": \"facebook\", \"utm_campaign\": \"black_friday\", \"nombre_completo\": \"Carlos Soto - Import 2\"}','2025-11-23 18:22:18','2025-11-23 18:22:42'),(565,44,3,'DUPLICADO: Ya existe un lead con teléfono: 933003998','{\"edad\": \"49\", \"email\": \"contacto.nuevo.3@empresaAldanaChavez2.com\", \"genero\": \"M\", \"telefono\": \"933003998\", \"direccion\": \"Miraflores,Lima,Lima\", \"utm_medium\": \"cpc\", \"utm_source\": \"tiktok\", \"utm_campaign\": \"cyber_wow\", \"nombre_completo\": \"Miguel Rojas - Import 3\"}','2025-11-23 18:22:19','2025-11-23 18:22:43'),(566,44,3,'DUPLICADO: Ya existe un lead con teléfono: 933004990','{\"edad\": \"20\", \"email\": \"contacto.nuevo.4@empresaAldanaChavez2.com\", \"genero\": \"M\", \"telefono\": \"933004990\", \"direccion\": \"Miraflores,Lima,Lima\", \"utm_medium\": \"cpc\", \"utm_source\": \"linkedin\", \"utm_campaign\": \"cyber_wow\", \"nombre_completo\": \"Luis Ruiz - Import 4\"}','2025-11-23 18:22:19','2025-11-23 18:22:43'),(567,44,3,'DUPLICADO: Ya existe un lead con teléfono: 933005506','{\"edad\": \"59\", \"email\": \"contacto.nuevo.5@empresaAldanaChavez2.com\", \"genero\": \"F\", \"telefono\": \"933005506\", \"direccion\": \"Lima,Lima,Lima\", \"utm_medium\": \"cpc\", \"utm_source\": \"linkedin\", \"utm_campaign\": \"verano_2025\", \"nombre_completo\": \"Lucia Flores - Import 5\"}','2025-11-23 18:22:19','2025-11-23 18:22:43'),(568,44,3,'DUPLICADO: Ya existe un lead con teléfono: 933006303','{\"edad\": \"37\", \"email\": \"contacto.nuevo.6@empresaAldanaChavez2.com\", \"genero\": \"F\", \"telefono\": \"933006303\", \"direccion\": \"Lince,Lima,Lima\", \"utm_medium\": \"cpc\", \"utm_source\": \"linkedin\", \"utm_campaign\": \"cyber_wow\", \"nombre_completo\": \"Lucia Garcia - Import 6\"}','2025-11-23 18:22:20','2025-11-23 18:22:44'),(569,44,3,'DUPLICADO: Ya existe un lead con teléfono: 933007522','{\"edad\": \"43\", \"email\": \"contacto.nuevo.7@empresaAldanaChavez2.com\", \"genero\": \"M\", \"telefono\": \"933007522\", \"direccion\": \"Santiago de Surco,Lima,Lima\", \"utm_medium\": \"cpc\", \"utm_source\": \"google\", \"utm_campaign\": \"promo_lanzamiento\", \"nombre_completo\": \"Ana Vargas - Import 7\"}','2025-11-23 18:22:20','2025-11-23 18:22:44'),(570,44,3,'DUPLICADO: Ya existe un lead con teléfono: 933008759','{\"edad\": \"29\", \"email\": \"contacto.nuevo.8@empresaAldanaChavez2.com\", \"genero\": \"M\", \"telefono\": \"933008759\", \"direccion\": \"San Isidro,Lima,Lima\", \"utm_medium\": \"cpc\", \"utm_source\": \"google\", \"utm_campaign\": \"black_friday\", \"nombre_completo\": \"Jorge Castillo - Import 8\"}','2025-11-23 18:22:20','2025-11-23 18:22:44'),(571,44,3,'DUPLICADO: Ya existe un lead con teléfono: 933009286','{\"edad\": \"46\", \"email\": \"contacto.nuevo.9@empresaAldanaChavez2.com\", \"genero\": \"F\", \"telefono\": \"933009286\", \"direccion\": \"San Isidro,Lima,Lima\", \"utm_medium\": \"cpc\", \"utm_source\": \"linkedin\", \"utm_campaign\": \"black_friday\", \"nombre_completo\": \"Ana Castillo - Import 9\"}','2025-11-23 18:22:21','2025-11-23 18:22:45'),(572,44,3,'DUPLICADO: Ya existe un lead con teléfono: 933010748','{\"edad\": \"44\", \"email\": \"contacto.nuevo.10@empresaAldanaChavez2.com\", \"genero\": \"F\", \"telefono\": \"933010748\", \"direccion\": \"Lince,Lima,Lima\", \"utm_medium\": \"cpc\", \"utm_source\": \"google\", \"utm_campaign\": \"verano_2025\", \"nombre_completo\": \"Pedro Vargas - Import 10\"}','2025-11-23 18:22:21','2025-11-23 18:22:45'),(573,45,3,'DUPLICADO: Ya existe un lead con teléfono: 933001150','{\"edad\": \"47\", \"email\": \"contacto.nuevo.1@empresaAldanaChavez2.com\", \"genero\": \"M\", \"telefono\": \"933001150\", \"direccion\": \"Miraflores,Lima,Lima\", \"utm_medium\": \"cpc\", \"utm_source\": \"instagram\", \"utm_campaign\": \"black_friday\", \"nombre_completo\": \"Luis Flores - Import 1\"}','2025-11-23 18:38:18','2025-11-23 18:38:42'),(574,45,3,'DUPLICADO: Ya existe un lead con teléfono: 933002245','{\"edad\": \"39\", \"email\": \"contacto.nuevo.2@empresaAldanaChavez2.com\", \"genero\": \"F\", \"telefono\": \"933002245\", \"direccion\": \"Lima,Lima,Lima\", \"utm_medium\": \"cpc\", \"utm_source\": \"facebook\", \"utm_campaign\": \"black_friday\", \"nombre_completo\": \"Carlos Soto - Import 2\"}','2025-11-23 18:38:19','2025-11-23 18:38:43'),(575,45,3,'DUPLICADO: Ya existe un lead con teléfono: 933003998','{\"edad\": \"49\", \"email\": \"contacto.nuevo.3@empresaAldanaChavez2.com\", \"genero\": \"M\", \"telefono\": \"933003998\", \"direccion\": \"Miraflores,Lima,Lima\", \"utm_medium\": \"cpc\", \"utm_source\": \"tiktok\", \"utm_campaign\": \"cyber_wow\", \"nombre_completo\": \"Miguel Rojas - Import 3\"}','2025-11-23 18:38:19','2025-11-23 18:38:43'),(576,45,3,'DUPLICADO: Ya existe un lead con teléfono: 933004990','{\"edad\": \"20\", \"email\": \"contacto.nuevo.4@empresaAldanaChavez2.com\", \"genero\": \"M\", \"telefono\": \"933004990\", \"direccion\": \"Miraflores,Lima,Lima\", \"utm_medium\": \"cpc\", \"utm_source\": \"linkedin\", \"utm_campaign\": \"cyber_wow\", \"nombre_completo\": \"Luis Ruiz - Import 4\"}','2025-11-23 18:38:19','2025-11-23 18:38:43'),(577,45,3,'DUPLICADO: Ya existe un lead con teléfono: 933005506','{\"edad\": \"59\", \"email\": \"contacto.nuevo.5@empresaAldanaChavez2.com\", \"genero\": \"F\", \"telefono\": \"933005506\", \"direccion\": \"Lima,Lima,Lima\", \"utm_medium\": \"cpc\", \"utm_source\": \"linkedin\", \"utm_campaign\": \"verano_2025\", \"nombre_completo\": \"Lucia Flores - Import 5\"}','2025-11-23 18:38:20','2025-11-23 18:38:44'),(578,45,3,'DUPLICADO: Ya existe un lead con teléfono: 933006303','{\"edad\": \"37\", \"email\": \"contacto.nuevo.6@empresaAldanaChavez2.com\", \"genero\": \"F\", \"telefono\": \"933006303\", \"direccion\": \"Lince,Lima,Lima\", \"utm_medium\": \"cpc\", \"utm_source\": \"linkedin\", \"utm_campaign\": \"cyber_wow\", \"nombre_completo\": \"Lucia Garcia - Import 6\"}','2025-11-23 18:38:20','2025-11-23 18:38:44'),(579,45,3,'DUPLICADO: Ya existe un lead con teléfono: 933007522','{\"edad\": \"43\", \"email\": \"contacto.nuevo.7@empresaAldanaChavez2.com\", \"genero\": \"M\", \"telefono\": \"933007522\", \"direccion\": \"Santiago de Surco,Lima,Lima\", \"utm_medium\": \"cpc\", \"utm_source\": \"google\", \"utm_campaign\": \"promo_lanzamiento\", \"nombre_completo\": \"Ana Vargas - Import 7\"}','2025-11-23 18:38:20','2025-11-23 18:38:44'),(580,45,3,'DUPLICADO: Ya existe un lead con teléfono: 933008759','{\"edad\": \"29\", \"email\": \"contacto.nuevo.8@empresaAldanaChavez2.com\", \"genero\": \"M\", \"telefono\": \"933008759\", \"direccion\": \"San Isidro,Lima,Lima\", \"utm_medium\": \"cpc\", \"utm_source\": \"google\", \"utm_campaign\": \"black_friday\", \"nombre_completo\": \"Jorge Castillo - Import 8\"}','2025-11-23 18:38:21','2025-11-23 18:38:45'),(581,45,3,'DUPLICADO: Ya existe un lead con teléfono: 933009286','{\"edad\": \"46\", \"email\": \"contacto.nuevo.9@empresaAldanaChavez2.com\", \"genero\": \"F\", \"telefono\": \"933009286\", \"direccion\": \"San Isidro,Lima,Lima\", \"utm_medium\": \"cpc\", \"utm_source\": \"linkedin\", \"utm_campaign\": \"black_friday\", \"nombre_completo\": \"Ana Castillo - Import 9\"}','2025-11-23 18:38:21','2025-11-23 18:38:45'),(582,45,3,'DUPLICADO: Ya existe un lead con teléfono: 933010748','{\"edad\": \"44\", \"email\": \"contacto.nuevo.10@empresaAldanaChavez2.com\", \"genero\": \"F\", \"telefono\": \"933010748\", \"direccion\": \"Lince,Lima,Lima\", \"utm_medium\": \"cpc\", \"utm_source\": \"google\", \"utm_campaign\": \"verano_2025\", \"nombre_completo\": \"Pedro Vargas - Import 10\"}','2025-11-23 18:38:21','2025-11-23 18:38:45'),(583,46,3,'DUPLICADO: Ya existe un lead con teléfono: 933001150','{\"edad\": \"47\", \"email\": \"contacto.nuevo.1@empresaAldanaChavez2.com\", \"genero\": \"M\", \"telefono\": \"933001150\", \"direccion\": \"Miraflores,Lima,Lima\", \"utm_medium\": \"cpc\", \"utm_source\": \"instagram\", \"utm_campaign\": \"black_friday\", \"nombre_completo\": \"Luis Flores - Import 1\"}','2025-11-23 19:26:17','2025-11-23 19:26:41'),(584,46,3,'DUPLICADO: Ya existe un lead con teléfono: 933002245','{\"edad\": \"39\", \"email\": \"contacto.nuevo.2@empresaAldanaChavez2.com\", \"genero\": \"F\", \"telefono\": \"933002245\", \"direccion\": \"Lima,Lima,Lima\", \"utm_medium\": \"cpc\", \"utm_source\": \"facebook\", \"utm_campaign\": \"black_friday\", \"nombre_completo\": \"Carlos Soto - Import 2\"}','2025-11-23 19:26:18','2025-11-23 19:26:42'),(585,46,3,'DUPLICADO: Ya existe un lead con teléfono: 933003998','{\"edad\": \"49\", \"email\": \"contacto.nuevo.3@empresaAldanaChavez2.com\", \"genero\": \"M\", \"telefono\": \"933003998\", \"direccion\": \"Miraflores,Lima,Lima\", \"utm_medium\": \"cpc\", \"utm_source\": \"tiktok\", \"utm_campaign\": \"cyber_wow\", \"nombre_completo\": \"Miguel Rojas - Import 3\"}','2025-11-23 19:26:18','2025-11-23 19:26:42'),(586,46,3,'DUPLICADO: Ya existe un lead con teléfono: 933004990','{\"edad\": \"20\", \"email\": \"contacto.nuevo.4@empresaAldanaChavez2.com\", \"genero\": \"M\", \"telefono\": \"933004990\", \"direccion\": \"Miraflores,Lima,Lima\", \"utm_medium\": \"cpc\", \"utm_source\": \"linkedin\", \"utm_campaign\": \"cyber_wow\", \"nombre_completo\": \"Luis Ruiz - Import 4\"}','2025-11-23 19:26:18','2025-11-23 19:26:42'),(587,46,3,'DUPLICADO: Ya existe un lead con teléfono: 933005506','{\"edad\": \"59\", \"email\": \"contacto.nuevo.5@empresaAldanaChavez2.com\", \"genero\": \"F\", \"telefono\": \"933005506\", \"direccion\": \"Lima,Lima,Lima\", \"utm_medium\": \"cpc\", \"utm_source\": \"linkedin\", \"utm_campaign\": \"verano_2025\", \"nombre_completo\": \"Lucia Flores - Import 5\"}','2025-11-23 19:26:19','2025-11-23 19:26:43'),(588,46,3,'DUPLICADO: Ya existe un lead con teléfono: 933006303','{\"edad\": \"37\", \"email\": \"contacto.nuevo.6@empresaAldanaChavez2.com\", \"genero\": \"F\", \"telefono\": \"933006303\", \"direccion\": \"Lince,Lima,Lima\", \"utm_medium\": \"cpc\", \"utm_source\": \"linkedin\", \"utm_campaign\": \"cyber_wow\", \"nombre_completo\": \"Lucia Garcia - Import 6\"}','2025-11-23 19:26:19','2025-11-23 19:26:43'),(589,46,3,'DUPLICADO: Ya existe un lead con teléfono: 933007522','{\"edad\": \"43\", \"email\": \"contacto.nuevo.7@empresaAldanaChavez2.com\", \"genero\": \"M\", \"telefono\": \"933007522\", \"direccion\": \"Santiago de Surco,Lima,Lima\", \"utm_medium\": \"cpc\", \"utm_source\": \"google\", \"utm_campaign\": \"promo_lanzamiento\", \"nombre_completo\": \"Ana Vargas - Import 7\"}','2025-11-23 19:26:19','2025-11-23 19:26:43'),(590,46,3,'DUPLICADO: Ya existe un lead con teléfono: 933008759','{\"edad\": \"29\", \"email\": \"contacto.nuevo.8@empresaAldanaChavez2.com\", \"genero\": \"M\", \"telefono\": \"933008759\", \"direccion\": \"San Isidro,Lima,Lima\", \"utm_medium\": \"cpc\", \"utm_source\": \"google\", \"utm_campaign\": \"black_friday\", \"nombre_completo\": \"Jorge Castillo - Import 8\"}','2025-11-23 19:26:20','2025-11-23 19:26:44'),(591,46,3,'DUPLICADO: Ya existe un lead con teléfono: 933009286','{\"edad\": \"46\", \"email\": \"contacto.nuevo.9@empresaAldanaChavez2.com\", \"genero\": \"F\", \"telefono\": \"933009286\", \"direccion\": \"San Isidro,Lima,Lima\", \"utm_medium\": \"cpc\", \"utm_source\": \"linkedin\", \"utm_campaign\": \"black_friday\", \"nombre_completo\": \"Ana Castillo - Import 9\"}','2025-11-23 19:26:20','2025-11-23 19:26:44'),(592,46,3,'DUPLICADO: Ya existe un lead con teléfono: 933010748','{\"edad\": \"44\", \"email\": \"contacto.nuevo.10@empresaAldanaChavez2.com\", \"genero\": \"F\", \"telefono\": \"933010748\", \"direccion\": \"Lince,Lima,Lima\", \"utm_medium\": \"cpc\", \"utm_source\": \"google\", \"utm_campaign\": \"verano_2025\", \"nombre_completo\": \"Pedro Vargas - Import 10\"}','2025-11-23 19:26:20','2025-11-23 19:26:44'),(593,47,3,'DUPLICADO: Ya existe un lead con teléfono: 933001150','{\"edad\": \"47\", \"email\": \"contacto.nuevo.1@empresaAldanaChavez2.com\", \"genero\": \"M\", \"telefono\": \"933001150\", \"direccion\": \"Miraflores,Lima,Lima\", \"utm_medium\": \"cpc\", \"utm_source\": \"instagram\", \"utm_campaign\": \"black_friday\", \"nombre_completo\": \"Luis Flores - Import 1\"}','2025-12-04 05:07:20','2025-12-04 05:07:44'),(594,47,3,'DUPLICADO: Ya existe un lead con teléfono: 933002245','{\"edad\": \"39\", \"email\": \"contacto.nuevo.2@empresaAldanaChavez2.com\", \"genero\": \"F\", \"telefono\": \"933002245\", \"direccion\": \"Lima,Lima,Lima\", \"utm_medium\": \"cpc\", \"utm_source\": \"facebook\", \"utm_campaign\": \"black_friday\", \"nombre_completo\": \"Carlos Soto - Import 2\"}','2025-12-04 05:07:20','2025-12-04 05:07:44'),(595,47,3,'DUPLICADO: Ya existe un lead con teléfono: 933003998','{\"edad\": \"49\", \"email\": \"contacto.nuevo.3@empresaAldanaChavez2.com\", \"genero\": \"M\", \"telefono\": \"933003998\", \"direccion\": \"Miraflores,Lima,Lima\", \"utm_medium\": \"cpc\", \"utm_source\": \"tiktok\", \"utm_campaign\": \"cyber_wow\", \"nombre_completo\": \"Miguel Rojas - Import 3\"}','2025-12-04 05:07:20','2025-12-04 05:07:45'),(596,47,3,'DUPLICADO: Ya existe un lead con teléfono: 933004990','{\"edad\": \"20\", \"email\": \"contacto.nuevo.4@empresaAldanaChavez2.com\", \"genero\": \"M\", \"telefono\": \"933004990\", \"direccion\": \"Miraflores,Lima,Lima\", \"utm_medium\": \"cpc\", \"utm_source\": \"linkedin\", \"utm_campaign\": \"cyber_wow\", \"nombre_completo\": \"Luis Ruiz - Import 4\"}','2025-12-04 05:07:21','2025-12-04 05:07:45'),(597,47,3,'DUPLICADO: Ya existe un lead con teléfono: 933005506','{\"edad\": \"59\", \"email\": \"contacto.nuevo.5@empresaAldanaChavez2.com\", \"genero\": \"F\", \"telefono\": \"933005506\", \"direccion\": \"Lima,Lima,Lima\", \"utm_medium\": \"cpc\", \"utm_source\": \"linkedin\", \"utm_campaign\": \"verano_2025\", \"nombre_completo\": \"Lucia Flores - Import 5\"}','2025-12-04 05:07:21','2025-12-04 05:07:45'),(598,47,3,'DUPLICADO: Ya existe un lead con teléfono: 933006303','{\"edad\": \"37\", \"email\": \"contacto.nuevo.6@empresaAldanaChavez2.com\", \"genero\": \"F\", \"telefono\": \"933006303\", \"direccion\": \"Lince,Lima,Lima\", \"utm_medium\": \"cpc\", \"utm_source\": \"linkedin\", \"utm_campaign\": \"cyber_wow\", \"nombre_completo\": \"Lucia Garcia - Import 6\"}','2025-12-04 05:07:21','2025-12-04 05:07:46'),(599,47,3,'DUPLICADO: Ya existe un lead con teléfono: 933007522','{\"edad\": \"43\", \"email\": \"contacto.nuevo.7@empresaAldanaChavez2.com\", \"genero\": \"M\", \"telefono\": \"933007522\", \"direccion\": \"Santiago de Surco,Lima,Lima\", \"utm_medium\": \"cpc\", \"utm_source\": \"google\", \"utm_campaign\": \"promo_lanzamiento\", \"nombre_completo\": \"Ana Vargas - Import 7\"}','2025-12-04 05:07:22','2025-12-04 05:07:46'),(600,47,3,'DUPLICADO: Ya existe un lead con teléfono: 933008759','{\"edad\": \"29\", \"email\": \"contacto.nuevo.8@empresaAldanaChavez2.com\", \"genero\": \"M\", \"telefono\": \"933008759\", \"direccion\": \"San Isidro,Lima,Lima\", \"utm_medium\": \"cpc\", \"utm_source\": \"google\", \"utm_campaign\": \"black_friday\", \"nombre_completo\": \"Jorge Castillo - Import 8\"}','2025-12-04 05:07:22','2025-12-04 05:07:46'),(601,47,3,'DUPLICADO: Ya existe un lead con teléfono: 933009286','{\"edad\": \"46\", \"email\": \"contacto.nuevo.9@empresaAldanaChavez2.com\", \"genero\": \"F\", \"telefono\": \"933009286\", \"direccion\": \"San Isidro,Lima,Lima\", \"utm_medium\": \"cpc\", \"utm_source\": \"linkedin\", \"utm_campaign\": \"black_friday\", \"nombre_completo\": \"Ana Castillo - Import 9\"}','2025-12-04 05:07:22','2025-12-04 05:07:47'),(602,47,3,'DUPLICADO: Ya existe un lead con teléfono: 933010748','{\"edad\": \"44\", \"email\": \"contacto.nuevo.10@empresaAldanaChavez2.com\", \"genero\": \"F\", \"telefono\": \"933010748\", \"direccion\": \"Lince,Lima,Lima\", \"utm_medium\": \"cpc\", \"utm_source\": \"google\", \"utm_campaign\": \"verano_2025\", \"nombre_completo\": \"Pedro Vargas - Import 10\"}','2025-12-04 05:07:23','2025-12-04 05:07:47'),(603,48,3,'DUPLICADO: Ya existe un lead con teléfono: 933001150','{\"edad\": \"47\", \"email\": \"contacto.nuevo.1@empresaAldanaChavez2.com\", \"genero\": \"M\", \"telefono\": \"933001150\", \"direccion\": \"Miraflores,Lima,Lima\", \"utm_medium\": \"cpc\", \"utm_source\": \"instagram\", \"utm_campaign\": \"black_friday\", \"nombre_completo\": \"Luis Flores - Import 1\"}','2025-12-04 05:09:44','2025-12-04 05:10:09'),(604,48,3,'DUPLICADO: Ya existe un lead con teléfono: 933002245','{\"edad\": \"39\", \"email\": \"contacto.nuevo.2@empresaAldanaChavez2.com\", \"genero\": \"F\", \"telefono\": \"933002245\", \"direccion\": \"Lima,Lima,Lima\", \"utm_medium\": \"cpc\", \"utm_source\": \"facebook\", \"utm_campaign\": \"black_friday\", \"nombre_completo\": \"Carlos Soto - Import 2\"}','2025-12-04 05:09:45','2025-12-04 05:10:09'),(605,48,3,'DUPLICADO: Ya existe un lead con teléfono: 933003998','{\"edad\": \"49\", \"email\": \"contacto.nuevo.3@empresaAldanaChavez2.com\", \"genero\": \"M\", \"telefono\": \"933003998\", \"direccion\": \"Miraflores,Lima,Lima\", \"utm_medium\": \"cpc\", \"utm_source\": \"tiktok\", \"utm_campaign\": \"cyber_wow\", \"nombre_completo\": \"Miguel Rojas - Import 3\"}','2025-12-04 05:09:45','2025-12-04 05:10:09'),(606,48,3,'DUPLICADO: Ya existe un lead con teléfono: 933004990','{\"edad\": \"20\", \"email\": \"contacto.nuevo.4@empresaAldanaChavez2.com\", \"genero\": \"M\", \"telefono\": \"933004990\", \"direccion\": \"Miraflores,Lima,Lima\", \"utm_medium\": \"cpc\", \"utm_source\": \"linkedin\", \"utm_campaign\": \"cyber_wow\", \"nombre_completo\": \"Luis Ruiz - Import 4\"}','2025-12-04 05:09:45','2025-12-04 05:10:10'),(607,48,3,'DUPLICADO: Ya existe un lead con teléfono: 933005506','{\"edad\": \"59\", \"email\": \"contacto.nuevo.5@empresaAldanaChavez2.com\", \"genero\": \"F\", \"telefono\": \"933005506\", \"direccion\": \"Lima,Lima,Lima\", \"utm_medium\": \"cpc\", \"utm_source\": \"linkedin\", \"utm_campaign\": \"verano_2025\", \"nombre_completo\": \"Lucia Flores - Import 5\"}','2025-12-04 05:09:46','2025-12-04 05:10:10'),(608,48,3,'DUPLICADO: Ya existe un lead con teléfono: 933006303','{\"edad\": \"37\", \"email\": \"contacto.nuevo.6@empresaAldanaChavez2.com\", \"genero\": \"F\", \"telefono\": \"933006303\", \"direccion\": \"Lince,Lima,Lima\", \"utm_medium\": \"cpc\", \"utm_source\": \"linkedin\", \"utm_campaign\": \"cyber_wow\", \"nombre_completo\": \"Lucia Garcia - Import 6\"}','2025-12-04 05:09:46','2025-12-04 05:10:10'),(609,48,3,'DUPLICADO: Ya existe un lead con teléfono: 933007522','{\"edad\": \"43\", \"email\": \"contacto.nuevo.7@empresaAldanaChavez2.com\", \"genero\": \"M\", \"telefono\": \"933007522\", \"direccion\": \"Santiago de Surco,Lima,Lima\", \"utm_medium\": \"cpc\", \"utm_source\": \"google\", \"utm_campaign\": \"promo_lanzamiento\", \"nombre_completo\": \"Ana Vargas - Import 7\"}','2025-12-04 05:09:46','2025-12-04 05:10:11'),(610,48,3,'DUPLICADO: Ya existe un lead con teléfono: 933008759','{\"edad\": \"29\", \"email\": \"contacto.nuevo.8@empresaAldanaChavez2.com\", \"genero\": \"M\", \"telefono\": \"933008759\", \"direccion\": \"San Isidro,Lima,Lima\", \"utm_medium\": \"cpc\", \"utm_source\": \"google\", \"utm_campaign\": \"black_friday\", \"nombre_completo\": \"Jorge Castillo - Import 8\"}','2025-12-04 05:09:47','2025-12-04 05:10:11'),(611,48,3,'DUPLICADO: Ya existe un lead con teléfono: 933009286','{\"edad\": \"46\", \"email\": \"contacto.nuevo.9@empresaAldanaChavez2.com\", \"genero\": \"F\", \"telefono\": \"933009286\", \"direccion\": \"San Isidro,Lima,Lima\", \"utm_medium\": \"cpc\", \"utm_source\": \"linkedin\", \"utm_campaign\": \"black_friday\", \"nombre_completo\": \"Ana Castillo - Import 9\"}','2025-12-04 05:09:47','2025-12-04 05:10:11'),(612,48,3,'DUPLICADO: Ya existe un lead con teléfono: 933010748','{\"edad\": \"44\", \"email\": \"contacto.nuevo.10@empresaAldanaChavez2.com\", \"genero\": \"F\", \"telefono\": \"933010748\", \"direccion\": \"Lince,Lima,Lima\", \"utm_medium\": \"cpc\", \"utm_source\": \"google\", \"utm_campaign\": \"verano_2025\", \"nombre_completo\": \"Pedro Vargas - Import 10\"}','2025-12-04 05:09:47','2025-12-04 05:10:11'),(613,49,3,'DUPLICADO: Ya existe un lead con teléfono: 933001150','{\"edad\": \"47\", \"email\": \"contacto.nuevo.1@empresaAldanaChavez2.com\", \"genero\": \"M\", \"telefono\": \"933001150\", \"direccion\": \"Miraflores,Lima,Lima\", \"utm_medium\": \"cpc\", \"utm_source\": \"instagram\", \"utm_campaign\": \"black_friday\", \"nombre_completo\": \"Luis Flores - Import 1\"}','2025-12-04 05:16:57','2025-12-04 05:17:22'),(614,49,3,'DUPLICADO: Ya existe un lead con teléfono: 933002245','{\"edad\": \"39\", \"email\": \"contacto.nuevo.2@empresaAldanaChavez2.com\", \"genero\": \"F\", \"telefono\": \"933002245\", \"direccion\": \"Lima,Lima,Lima\", \"utm_medium\": \"cpc\", \"utm_source\": \"facebook\", \"utm_campaign\": \"black_friday\", \"nombre_completo\": \"Carlos Soto - Import 2\"}','2025-12-04 05:16:58','2025-12-04 05:17:22'),(615,49,3,'DUPLICADO: Ya existe un lead con teléfono: 933003998','{\"edad\": \"49\", \"email\": \"contacto.nuevo.3@empresaAldanaChavez2.com\", \"genero\": \"M\", \"telefono\": \"933003998\", \"direccion\": \"Miraflores,Lima,Lima\", \"utm_medium\": \"cpc\", \"utm_source\": \"tiktok\", \"utm_campaign\": \"cyber_wow\", \"nombre_completo\": \"Miguel Rojas - Import 3\"}','2025-12-04 05:16:58','2025-12-04 05:17:22'),(616,49,3,'DUPLICADO: Ya existe un lead con teléfono: 933004990','{\"edad\": \"20\", \"email\": \"contacto.nuevo.4@empresaAldanaChavez2.com\", \"genero\": \"M\", \"telefono\": \"933004990\", \"direccion\": \"Miraflores,Lima,Lima\", \"utm_medium\": \"cpc\", \"utm_source\": \"linkedin\", \"utm_campaign\": \"cyber_wow\", \"nombre_completo\": \"Luis Ruiz - Import 4\"}','2025-12-04 05:16:58','2025-12-04 05:17:23'),(617,49,3,'DUPLICADO: Ya existe un lead con teléfono: 933005506','{\"edad\": \"59\", \"email\": \"contacto.nuevo.5@empresaAldanaChavez2.com\", \"genero\": \"F\", \"telefono\": \"933005506\", \"direccion\": \"Lima,Lima,Lima\", \"utm_medium\": \"cpc\", \"utm_source\": \"linkedin\", \"utm_campaign\": \"verano_2025\", \"nombre_completo\": \"Lucia Flores - Import 5\"}','2025-12-04 05:16:59','2025-12-04 05:17:23'),(618,49,3,'DUPLICADO: Ya existe un lead con teléfono: 933006303','{\"edad\": \"37\", \"email\": \"contacto.nuevo.6@empresaAldanaChavez2.com\", \"genero\": \"F\", \"telefono\": \"933006303\", \"direccion\": \"Lince,Lima,Lima\", \"utm_medium\": \"cpc\", \"utm_source\": \"linkedin\", \"utm_campaign\": \"cyber_wow\", \"nombre_completo\": \"Lucia Garcia - Import 6\"}','2025-12-04 05:16:59','2025-12-04 05:17:23'),(619,49,3,'DUPLICADO: Ya existe un lead con teléfono: 933007522','{\"edad\": \"43\", \"email\": \"contacto.nuevo.7@empresaAldanaChavez2.com\", \"genero\": \"M\", \"telefono\": \"933007522\", \"direccion\": \"Santiago de Surco,Lima,Lima\", \"utm_medium\": \"cpc\", \"utm_source\": \"google\", \"utm_campaign\": \"promo_lanzamiento\", \"nombre_completo\": \"Ana Vargas - Import 7\"}','2025-12-04 05:16:59','2025-12-04 05:17:24'),(620,49,3,'DUPLICADO: Ya existe un lead con teléfono: 933008759','{\"edad\": \"29\", \"email\": \"contacto.nuevo.8@empresaAldanaChavez2.com\", \"genero\": \"M\", \"telefono\": \"933008759\", \"direccion\": \"San Isidro,Lima,Lima\", \"utm_medium\": \"cpc\", \"utm_source\": \"google\", \"utm_campaign\": \"black_friday\", \"nombre_completo\": \"Jorge Castillo - Import 8\"}','2025-12-04 05:17:00','2025-12-04 05:17:24'),(621,49,3,'DUPLICADO: Ya existe un lead con teléfono: 933009286','{\"edad\": \"46\", \"email\": \"contacto.nuevo.9@empresaAldanaChavez2.com\", \"genero\": \"F\", \"telefono\": \"933009286\", \"direccion\": \"San Isidro,Lima,Lima\", \"utm_medium\": \"cpc\", \"utm_source\": \"linkedin\", \"utm_campaign\": \"black_friday\", \"nombre_completo\": \"Ana Castillo - Import 9\"}','2025-12-04 05:17:00','2025-12-04 05:17:24'),(622,49,3,'DUPLICADO: Ya existe un lead con teléfono: 933010748','{\"edad\": \"44\", \"email\": \"contacto.nuevo.10@empresaAldanaChavez2.com\", \"genero\": \"F\", \"telefono\": \"933010748\", \"direccion\": \"Lince,Lima,Lima\", \"utm_medium\": \"cpc\", \"utm_source\": \"google\", \"utm_campaign\": \"verano_2025\", \"nombre_completo\": \"Pedro Vargas - Import 10\"}','2025-12-04 05:17:00','2025-12-04 05:17:25'),(623,50,3,'DUPLICADO: Ya existe un lead con teléfono: 933001150','{\"edad\": \"47\", \"email\": \"contacto.nuevo.1@empresaAldanaChavez2.com\", \"genero\": \"M\", \"telefono\": \"933001150\", \"direccion\": \"Miraflores,Lima,Lima\", \"utm_medium\": \"cpc\", \"utm_source\": \"instagram\", \"utm_campaign\": \"black_friday\", \"nombre_completo\": \"Luis Flores - Import 1\"}','2025-12-04 05:25:11','2025-12-04 05:25:36'),(624,50,3,'DUPLICADO: Ya existe un lead con teléfono: 933002245','{\"edad\": \"39\", \"email\": \"contacto.nuevo.2@empresaAldanaChavez2.com\", \"genero\": \"F\", \"telefono\": \"933002245\", \"direccion\": \"Lima,Lima,Lima\", \"utm_medium\": \"cpc\", \"utm_source\": \"facebook\", \"utm_campaign\": \"black_friday\", \"nombre_completo\": \"Carlos Soto - Import 2\"}','2025-12-04 05:25:12','2025-12-04 05:25:36'),(625,50,3,'DUPLICADO: Ya existe un lead con teléfono: 933003998','{\"edad\": \"49\", \"email\": \"contacto.nuevo.3@empresaAldanaChavez2.com\", \"genero\": \"M\", \"telefono\": \"933003998\", \"direccion\": \"Miraflores,Lima,Lima\", \"utm_medium\": \"cpc\", \"utm_source\": \"tiktok\", \"utm_campaign\": \"cyber_wow\", \"nombre_completo\": \"Miguel Rojas - Import 3\"}','2025-12-04 05:25:12','2025-12-04 05:25:36'),(626,50,3,'DUPLICADO: Ya existe un lead con teléfono: 933004990','{\"edad\": \"20\", \"email\": \"contacto.nuevo.4@empresaAldanaChavez2.com\", \"genero\": \"M\", \"telefono\": \"933004990\", \"direccion\": \"Miraflores,Lima,Lima\", \"utm_medium\": \"cpc\", \"utm_source\": \"linkedin\", \"utm_campaign\": \"cyber_wow\", \"nombre_completo\": \"Luis Ruiz - Import 4\"}','2025-12-04 05:25:12','2025-12-04 05:25:37'),(627,50,3,'DUPLICADO: Ya existe un lead con teléfono: 933005506','{\"edad\": \"59\", \"email\": \"contacto.nuevo.5@empresaAldanaChavez2.com\", \"genero\": \"F\", \"telefono\": \"933005506\", \"direccion\": \"Lima,Lima,Lima\", \"utm_medium\": \"cpc\", \"utm_source\": \"linkedin\", \"utm_campaign\": \"verano_2025\", \"nombre_completo\": \"Lucia Flores - Import 5\"}','2025-12-04 05:25:13','2025-12-04 05:25:37'),(628,50,3,'DUPLICADO: Ya existe un lead con teléfono: 933006303','{\"edad\": \"37\", \"email\": \"contacto.nuevo.6@empresaAldanaChavez2.com\", \"genero\": \"F\", \"telefono\": \"933006303\", \"direccion\": \"Lince,Lima,Lima\", \"utm_medium\": \"cpc\", \"utm_source\": \"linkedin\", \"utm_campaign\": \"cyber_wow\", \"nombre_completo\": \"Lucia Garcia - Import 6\"}','2025-12-04 05:25:13','2025-12-04 05:25:37'),(629,50,3,'DUPLICADO: Ya existe un lead con teléfono: 933007522','{\"edad\": \"43\", \"email\": \"contacto.nuevo.7@empresaAldanaChavez2.com\", \"genero\": \"M\", \"telefono\": \"933007522\", \"direccion\": \"Santiago de Surco,Lima,Lima\", \"utm_medium\": \"cpc\", \"utm_source\": \"google\", \"utm_campaign\": \"promo_lanzamiento\", \"nombre_completo\": \"Ana Vargas - Import 7\"}','2025-12-04 05:25:13','2025-12-04 05:25:38'),(630,50,3,'DUPLICADO: Ya existe un lead con teléfono: 933008759','{\"edad\": \"29\", \"email\": \"contacto.nuevo.8@empresaAldanaChavez2.com\", \"genero\": \"M\", \"telefono\": \"933008759\", \"direccion\": \"San Isidro,Lima,Lima\", \"utm_medium\": \"cpc\", \"utm_source\": \"google\", \"utm_campaign\": \"black_friday\", \"nombre_completo\": \"Jorge Castillo - Import 8\"}','2025-12-04 05:25:14','2025-12-04 05:25:38'),(631,50,3,'DUPLICADO: Ya existe un lead con teléfono: 933009286','{\"edad\": \"46\", \"email\": \"contacto.nuevo.9@empresaAldanaChavez2.com\", \"genero\": \"F\", \"telefono\": \"933009286\", \"direccion\": \"San Isidro,Lima,Lima\", \"utm_medium\": \"cpc\", \"utm_source\": \"linkedin\", \"utm_campaign\": \"black_friday\", \"nombre_completo\": \"Ana Castillo - Import 9\"}','2025-12-04 05:25:14','2025-12-04 05:25:38'),(632,50,3,'DUPLICADO: Ya existe un lead con teléfono: 933010748','{\"edad\": \"44\", \"email\": \"contacto.nuevo.10@empresaAldanaChavez2.com\", \"genero\": \"F\", \"telefono\": \"933010748\", \"direccion\": \"Lince,Lima,Lima\", \"utm_medium\": \"cpc\", \"utm_source\": \"google\", \"utm_campaign\": \"verano_2025\", \"nombre_completo\": \"Pedro Vargas - Import 10\"}','2025-12-04 05:25:14','2025-12-04 05:25:39'),(633,51,3,'DUPLICADO: Ya existe un lead con teléfono: 933001150','{\"edad\": \"47\", \"email\": \"contacto.nuevo.1@empresaAldanaChavez2.com\", \"genero\": \"M\", \"telefono\": \"933001150\", \"direccion\": \"Miraflores,Lima,Lima\", \"utm_medium\": \"cpc\", \"utm_source\": \"instagram\", \"utm_campaign\": \"black_friday\", \"nombre_completo\": \"Luis Flores - Import 1\"}','2025-12-04 05:33:39','2025-12-04 05:34:03'),(634,51,3,'DUPLICADO: Ya existe un lead con teléfono: 933002245','{\"edad\": \"39\", \"email\": \"contacto.nuevo.2@empresaAldanaChavez2.com\", \"genero\": \"F\", \"telefono\": \"933002245\", \"direccion\": \"Lima,Lima,Lima\", \"utm_medium\": \"cpc\", \"utm_source\": \"facebook\", \"utm_campaign\": \"black_friday\", \"nombre_completo\": \"Carlos Soto - Import 2\"}','2025-12-04 05:33:39','2025-12-04 05:34:04'),(635,51,3,'DUPLICADO: Ya existe un lead con teléfono: 933003998','{\"edad\": \"49\", \"email\": \"contacto.nuevo.3@empresaAldanaChavez2.com\", \"genero\": \"M\", \"telefono\": \"933003998\", \"direccion\": \"Miraflores,Lima,Lima\", \"utm_medium\": \"cpc\", \"utm_source\": \"tiktok\", \"utm_campaign\": \"cyber_wow\", \"nombre_completo\": \"Miguel Rojas - Import 3\"}','2025-12-04 05:33:40','2025-12-04 05:34:04'),(636,51,3,'DUPLICADO: Ya existe un lead con teléfono: 933004990','{\"edad\": \"20\", \"email\": \"contacto.nuevo.4@empresaAldanaChavez2.com\", \"genero\": \"M\", \"telefono\": \"933004990\", \"direccion\": \"Miraflores,Lima,Lima\", \"utm_medium\": \"cpc\", \"utm_source\": \"linkedin\", \"utm_campaign\": \"cyber_wow\", \"nombre_completo\": \"Luis Ruiz - Import 4\"}','2025-12-04 05:33:40','2025-12-04 05:34:04'),(637,51,3,'DUPLICADO: Ya existe un lead con teléfono: 933005506','{\"edad\": \"59\", \"email\": \"contacto.nuevo.5@empresaAldanaChavez2.com\", \"genero\": \"F\", \"telefono\": \"933005506\", \"direccion\": \"Lima,Lima,Lima\", \"utm_medium\": \"cpc\", \"utm_source\": \"linkedin\", \"utm_campaign\": \"verano_2025\", \"nombre_completo\": \"Lucia Flores - Import 5\"}','2025-12-04 05:33:40','2025-12-04 05:34:04'),(638,51,3,'DUPLICADO: Ya existe un lead con teléfono: 933006303','{\"edad\": \"37\", \"email\": \"contacto.nuevo.6@empresaAldanaChavez2.com\", \"genero\": \"F\", \"telefono\": \"933006303\", \"direccion\": \"Lince,Lima,Lima\", \"utm_medium\": \"cpc\", \"utm_source\": \"linkedin\", \"utm_campaign\": \"cyber_wow\", \"nombre_completo\": \"Lucia Garcia - Import 6\"}','2025-12-04 05:33:41','2025-12-04 05:34:05'),(639,51,3,'DUPLICADO: Ya existe un lead con teléfono: 933007522','{\"edad\": \"43\", \"email\": \"contacto.nuevo.7@empresaAldanaChavez2.com\", \"genero\": \"M\", \"telefono\": \"933007522\", \"direccion\": \"Santiago de Surco,Lima,Lima\", \"utm_medium\": \"cpc\", \"utm_source\": \"google\", \"utm_campaign\": \"promo_lanzamiento\", \"nombre_completo\": \"Ana Vargas - Import 7\"}','2025-12-04 05:33:41','2025-12-04 05:34:05'),(640,51,3,'DUPLICADO: Ya existe un lead con teléfono: 933008759','{\"edad\": \"29\", \"email\": \"contacto.nuevo.8@empresaAldanaChavez2.com\", \"genero\": \"M\", \"telefono\": \"933008759\", \"direccion\": \"San Isidro,Lima,Lima\", \"utm_medium\": \"cpc\", \"utm_source\": \"google\", \"utm_campaign\": \"black_friday\", \"nombre_completo\": \"Jorge Castillo - Import 8\"}','2025-12-04 05:33:41','2025-12-04 05:34:05'),(641,51,3,'DUPLICADO: Ya existe un lead con teléfono: 933009286','{\"edad\": \"46\", \"email\": \"contacto.nuevo.9@empresaAldanaChavez2.com\", \"genero\": \"F\", \"telefono\": \"933009286\", \"direccion\": \"San Isidro,Lima,Lima\", \"utm_medium\": \"cpc\", \"utm_source\": \"linkedin\", \"utm_campaign\": \"black_friday\", \"nombre_completo\": \"Ana Castillo - Import 9\"}','2025-12-04 05:33:42','2025-12-04 05:34:06'),(642,51,3,'DUPLICADO: Ya existe un lead con teléfono: 933010748','{\"edad\": \"44\", \"email\": \"contacto.nuevo.10@empresaAldanaChavez2.com\", \"genero\": \"F\", \"telefono\": \"933010748\", \"direccion\": \"Lince,Lima,Lima\", \"utm_medium\": \"cpc\", \"utm_source\": \"google\", \"utm_campaign\": \"verano_2025\", \"nombre_completo\": \"Pedro Vargas - Import 10\"}','2025-12-04 05:33:42','2025-12-04 05:34:06'),(643,52,2,NULL,'{\"edad\": \"55\", \"email\": \"contacto.nuevo.1@empresaCRM.com\", \"genero\": \"F\", \"telefono\": \"991001669\", \"direccion\": \"Lima,Lima,Lima\", \"utm_medium\": \"cpc\", \"utm_source\": \"facebook\", \"utm_campaign\": \"verano_2025\", \"nombre_completo\": \"Carlos Ramos - Import 1\"}','2025-12-04 15:56:16','2025-12-04 15:56:35'),(644,52,2,NULL,'{\"edad\": \"28\", \"email\": \"contacto.nuevo.2@empresaCRM.com\", \"genero\": \"M\", \"telefono\": \"991002222\", \"direccion\": \"San Isidro,Lima,Lima\", \"utm_medium\": \"cpc\", \"utm_source\": \"instagram\", \"utm_campaign\": \"cyber_wow\", \"nombre_completo\": \"Lucia Ruiz - Import 2\"}','2025-12-04 15:56:16','2025-12-04 15:56:35'),(645,52,2,NULL,'{\"edad\": \"22\", \"email\": \"contacto.nuevo.3@empresaCRM.com\", \"genero\": \"M\", \"telefono\": \"991003485\", \"direccion\": \"Lima,Lima,Lima\", \"utm_medium\": \"cpc\", \"utm_source\": \"facebook\", \"utm_campaign\": \"verano_2025\", \"nombre_completo\": \"Jorge Castillo - Import 3\"}','2025-12-04 15:56:16','2025-12-04 15:56:36'),(646,52,2,NULL,'{\"edad\": \"47\", \"email\": \"contacto.nuevo.4@empresaCRM.com\", \"genero\": \"M\", \"telefono\": \"991004355\", \"direccion\": \"Santiago de Surco,Lima,Lima\", \"utm_medium\": \"cpc\", \"utm_source\": \"instagram\", \"utm_campaign\": \"black_friday\", \"nombre_completo\": \"Elena Torres - Import 4\"}','2025-12-04 15:56:16','2025-12-04 15:56:36'),(647,52,2,NULL,'{\"edad\": \"20\", \"email\": \"contacto.nuevo.5@empresaCRM.com\", \"genero\": \"M\", \"telefono\": \"991005631\", \"direccion\": \"Lince,Lima,Lima\", \"utm_medium\": \"cpc\", \"utm_source\": \"tiktok\", \"utm_campaign\": \"cyber_wow\", \"nombre_completo\": \"Ana Torres - Import 5\"}','2025-12-04 15:56:16','2025-12-04 15:56:36'),(648,52,2,NULL,'{\"edad\": \"56\", \"email\": \"contacto.nuevo.6@empresaCRM.com\", \"genero\": \"F\", \"telefono\": \"991006794\", \"direccion\": \"Lince,Lima,Lima\", \"utm_medium\": \"cpc\", \"utm_source\": \"linkedin\", \"utm_campaign\": \"verano_2025\", \"nombre_completo\": \"Ana Ruiz - Import 6\"}','2025-12-04 15:56:16','2025-12-04 15:56:36'),(649,52,2,NULL,'{\"edad\": \"47\", \"email\": \"contacto.nuevo.7@empresaCRM.com\", \"genero\": \"M\", \"telefono\": \"991007555\", \"direccion\": \"Miraflores,Lima,Lima\", \"utm_medium\": \"cpc\", \"utm_source\": \"linkedin\", \"utm_campaign\": \"verano_2025\", \"nombre_completo\": \"Lucia Soto - Import 7\"}','2025-12-04 15:56:17','2025-12-04 15:56:36'),(650,52,2,NULL,'{\"edad\": \"20\", \"email\": \"contacto.nuevo.8@empresaCRM.com\", \"genero\": \"F\", \"telefono\": \"991008431\", \"direccion\": \"Miraflores,Lima,Lima\", \"utm_medium\": \"cpc\", \"utm_source\": \"facebook\", \"utm_campaign\": \"black_friday\", \"nombre_completo\": \"Maria Ruiz - Import 8\"}','2025-12-04 15:56:17','2025-12-04 15:56:36'),(651,52,2,NULL,'{\"edad\": \"30\", \"email\": \"contacto.nuevo.9@empresaCRM.com\", \"genero\": \"F\", \"telefono\": \"991009778\", \"direccion\": \"San Isidro,Lima,Lima\", \"utm_medium\": \"cpc\", \"utm_source\": \"facebook\", \"utm_campaign\": \"verano_2025\", \"nombre_completo\": \"Jorge Ramos - Import 9\"}','2025-12-04 15:56:17','2025-12-04 15:56:37'),(652,52,2,NULL,'{\"edad\": \"28\", \"email\": \"contacto.nuevo.10@empresaCRM.com\", \"genero\": \"F\", \"telefono\": \"991010170\", \"direccion\": \"Lince,Lima,Lima\", \"utm_medium\": \"cpc\", \"utm_source\": \"linkedin\", \"utm_campaign\": \"black_friday\", \"nombre_completo\": \"Sofia Ramos - Import 10\"}','2025-12-04 15:56:17','2025-12-04 15:56:37');
/*!40000 ALTER TABLE `registros_importados` ENABLE KEYS */;
UNLOCK TABLES;

--
-- Table structure for table `resultado_llamada`
--

DROP TABLE IF EXISTS `resultado_llamada`;
/*!40101 SET @saved_cs_client     = @@character_set_client */;
/*!50503 SET character_set_client = utf8mb4 */;
CREATE TABLE `resultado_llamada` (
  `id` int NOT NULL AUTO_INCREMENT,
  `resultado` varchar(100) NOT NULL,
  `motivo` varchar(200) NOT NULL,
  `activo` bit(1) DEFAULT NULL,
  `descripcion` varchar(255) DEFAULT NULL,
  `nombre` varchar(100) NOT NULL,
  PRIMARY KEY (`id`),
  UNIQUE KEY `idresultado_llamada_UNIQUE` (`id`)
) ENGINE=InnoDB AUTO_INCREMENT=7 DEFAULT CHARSET=utf8mb4 COLLATE=utf8mb4_0900_ai_ci;
/*!40101 SET character_set_client = @saved_cs_client */;

--
-- Dumping data for table `resultado_llamada`
--

LOCK TABLES `resultado_llamada` WRITE;
/*!40000 ALTER TABLE `resultado_llamada` DISABLE KEYS */;
INSERT INTO `resultado_llamada` VALUES (1,'CONTACTADO','Contacto exitoso',_binary '','Se logró contactar con el lead','Contactado'),(2,'NO_CONTESTA','Sin respuesta',_binary '','El lead no contestó la llamada','No contesta'),(3,'BUZON','Buzón de voz',_binary '','La llamada fue al buzón de voz','Buzón de voz'),(4,'NO_INTERESADO','Sin interés',_binary '','El lead expresó no tener interés','No interesado'),(5,'INTERESADO','Muestra interés',_binary '','El lead mostró interés y será derivado a ventas','Interesado');
/*!40000 ALTER TABLE `resultado_llamada` ENABLE KEYS */;
UNLOCK TABLES;

--
-- Table structure for table `roles`
--

DROP TABLE IF EXISTS `roles`;
/*!40101 SET @saved_cs_client     = @@character_set_client */;
/*!50503 SET character_set_client = utf8mb4 */;
CREATE TABLE `roles` (
  `id_rol` int NOT NULL AUTO_INCREMENT,
  `nombre` varchar(50) NOT NULL,
  `descripcion` varchar(255) DEFAULT NULL,
  PRIMARY KEY (`id_rol`),
  UNIQUE KEY `nombre` (`nombre`)
) ENGINE=InnoDB AUTO_INCREMENT=3 DEFAULT CHARSET=utf8mb4 COLLATE=utf8mb4_0900_ai_ci;
/*!40101 SET character_set_client = @saved_cs_client */;

--
-- Dumping data for table `roles`
--

LOCK TABLES `roles` WRITE;
/*!40000 ALTER TABLE `roles` DISABLE KEYS */;
INSERT INTO `roles` VALUES (1,'ADMIN','Acceso total al sistema'),(2,'AGENTE','Agente de marketing con permisos limitados');
/*!40000 ALTER TABLE `roles` ENABLE KEYS */;
UNLOCK TABLES;

--
-- Table structure for table `segmento`
--

DROP TABLE IF EXISTS `segmento`;
/*!40101 SET @saved_cs_client     = @@character_set_client */;
/*!50503 SET character_set_client = utf8mb4 */;
CREATE TABLE `segmento` (
  `id_segmento` bigint NOT NULL AUTO_INCREMENT,
  `nombre` varchar(255) DEFAULT NULL,
  `descripcion` varchar(255) DEFAULT NULL,
  `tipo_audiencia` varchar(255) DEFAULT NULL,
  `estado` varchar(255) DEFAULT NULL,
  `fecha_creacion` timestamp NULL DEFAULT CURRENT_TIMESTAMP,
  `fecha_actualizacion` timestamp NULL DEFAULT CURRENT_TIMESTAMP ON UPDATE CURRENT_TIMESTAMP,
  `cantidad_miembros` int DEFAULT '0',
  PRIMARY KEY (`id_segmento`),
  KEY `idx_segmentos_estado` (`estado`),
  KEY `idx_segmentos_tipo_audiencia` (`tipo_audiencia`)
) ENGINE=InnoDB AUTO_INCREMENT=61 DEFAULT CHARSET=utf8mb4 COLLATE=utf8mb4_0900_ai_ci;
/*!40101 SET character_set_client = @saved_cs_client */;

--
-- Dumping data for table `segmento`
--

LOCK TABLES `segmento` WRITE;
/*!40000 ALTER TABLE `segmento` DISABLE KEYS */;
INSERT INTO `segmento` VALUES (8,'Público Senior Activo','Personas mayores de 50 años','LEAD','ACTIVO','2025-11-22 16:10:14','2025-11-27 22:03:51',20),(15,'Mujeres Milenialls',NULL,'LEAD','ACTIVO','2025-11-22 16:35:03','2025-11-27 22:03:51',7),(16,'Mujeres del Departamento Lima','Enfocado en mujeres residentes en Lima Metropolitana','LEAD','ACTIVO','2025-11-22 16:48:11','2025-11-27 22:03:51',9),(17,'Hombres',NULL,'LEAD','ELIMINADO','2025-11-22 21:20:10','2025-11-27 22:03:51',2),(18,'Hombres Limeños Universitarios',NULL,'LEAD','ACTIVO','2025-11-22 22:18:15','2025-11-27 22:03:51',10),(19,'Hombres Universidad',NULL,'LEAD','ELIMINADO','2025-11-22 22:22:45','2025-11-27 22:03:51',2),(20,'Hombres Lima',NULL,'LEAD','ELIMINADO','2025-11-22 22:52:25','2025-11-22 23:57:23',0),(21,'Hombres Universidad',NULL,'LEAD','ELIMINADO','2025-11-22 23:52:45','2025-11-22 23:57:23',0),(22,'Hombres Universidad',NULL,'LEAD','ELIMINADO','2025-11-22 23:58:21','2025-11-27 22:03:51',4),(23,'Las gatitas de Poma','las desafortunadas que caen con el cuento del broaster en puerta 2','LEAD','INACTIVO','2025-11-23 02:04:13','2025-11-23 02:04:13',0),(24,'Hombres Limeños Universitarios',NULL,'LEAD','ELIMINADO','2025-11-23 16:25:32','2025-11-23 16:27:32',0),(25,NULL,NULL,'LEAD','ELIMINADO','2025-11-23 16:27:09','2025-11-27 22:03:51',161),(26,'Mujeres Millenials',NULL,'LEAD','INACTIVO','2025-11-23 16:33:22','2025-11-23 16:33:22',0),(27,'Mujeres Milenialls',NULL,'LEAD','INACTIVO','2025-11-23 16:35:47','2025-11-27 22:03:51',5),(28,'Clientes VIP de Lima',NULL,'LEAD','INACTIVO','2025-11-23 16:40:31','2025-11-27 22:03:51',74),(29,'Clientes VIP de Lima',NULL,'LEAD','INACTIVO','2025-11-23 16:41:42','2025-11-27 22:03:51',10),(30,'Clientes VIP de Lima',NULL,'LEAD','INACTIVO','2025-11-23 18:22:34','2025-11-27 22:03:51',5),(31,'Hombres Lima',NULL,'LEAD','INACTIVO','2025-11-23 18:25:48','2025-11-27 22:03:51',74),(32,'Hombres Lima',NULL,'LEAD','INACTIVO','2025-11-23 18:28:16','2025-11-27 22:03:51',2),(33,'Mujeres Millenials',NULL,'LEAD','INACTIVO','2025-11-23 18:31:18','2025-11-27 22:03:51',74),(34,'mujeres',NULL,'LEAD','INACTIVO','2025-11-23 18:57:22','2025-11-27 22:03:51',74),(35,'Clientes VIP de Lima',NULL,'LEAD','INACTIVO','2025-11-23 19:44:20','2025-11-27 22:03:51',2),(36,'Mujeres Millenials',NULL,'LEAD','INACTIVO','2025-11-23 20:06:17','2025-11-27 22:03:51',30),(37,'Mujeres Millenials (Copia)',NULL,'LEAD','INACTIVO','2025-11-23 21:54:42','2025-11-27 22:03:51',30),(38,'Clientes VIP Universidad','Clientes menores de 25 años, que cursan sus estudios ','LEAD','INACTIVO','2025-11-23 22:05:11','2025-11-27 22:03:51',161),(39,'Adultos Jóvenes Interesados','Personas entre 20 y 35 años, ideal para campañas de captación','LEAD','ACTIVO','2025-11-27 15:16:55','2025-11-27 22:03:51',45),(40,'Público Junior Activo','Personas menores de 30 años','LEAD','ACTIVO','2025-12-04 05:56:07','2025-12-04 05:56:53',21),(42,'Miembros Importados jóvenes','Leads importados (nuevos) menores de 25 años','LEAD','ACTIVO','2025-12-04 06:40:24','2025-12-04 12:47:58',10),(43,'Segmento de Prueba','--','LEAD','ACTIVO','2025-12-04 15:33:20','2025-12-04 15:34:04',1),(44,'SEGMENTO DE PRUEBA 2','nose','LEAD','ACTIVO','2025-12-04 18:26:13','2025-12-04 18:31:20',1),(46,'Contactos Web Jóvenes','Personas por origen web menores de 25 años','LEAD','ACTIVO','2025-12-06 05:08:04','2025-12-06 05:08:51',7),(47,'Miembros Importados solteros','Hombres añadidos a través de base de datos que son solteros','LEAD','INACTIVO','2025-12-06 05:22:37','2025-12-06 05:22:37',79),(48,'Miembros Importados solteros (Copia)','Hombres añadidos a través de base de datos que son solteros','LEAD','INACTIVO','2025-12-06 05:30:37','2025-12-06 05:30:37',79),(49,'Miembros Importados solteros (Copia2)','Hombres añadidos a través de base de datos que son solteros','LEAD','INACTIVO','2025-12-06 05:31:51','2025-12-06 05:31:51',79),(50,'Miembros Importados masculinos','Hombres añadidos a través de base de datos','LEAD','INACTIVO','2025-12-06 05:33:11','2025-12-06 05:33:11',79),(51,'Miembros Importados masculinos (Copia)','Hombres añadidos a través de base de datos','LEAD','INACTIVO','2025-12-06 05:43:20','2025-12-06 05:43:20',79),(52,'Miembros Importados masculinos Version 2','Hombres añadidos a través de base de datos','LEAD','INACTIVO','2025-12-06 05:54:26','2025-12-06 05:54:34',79),(53,'Miembros Importados masculinos Version 2 (Copia)','Hombres añadidos a través de base de datos','LEAD','ELIMINADO','2025-12-06 06:01:38','2025-12-06 06:02:25',79),(54,'Miembros Importados masculinos Version 2 (Copia)','Hombres añadidos a través de base de datos','LEAD','INACTIVO','2025-12-06 06:13:58','2025-12-06 06:14:06',79),(55,'Miembros femeninas jovenes','Leads mujeres menores de 27 años','LEAD','ACTIVO','2025-12-06 06:15:47','2025-12-06 06:16:49',12),(56,'Importación publico femenino','Mujeres agregadas a través de importación','LEAD','INACTIVO','2025-12-06 06:23:27','2025-12-06 06:23:36',79),(57,'Publico Adulto Masculino','Leads hombres entre 20 y 45 años de edad ','LEAD','ACTIVO','2025-12-06 06:36:19','2025-12-06 07:43:43',45),(58,'Miembros jóvenes hombres','Hombres menores de 34 años','LEAD','ACTIVO','2025-12-06 07:03:52','2025-12-06 07:43:15',31),(60,'Clientes Estandar','Clientes estándar activos','CLIENTE','ACTIVO','2025-12-06 07:41:55','2025-12-06 07:42:42',18);
/*!40000 ALTER TABLE `segmento` ENABLE KEYS */;
UNLOCK TABLES;

--
-- Table structure for table `segmento_filtro`
--

DROP TABLE IF EXISTS `segmento_filtro`;
/*!40101 SET @saved_cs_client     = @@character_set_client */;
/*!50503 SET character_set_client = utf8mb4 */;
CREATE TABLE `segmento_filtro` (
  `id_segmento_filtro` bigint NOT NULL AUTO_INCREMENT,
  `id_segmento` bigint NOT NULL,
  `id_filtro` bigint NOT NULL,
  `operador` varchar(255) DEFAULT NULL,
  `valor_texto` varchar(255) DEFAULT NULL,
  `valor_numero_desde` decimal(38,2) DEFAULT NULL,
  `valor_numero_hasta` decimal(38,2) DEFAULT NULL,
  `valor_fecha_desde` date DEFAULT NULL,
  `valor_fecha_hasta` date DEFAULT NULL,
  PRIMARY KEY (`id_segmento_filtro`),
  KEY `fk_sf_filtro` (`id_filtro`),
  KEY `idx_segmento_filtro_segmento` (`id_segmento`),
  KEY `idx_segmento_filtro_delete` (`id_segmento`),
  CONSTRAINT `fk_sf_filtro` FOREIGN KEY (`id_filtro`) REFERENCES `catalogo_filtro` (`id_filtro`) ON DELETE CASCADE,
  CONSTRAINT `fk_sf_segmento` FOREIGN KEY (`id_segmento`) REFERENCES `segmento` (`id_segmento`) ON DELETE CASCADE
) ENGINE=InnoDB AUTO_INCREMENT=198 DEFAULT CHARSET=utf8mb4 COLLATE=utf8mb4_0900_ai_ci;
/*!40101 SET character_set_client = @saved_cs_client */;

--
-- Dumping data for table `segmento_filtro`
--

LOCK TABLES `segmento_filtro` WRITE;
/*!40000 ALTER TABLE `segmento_filtro` DISABLE KEYS */;
INSERT INTO `segmento_filtro` VALUES (21,15,2,'IGUAL','Femenino',NULL,NULL,NULL,NULL),(22,15,1,'MENOR_QUE','28',NULL,NULL,NULL,NULL),(27,18,2,'IGUAL','Masculino',NULL,NULL,NULL,NULL),(28,18,11,'IGUAL','Lima',NULL,NULL,NULL,NULL),(29,18,1,'MENOR_QUE','25',NULL,NULL,NULL,NULL),(37,20,2,'IGUAL','Masculino',NULL,NULL,NULL,NULL),(38,21,2,'IGUAL','Masculino',NULL,NULL,NULL,NULL),(39,20,11,'IGUAL','Lima',NULL,NULL,NULL,NULL),(40,21,11,'IGUAL','Lima',NULL,NULL,NULL,NULL),(41,21,1,'IGUAL','22',NULL,NULL,NULL,NULL),(44,17,2,'IGUAL','Masculino',NULL,NULL,NULL,NULL),(45,17,1,'MENOR_QUE','21',NULL,NULL,NULL,NULL),(46,19,2,'IGUAL','Masculino',NULL,NULL,NULL,NULL),(47,19,1,'IGUAL','21',NULL,NULL,NULL,NULL),(48,22,2,'IGUAL','Masculino',NULL,NULL,NULL,NULL),(49,22,1,'MENOR_QUE','22',NULL,NULL,NULL,NULL),(50,23,2,'IGUAL','Femenino',NULL,NULL,NULL,NULL),(51,23,11,'IGUAL','Lima',NULL,NULL,NULL,NULL),(58,24,2,'IGUAL','Masculino',NULL,NULL,NULL,NULL),(59,24,1,'IGUAL','23',NULL,NULL,NULL,NULL),(60,26,2,'IGUAL','Femenino',NULL,NULL,NULL,NULL),(61,26,1,'MENOR_QUE','24',NULL,NULL,NULL,NULL),(62,27,2,'IGUAL','Femenino',NULL,NULL,NULL,NULL),(63,27,1,'MENOR_QUE','24',NULL,NULL,NULL,NULL),(64,28,11,'IGUAL','Lima',NULL,NULL,NULL,NULL),(65,28,2,'IGUAL','Masculino',NULL,NULL,NULL,NULL),(66,29,2,'IGUAL','Masculino',NULL,NULL,NULL,NULL),(67,29,1,'MENOR_QUE','24',NULL,NULL,NULL,NULL),(68,30,2,'IGUAL','Femenino',NULL,NULL,NULL,NULL),(69,30,1,'MENOR_QUE','24',NULL,NULL,NULL,NULL),(70,31,2,'IGUAL','Masculino',NULL,NULL,NULL,NULL),(71,31,11,'IGUAL','Lima',NULL,NULL,NULL,NULL),(72,32,2,'IGUAL','Masculino',NULL,NULL,NULL,NULL),(73,32,11,'IGUAL','Lima',NULL,NULL,NULL,NULL),(74,32,1,'MENOR_QUE','21',NULL,NULL,NULL,NULL),(75,33,2,'IGUAL','Femenino',NULL,NULL,NULL,NULL),(76,33,11,'IGUAL','Lima',NULL,NULL,NULL,NULL),(77,34,2,'IGUAL','Masculino',NULL,NULL,NULL,NULL),(78,35,2,'IGUAL','Masculino',NULL,NULL,NULL,NULL),(79,35,1,'IGUAL','21',NULL,NULL,NULL,NULL),(80,36,11,'IGUAL','Lima',NULL,NULL,NULL,NULL),(81,36,2,'IGUAL','Femenino',NULL,NULL,NULL,NULL),(82,37,11,'IGUAL','Lima',NULL,NULL,NULL,NULL),(83,37,2,'IGUAL','Femenino',NULL,NULL,NULL,NULL),(106,39,1,'MAYOR_IGUAL','20',NULL,NULL,NULL,NULL),(107,39,1,'MENOR_IGUAL','30',NULL,NULL,NULL,NULL),(108,16,2,'IGUAL','Femenino',NULL,NULL,NULL,NULL),(109,16,1,'MENOR_QUE','30',NULL,NULL,NULL,NULL),(110,8,2,'IGUAL','Masculino',NULL,NULL,NULL,NULL),(111,8,1,'MAYOR_IGUAL','50',NULL,NULL,NULL,NULL),(116,40,2,'IGUAL','Masculino',NULL,NULL,NULL,NULL),(117,40,1,'MENOR_QUE','30',NULL,NULL,NULL,NULL),(127,42,19,'IGUAL','IMPORTACION',NULL,NULL,NULL,NULL),(128,42,2,'IGUAL','Masculino',NULL,NULL,NULL,NULL),(129,42,1,'MENOR_QUE','24',NULL,NULL,NULL,NULL),(132,43,1,'IGUAL','85',NULL,NULL,NULL,NULL),(136,44,1,'IGUAL','86',NULL,NULL,NULL,NULL),(141,46,19,'IGUAL','WEB',NULL,NULL,NULL,NULL),(142,46,1,'MENOR_QUE','35',NULL,NULL,NULL,NULL),(146,47,2,'IGUAL','Masculino',NULL,NULL,NULL,NULL),(147,47,19,'IGUAL','IMPORTACION',NULL,NULL,NULL,NULL),(148,47,3,'IGUAL','Soltero(a)',NULL,NULL,NULL,NULL),(152,48,2,'IGUAL','Masculino',NULL,NULL,NULL,NULL),(153,48,19,'IGUAL','IMPORTACION',NULL,NULL,NULL,NULL),(154,48,3,'IGUAL','Soltero(a)',NULL,NULL,NULL,NULL),(158,49,2,'IGUAL','Masculino',NULL,NULL,NULL,NULL),(159,49,19,'IGUAL','IMPORTACION',NULL,NULL,NULL,NULL),(160,49,3,'IGUAL','Soltero(a)',NULL,NULL,NULL,NULL),(163,50,2,'IGUAL','Masculino',NULL,NULL,NULL,NULL),(164,50,19,'IGUAL','IMPORTACION',NULL,NULL,NULL,NULL),(167,51,2,'IGUAL','Masculino',NULL,NULL,NULL,NULL),(168,51,19,'IGUAL','IMPORTACION',NULL,NULL,NULL,NULL),(169,52,2,'IGUAL','Masculino',NULL,NULL,NULL,NULL),(170,52,19,'IGUAL','IMPORTACION',NULL,NULL,NULL,NULL),(173,53,2,'IGUAL','Masculino',NULL,NULL,NULL,NULL),(174,53,19,'IGUAL','IMPORTACION',NULL,NULL,NULL,NULL),(175,54,2,'IGUAL','Masculino',NULL,NULL,NULL,NULL),(176,54,19,'IGUAL','IMPORTACION',NULL,NULL,NULL,NULL),(179,55,2,'IGUAL','Femenino',NULL,NULL,NULL,NULL),(180,55,1,'MENOR_QUE','27',NULL,NULL,NULL,NULL),(181,56,19,'IGUAL','IMPORTACION',NULL,NULL,NULL,NULL),(182,56,2,'IGUAL','Femenino',NULL,NULL,NULL,NULL),(190,58,2,'IGUAL','Masculino',NULL,NULL,NULL,NULL),(191,58,1,'MENOR_QUE','34',NULL,NULL,NULL,NULL),(195,57,1,'MENOR_QUE','45',NULL,NULL,NULL,NULL),(196,57,2,'IGUAL','Masculino',NULL,NULL,NULL,NULL),(197,57,1,'MAYOR_QUE','20',NULL,NULL,NULL,NULL);
/*!40000 ALTER TABLE `segmento_filtro` ENABLE KEYS */;
UNLOCK TABLES;

--
-- Table structure for table `segmento_miembro`
--

DROP TABLE IF EXISTS `segmento_miembro`;
/*!40101 SET @saved_cs_client     = @@character_set_client */;
/*!50503 SET character_set_client = utf8mb4 */;
CREATE TABLE `segmento_miembro` (
  `id_segmento` bigint NOT NULL,
  `tipo_miembro` varchar(255) NOT NULL,
  `id_miembro` bigint NOT NULL,
  `fecha_agregado` timestamp NULL DEFAULT CURRENT_TIMESTAMP,
  PRIMARY KEY (`id_segmento`,`tipo_miembro`,`id_miembro`),
  KEY `fk_segmento_miembro_leads` (`id_miembro`),
  KEY `idx_segmento_miembro_segmento` (`id_segmento`),
  KEY `idx_segmento_miembro_segmento_tipo` (`id_segmento`,`tipo_miembro`),
  CONSTRAINT `fk_sm_segmento` FOREIGN KEY (`id_segmento`) REFERENCES `segmento` (`id_segmento`) ON DELETE CASCADE
) ENGINE=InnoDB DEFAULT CHARSET=utf8mb4 COLLATE=utf8mb4_0900_ai_ci;
/*!40101 SET character_set_client = @saved_cs_client */;

--
-- Dumping data for table `segmento_miembro`
--

LOCK TABLES `segmento_miembro` WRITE;
/*!40000 ALTER TABLE `segmento_miembro` DISABLE KEYS */;
INSERT INTO `segmento_miembro` VALUES (8,'LEAD',65,'2025-11-27 10:21:57'),(8,'LEAD',75,'2025-11-27 10:21:57'),(8,'LEAD',77,'2025-11-27 10:21:57'),(8,'LEAD',84,'2025-11-27 10:21:57'),(8,'LEAD',85,'2025-11-27 10:21:57'),(8,'LEAD',88,'2025-11-27 10:21:57'),(8,'LEAD',97,'2025-11-27 10:21:57'),(8,'LEAD',100,'2025-11-27 10:21:57'),(8,'LEAD',110,'2025-11-27 10:21:57'),(8,'LEAD',115,'2025-11-27 10:21:57'),(8,'LEAD',117,'2025-11-27 10:21:57'),(8,'LEAD',121,'2025-11-27 10:21:57'),(8,'LEAD',122,'2025-11-27 10:21:57'),(8,'LEAD',124,'2025-11-27 10:21:57'),(8,'LEAD',128,'2025-11-27 10:21:57'),(8,'LEAD',136,'2025-11-27 10:21:57'),(8,'LEAD',137,'2025-11-27 10:21:57'),(8,'LEAD',138,'2025-11-27 10:21:57'),(8,'LEAD',145,'2025-11-27 10:21:57'),(8,'LEAD',147,'2025-11-27 10:21:57'),(15,'LEAD',59,'2025-11-22 16:35:10'),(15,'LEAD',61,'2025-11-22 16:35:10'),(15,'LEAD',72,'2025-11-22 16:35:10'),(15,'LEAD',73,'2025-11-22 16:35:10'),(15,'LEAD',87,'2025-11-22 16:35:10'),(15,'LEAD',92,'2025-11-22 16:35:10'),(15,'LEAD',107,'2025-11-22 16:35:10'),(16,'LEAD',57,'2025-11-22 16:48:17'),(16,'LEAD',59,'2025-11-22 16:48:17'),(16,'LEAD',61,'2025-11-22 16:48:17'),(16,'LEAD',72,'2025-11-22 16:48:17'),(16,'LEAD',73,'2025-11-22 16:48:17'),(16,'LEAD',87,'2025-11-22 16:48:17'),(16,'LEAD',89,'2025-11-22 16:48:17'),(16,'LEAD',92,'2025-11-22 16:48:17'),(16,'LEAD',107,'2025-11-22 16:48:17'),(17,'LEAD',142,'2025-11-22 21:20:16'),(17,'LEAD',168,'2025-11-22 21:20:16'),(18,'LEAD',66,'2025-11-22 22:18:22'),(18,'LEAD',108,'2025-11-22 22:18:22'),(18,'LEAD',130,'2025-11-22 22:18:22'),(18,'LEAD',132,'2025-11-22 22:18:22'),(18,'LEAD',139,'2025-11-22 22:18:22'),(18,'LEAD',142,'2025-11-22 22:18:22'),(18,'LEAD',143,'2025-11-22 22:18:22'),(18,'LEAD',150,'2025-11-22 22:18:22'),(18,'LEAD',151,'2025-11-22 22:18:22'),(18,'LEAD',168,'2025-11-22 22:18:22'),(19,'LEAD',143,'2025-11-22 22:22:51'),(19,'LEAD',151,'2025-11-22 22:22:51'),(22,'LEAD',142,'2025-11-22 23:58:28'),(22,'LEAD',143,'2025-11-22 23:58:28'),(22,'LEAD',151,'2025-11-22 23:58:28'),(22,'LEAD',168,'2025-11-22 23:58:28'),(25,'LEAD',1,'2025-11-26 23:25:17'),(25,'LEAD',2,'2025-11-26 23:25:17'),(25,'LEAD',14,'2025-11-26 23:25:17'),(25,'LEAD',15,'2025-11-26 23:25:17'),(25,'LEAD',24,'2025-11-26 23:25:17'),(25,'LEAD',56,'2025-11-26 23:25:17'),(25,'LEAD',57,'2025-11-26 23:25:17'),(25,'LEAD',59,'2025-11-26 23:25:17'),(25,'LEAD',60,'2025-11-26 23:25:17'),(25,'LEAD',61,'2025-11-26 23:25:17'),(25,'LEAD',62,'2025-11-26 23:25:17'),(25,'LEAD',63,'2025-11-26 23:25:17'),(25,'LEAD',64,'2025-11-26 23:25:17'),(25,'LEAD',65,'2025-11-26 23:25:17'),(25,'LEAD',66,'2025-11-26 23:25:17'),(25,'LEAD',67,'2025-11-26 23:25:17'),(25,'LEAD',68,'2025-11-26 23:25:17'),(25,'LEAD',69,'2025-11-26 23:25:17'),(25,'LEAD',70,'2025-11-26 23:25:17'),(25,'LEAD',71,'2025-11-26 23:25:17'),(25,'LEAD',72,'2025-11-26 23:25:17'),(25,'LEAD',73,'2025-11-26 23:25:17'),(25,'LEAD',74,'2025-11-26 23:25:17'),(25,'LEAD',75,'2025-11-26 23:25:17'),(25,'LEAD',76,'2025-11-26 23:25:17'),(25,'LEAD',77,'2025-11-26 23:25:17'),(25,'LEAD',78,'2025-11-26 23:25:17'),(25,'LEAD',79,'2025-11-26 23:25:17'),(25,'LEAD',80,'2025-11-26 23:25:17'),(25,'LEAD',81,'2025-11-26 23:25:17'),(25,'LEAD',82,'2025-11-26 23:25:17'),(25,'LEAD',83,'2025-11-26 23:25:17'),(25,'LEAD',84,'2025-11-26 23:25:17'),(25,'LEAD',85,'2025-11-26 23:25:17'),(25,'LEAD',86,'2025-11-26 23:25:17'),(25,'LEAD',87,'2025-11-26 23:25:17'),(25,'LEAD',88,'2025-11-26 23:25:17'),(25,'LEAD',89,'2025-11-26 23:25:17'),(25,'LEAD',90,'2025-11-26 23:25:17'),(25,'LEAD',91,'2025-11-26 23:25:17'),(25,'LEAD',92,'2025-11-26 23:25:17'),(25,'LEAD',93,'2025-11-26 23:25:17'),(25,'LEAD',94,'2025-11-26 23:25:17'),(25,'LEAD',95,'2025-11-26 23:25:17'),(25,'LEAD',96,'2025-11-26 23:25:17'),(25,'LEAD',97,'2025-11-26 23:25:17'),(25,'LEAD',98,'2025-11-26 23:25:17'),(25,'LEAD',99,'2025-11-26 23:25:17'),(25,'LEAD',100,'2025-11-26 23:25:17'),(25,'LEAD',101,'2025-11-26 23:25:17'),(25,'LEAD',102,'2025-11-26 23:25:17'),(25,'LEAD',103,'2025-11-26 23:25:17'),(25,'LEAD',104,'2025-11-26 23:25:17'),(25,'LEAD',105,'2025-11-26 23:25:17'),(25,'LEAD',106,'2025-11-26 23:25:17'),(25,'LEAD',107,'2025-11-26 23:25:17'),(25,'LEAD',108,'2025-11-26 23:25:17'),(25,'LEAD',109,'2025-11-26 23:25:17'),(25,'LEAD',110,'2025-11-26 23:25:17'),(25,'LEAD',111,'2025-11-26 23:25:17'),(25,'LEAD',112,'2025-11-26 23:25:17'),(25,'LEAD',113,'2025-11-26 23:25:17'),(25,'LEAD',114,'2025-11-26 23:25:17'),(25,'LEAD',115,'2025-11-26 23:25:17'),(25,'LEAD',116,'2025-11-26 23:25:17'),(25,'LEAD',117,'2025-11-26 23:25:17'),(25,'LEAD',120,'2025-11-26 23:25:17'),(25,'LEAD',121,'2025-11-26 23:25:17'),(25,'LEAD',122,'2025-11-26 23:25:17'),(25,'LEAD',123,'2025-11-26 23:25:17'),(25,'LEAD',124,'2025-11-26 23:25:17'),(25,'LEAD',125,'2025-11-26 23:25:17'),(25,'LEAD',126,'2025-11-26 23:25:17'),(25,'LEAD',127,'2025-11-26 23:25:17'),(25,'LEAD',128,'2025-11-26 23:25:17'),(25,'LEAD',129,'2025-11-26 23:25:17'),(25,'LEAD',130,'2025-11-26 23:25:17'),(25,'LEAD',131,'2025-11-26 23:25:17'),(25,'LEAD',132,'2025-11-26 23:25:17'),(25,'LEAD',133,'2025-11-26 23:25:17'),(25,'LEAD',134,'2025-11-26 23:25:17'),(25,'LEAD',135,'2025-11-26 23:25:17'),(25,'LEAD',136,'2025-11-26 23:25:17'),(25,'LEAD',137,'2025-11-26 23:25:17'),(25,'LEAD',138,'2025-11-26 23:25:17'),(25,'LEAD',139,'2025-11-26 23:25:17'),(25,'LEAD',140,'2025-11-26 23:25:17'),(25,'LEAD',141,'2025-11-26 23:25:17'),(25,'LEAD',142,'2025-11-26 23:25:17'),(25,'LEAD',143,'2025-11-26 23:25:17'),(25,'LEAD',144,'2025-11-26 23:25:17'),(25,'LEAD',145,'2025-11-26 23:25:17'),(25,'LEAD',146,'2025-11-26 23:25:17'),(25,'LEAD',147,'2025-11-26 23:25:17'),(25,'LEAD',148,'2025-11-26 23:25:17'),(25,'LEAD',149,'2025-11-26 23:25:17'),(25,'LEAD',150,'2025-11-26 23:25:17'),(25,'LEAD',151,'2025-11-26 23:25:17'),(25,'LEAD',152,'2025-11-26 23:25:17'),(25,'LEAD',153,'2025-11-26 23:25:17'),(25,'LEAD',154,'2025-11-26 23:25:17'),(25,'LEAD',155,'2025-11-26 23:25:17'),(25,'LEAD',156,'2025-11-26 23:25:17'),(25,'LEAD',157,'2025-11-26 23:25:17'),(25,'LEAD',158,'2025-11-26 23:25:17'),(25,'LEAD',159,'2025-11-26 23:25:17'),(25,'LEAD',160,'2025-11-26 23:25:17'),(25,'LEAD',161,'2025-11-26 23:25:17'),(25,'LEAD',162,'2025-11-26 23:25:17'),(25,'LEAD',163,'2025-11-26 23:25:17'),(25,'LEAD',164,'2025-11-26 23:25:17'),(25,'LEAD',165,'2025-11-26 23:25:17'),(25,'LEAD',166,'2025-11-26 23:25:17'),(25,'LEAD',167,'2025-11-26 23:25:17'),(25,'LEAD',168,'2025-11-26 23:25:17'),(25,'LEAD',169,'2025-11-26 23:25:17'),(25,'LEAD',170,'2025-11-26 23:25:17'),(25,'LEAD',171,'2025-11-26 23:25:17'),(25,'LEAD',172,'2025-11-26 23:25:17'),(25,'LEAD',173,'2025-11-26 23:25:17'),(25,'LEAD',174,'2025-11-26 23:25:17'),(25,'LEAD',175,'2025-11-26 23:25:17'),(25,'LEAD',176,'2025-11-26 23:25:17'),(25,'LEAD',177,'2025-11-26 23:25:17'),(25,'LEAD',178,'2025-11-26 23:25:17'),(25,'LEAD',179,'2025-11-26 23:25:17'),(25,'LEAD',180,'2025-11-26 23:25:17'),(25,'LEAD',181,'2025-11-26 23:25:17'),(25,'LEAD',203,'2025-11-26 23:25:17'),(25,'LEAD',204,'2025-11-26 23:25:17'),(25,'LEAD',205,'2025-11-26 23:25:17'),(25,'LEAD',206,'2025-11-26 23:25:17'),(25,'LEAD',207,'2025-11-26 23:25:17'),(25,'LEAD',208,'2025-11-26 23:25:17'),(25,'LEAD',209,'2025-11-26 23:25:17'),(25,'LEAD',210,'2025-11-26 23:25:17'),(25,'LEAD',211,'2025-11-26 23:25:17'),(25,'LEAD',212,'2025-11-26 23:25:17'),(25,'LEAD',213,'2025-11-26 23:25:17'),(25,'LEAD',214,'2025-11-26 23:25:17'),(25,'LEAD',215,'2025-11-26 23:25:17'),(25,'LEAD',216,'2025-11-26 23:25:17'),(25,'LEAD',217,'2025-11-26 23:25:17'),(25,'LEAD',218,'2025-11-26 23:25:17'),(25,'LEAD',219,'2025-11-26 23:25:17'),(25,'LEAD',220,'2025-11-26 23:25:17'),(25,'LEAD',221,'2025-11-26 23:25:17'),(25,'LEAD',222,'2025-11-26 23:25:17'),(25,'LEAD',223,'2025-11-26 23:25:17'),(25,'LEAD',224,'2025-11-26 23:25:17'),(25,'LEAD',225,'2025-11-26 23:25:17'),(25,'LEAD',226,'2025-11-26 23:25:17'),(25,'LEAD',227,'2025-11-26 23:25:17'),(25,'LEAD',228,'2025-11-26 23:25:17'),(25,'LEAD',229,'2025-11-26 23:25:17'),(25,'LEAD',230,'2025-11-26 23:25:17'),(25,'LEAD',231,'2025-11-26 23:25:17'),(25,'LEAD',232,'2025-11-26 23:25:17'),(25,'LEAD',233,'2025-11-26 23:25:17'),(25,'LEAD',234,'2025-11-26 23:25:17'),(27,'LEAD',61,'2025-11-23 16:35:54'),(27,'LEAD',107,'2025-11-23 16:35:54'),(27,'LEAD',156,'2025-11-23 16:35:54'),(27,'LEAD',203,'2025-11-23 16:35:54'),(27,'LEAD',221,'2025-11-23 16:35:54'),(28,'LEAD',14,'2025-11-23 16:40:37'),(28,'LEAD',56,'2025-11-23 16:40:37'),(28,'LEAD',60,'2025-11-23 16:40:37'),(28,'LEAD',64,'2025-11-23 16:40:37'),(28,'LEAD',65,'2025-11-23 16:40:37'),(28,'LEAD',66,'2025-11-23 16:40:37'),(28,'LEAD',69,'2025-11-23 16:40:37'),(28,'LEAD',71,'2025-11-23 16:40:37'),(28,'LEAD',75,'2025-11-23 16:40:37'),(28,'LEAD',77,'2025-11-23 16:40:37'),(28,'LEAD',78,'2025-11-23 16:40:37'),(28,'LEAD',80,'2025-11-23 16:40:37'),(28,'LEAD',83,'2025-11-23 16:40:37'),(28,'LEAD',84,'2025-11-23 16:40:37'),(28,'LEAD',85,'2025-11-23 16:40:37'),(28,'LEAD',86,'2025-11-23 16:40:37'),(28,'LEAD',88,'2025-11-23 16:40:37'),(28,'LEAD',95,'2025-11-23 16:40:37'),(28,'LEAD',97,'2025-11-23 16:40:37'),(28,'LEAD',99,'2025-11-23 16:40:37'),(28,'LEAD',100,'2025-11-23 16:40:37'),(28,'LEAD',101,'2025-11-23 16:40:37'),(28,'LEAD',106,'2025-11-23 16:40:37'),(28,'LEAD',108,'2025-11-23 16:40:37'),(28,'LEAD',110,'2025-11-23 16:40:37'),(28,'LEAD',111,'2025-11-23 16:40:37'),(28,'LEAD',113,'2025-11-23 16:40:37'),(28,'LEAD',115,'2025-11-23 16:40:37'),(28,'LEAD',117,'2025-11-23 16:40:37'),(28,'LEAD',121,'2025-11-23 16:40:37'),(28,'LEAD',122,'2025-11-23 16:40:37'),(28,'LEAD',123,'2025-11-23 16:40:37'),(28,'LEAD',124,'2025-11-23 16:40:37'),(28,'LEAD',126,'2025-11-23 16:40:37'),(28,'LEAD',128,'2025-11-23 16:40:37'),(28,'LEAD',130,'2025-11-23 16:40:37'),(28,'LEAD',132,'2025-11-23 16:40:37'),(28,'LEAD',134,'2025-11-23 16:40:37'),(28,'LEAD',136,'2025-11-23 16:40:37'),(28,'LEAD',137,'2025-11-23 16:40:37'),(28,'LEAD',138,'2025-11-23 16:40:37'),(28,'LEAD',139,'2025-11-23 16:40:37'),(28,'LEAD',140,'2025-11-23 16:40:37'),(28,'LEAD',142,'2025-11-23 16:40:37'),(28,'LEAD',143,'2025-11-23 16:40:37'),(28,'LEAD',145,'2025-11-23 16:40:37'),(28,'LEAD',146,'2025-11-23 16:40:37'),(28,'LEAD',147,'2025-11-23 16:40:37'),(28,'LEAD',148,'2025-11-23 16:40:37'),(28,'LEAD',150,'2025-11-23 16:40:37'),(28,'LEAD',151,'2025-11-23 16:40:37'),(28,'LEAD',153,'2025-11-23 16:40:37'),(28,'LEAD',157,'2025-11-23 16:40:37'),(28,'LEAD',164,'2025-11-23 16:40:37'),(28,'LEAD',165,'2025-11-23 16:40:37'),(28,'LEAD',167,'2025-11-23 16:40:37'),(28,'LEAD',168,'2025-11-23 16:40:37'),(28,'LEAD',171,'2025-11-23 16:40:37'),(28,'LEAD',172,'2025-11-23 16:40:37'),(28,'LEAD',204,'2025-11-23 16:40:37'),(28,'LEAD',206,'2025-11-23 16:40:37'),(28,'LEAD',208,'2025-11-23 16:40:37'),(28,'LEAD',210,'2025-11-23 16:40:37'),(28,'LEAD',212,'2025-11-23 16:40:37'),(28,'LEAD',214,'2025-11-23 16:40:37'),(28,'LEAD',216,'2025-11-23 16:40:37'),(28,'LEAD',218,'2025-11-23 16:40:37'),(28,'LEAD',220,'2025-11-23 16:40:37'),(28,'LEAD',222,'2025-11-23 16:40:37'),(28,'LEAD',224,'2025-11-23 16:40:37'),(28,'LEAD',226,'2025-11-23 16:40:37'),(28,'LEAD',228,'2025-11-23 16:40:37'),(28,'LEAD',230,'2025-11-23 16:40:37'),(28,'LEAD',232,'2025-11-23 16:40:37'),(29,'LEAD',66,'2025-11-23 16:41:48'),(29,'LEAD',108,'2025-11-23 16:41:48'),(29,'LEAD',130,'2025-11-23 16:41:48'),(29,'LEAD',132,'2025-11-23 16:41:48'),(29,'LEAD',139,'2025-11-23 16:41:48'),(29,'LEAD',142,'2025-11-23 16:41:48'),(29,'LEAD',143,'2025-11-23 16:41:48'),(29,'LEAD',150,'2025-11-23 16:41:48'),(29,'LEAD',151,'2025-11-23 16:41:48'),(29,'LEAD',168,'2025-11-23 16:41:48'),(30,'LEAD',61,'2025-11-23 18:22:41'),(30,'LEAD',107,'2025-11-23 18:22:41'),(30,'LEAD',156,'2025-11-23 18:22:41'),(30,'LEAD',203,'2025-11-23 18:22:41'),(30,'LEAD',221,'2025-11-23 18:22:41'),(31,'LEAD',14,'2025-11-23 18:25:54'),(31,'LEAD',56,'2025-11-23 18:25:54'),(31,'LEAD',60,'2025-11-23 18:25:54'),(31,'LEAD',64,'2025-11-23 18:25:54'),(31,'LEAD',65,'2025-11-23 18:25:54'),(31,'LEAD',66,'2025-11-23 18:25:54'),(31,'LEAD',69,'2025-11-23 18:25:54'),(31,'LEAD',71,'2025-11-23 18:25:54'),(31,'LEAD',75,'2025-11-23 18:25:54'),(31,'LEAD',77,'2025-11-23 18:25:54'),(31,'LEAD',78,'2025-11-23 18:25:54'),(31,'LEAD',80,'2025-11-23 18:25:54'),(31,'LEAD',83,'2025-11-23 18:25:54'),(31,'LEAD',84,'2025-11-23 18:25:54'),(31,'LEAD',85,'2025-11-23 18:25:54'),(31,'LEAD',86,'2025-11-23 18:25:54'),(31,'LEAD',88,'2025-11-23 18:25:54'),(31,'LEAD',95,'2025-11-23 18:25:54'),(31,'LEAD',97,'2025-11-23 18:25:54'),(31,'LEAD',99,'2025-11-23 18:25:54'),(31,'LEAD',100,'2025-11-23 18:25:54'),(31,'LEAD',101,'2025-11-23 18:25:54'),(31,'LEAD',106,'2025-11-23 18:25:54'),(31,'LEAD',108,'2025-11-23 18:25:54'),(31,'LEAD',110,'2025-11-23 18:25:54'),(31,'LEAD',111,'2025-11-23 18:25:54'),(31,'LEAD',113,'2025-11-23 18:25:54'),(31,'LEAD',115,'2025-11-23 18:25:54'),(31,'LEAD',117,'2025-11-23 18:25:54'),(31,'LEAD',121,'2025-11-23 18:25:54'),(31,'LEAD',122,'2025-11-23 18:25:54'),(31,'LEAD',123,'2025-11-23 18:25:54'),(31,'LEAD',124,'2025-11-23 18:25:54'),(31,'LEAD',126,'2025-11-23 18:25:54'),(31,'LEAD',128,'2025-11-23 18:25:54'),(31,'LEAD',130,'2025-11-23 18:25:54'),(31,'LEAD',132,'2025-11-23 18:25:54'),(31,'LEAD',134,'2025-11-23 18:25:54'),(31,'LEAD',136,'2025-11-23 18:25:54'),(31,'LEAD',137,'2025-11-23 18:25:54'),(31,'LEAD',138,'2025-11-23 18:25:54'),(31,'LEAD',139,'2025-11-23 18:25:54'),(31,'LEAD',140,'2025-11-23 18:25:54'),(31,'LEAD',142,'2025-11-23 18:25:54'),(31,'LEAD',143,'2025-11-23 18:25:54'),(31,'LEAD',145,'2025-11-23 18:25:54'),(31,'LEAD',146,'2025-11-23 18:25:54'),(31,'LEAD',147,'2025-11-23 18:25:54'),(31,'LEAD',148,'2025-11-23 18:25:54'),(31,'LEAD',150,'2025-11-23 18:25:54'),(31,'LEAD',151,'2025-11-23 18:25:54'),(31,'LEAD',153,'2025-11-23 18:25:54'),(31,'LEAD',157,'2025-11-23 18:25:54'),(31,'LEAD',164,'2025-11-23 18:25:54'),(31,'LEAD',165,'2025-11-23 18:25:54'),(31,'LEAD',167,'2025-11-23 18:25:54'),(31,'LEAD',168,'2025-11-23 18:25:54'),(31,'LEAD',171,'2025-11-23 18:25:54'),(31,'LEAD',172,'2025-11-23 18:25:54'),(31,'LEAD',204,'2025-11-23 18:25:54'),(31,'LEAD',206,'2025-11-23 18:25:54'),(31,'LEAD',208,'2025-11-23 18:25:54'),(31,'LEAD',210,'2025-11-23 18:25:54'),(31,'LEAD',212,'2025-11-23 18:25:54'),(31,'LEAD',214,'2025-11-23 18:25:54'),(31,'LEAD',216,'2025-11-23 18:25:54'),(31,'LEAD',218,'2025-11-23 18:25:54'),(31,'LEAD',220,'2025-11-23 18:25:54'),(31,'LEAD',222,'2025-11-23 18:25:54'),(31,'LEAD',224,'2025-11-23 18:25:54'),(31,'LEAD',226,'2025-11-23 18:25:54'),(31,'LEAD',228,'2025-11-23 18:25:54'),(31,'LEAD',230,'2025-11-23 18:25:54'),(31,'LEAD',232,'2025-11-23 18:25:54'),(32,'LEAD',142,'2025-11-23 18:28:24'),(32,'LEAD',168,'2025-11-23 18:28:24'),(33,'LEAD',15,'2025-11-23 18:31:24'),(33,'LEAD',57,'2025-11-23 18:31:24'),(33,'LEAD',59,'2025-11-23 18:31:24'),(33,'LEAD',61,'2025-11-23 18:31:24'),(33,'LEAD',62,'2025-11-23 18:31:24'),(33,'LEAD',63,'2025-11-23 18:31:24'),(33,'LEAD',67,'2025-11-23 18:31:24'),(33,'LEAD',68,'2025-11-23 18:31:24'),(33,'LEAD',70,'2025-11-23 18:31:24'),(33,'LEAD',72,'2025-11-23 18:31:24'),(33,'LEAD',73,'2025-11-23 18:31:24'),(33,'LEAD',74,'2025-11-23 18:31:24'),(33,'LEAD',76,'2025-11-23 18:31:24'),(33,'LEAD',79,'2025-11-23 18:31:24'),(33,'LEAD',81,'2025-11-23 18:31:24'),(33,'LEAD',82,'2025-11-23 18:31:24'),(33,'LEAD',87,'2025-11-23 18:31:24'),(33,'LEAD',89,'2025-11-23 18:31:24'),(33,'LEAD',90,'2025-11-23 18:31:24'),(33,'LEAD',91,'2025-11-23 18:31:24'),(33,'LEAD',92,'2025-11-23 18:31:24'),(33,'LEAD',93,'2025-11-23 18:31:24'),(33,'LEAD',94,'2025-11-23 18:31:24'),(33,'LEAD',96,'2025-11-23 18:31:24'),(33,'LEAD',98,'2025-11-23 18:31:24'),(33,'LEAD',102,'2025-11-23 18:31:24'),(33,'LEAD',103,'2025-11-23 18:31:24'),(33,'LEAD',104,'2025-11-23 18:31:24'),(33,'LEAD',105,'2025-11-23 18:31:24'),(33,'LEAD',107,'2025-11-23 18:31:24'),(33,'LEAD',109,'2025-11-23 18:31:24'),(33,'LEAD',112,'2025-11-23 18:31:24'),(33,'LEAD',114,'2025-11-23 18:31:24'),(33,'LEAD',116,'2025-11-23 18:31:24'),(33,'LEAD',120,'2025-11-23 18:31:24'),(33,'LEAD',125,'2025-11-23 18:31:24'),(33,'LEAD',127,'2025-11-23 18:31:24'),(33,'LEAD',129,'2025-11-23 18:31:24'),(33,'LEAD',131,'2025-11-23 18:31:24'),(33,'LEAD',133,'2025-11-23 18:31:24'),(33,'LEAD',135,'2025-11-23 18:31:24'),(33,'LEAD',141,'2025-11-23 18:31:24'),(33,'LEAD',144,'2025-11-23 18:31:24'),(33,'LEAD',149,'2025-11-23 18:31:24'),(33,'LEAD',152,'2025-11-23 18:31:24'),(33,'LEAD',154,'2025-11-23 18:31:24'),(33,'LEAD',155,'2025-11-23 18:31:24'),(33,'LEAD',156,'2025-11-23 18:31:24'),(33,'LEAD',158,'2025-11-23 18:31:24'),(33,'LEAD',159,'2025-11-23 18:31:24'),(33,'LEAD',160,'2025-11-23 18:31:24'),(33,'LEAD',161,'2025-11-23 18:31:24'),(33,'LEAD',162,'2025-11-23 18:31:24'),(33,'LEAD',163,'2025-11-23 18:31:24'),(33,'LEAD',166,'2025-11-23 18:31:24'),(33,'LEAD',169,'2025-11-23 18:31:24'),(33,'LEAD',170,'2025-11-23 18:31:24'),(33,'LEAD',173,'2025-11-23 18:31:24'),(33,'LEAD',174,'2025-11-23 18:31:24'),(33,'LEAD',203,'2025-11-23 18:31:24'),(33,'LEAD',205,'2025-11-23 18:31:24'),(33,'LEAD',207,'2025-11-23 18:31:24'),(33,'LEAD',209,'2025-11-23 18:31:24'),(33,'LEAD',211,'2025-11-23 18:31:24'),(33,'LEAD',213,'2025-11-23 18:31:24'),(33,'LEAD',215,'2025-11-23 18:31:24'),(33,'LEAD',217,'2025-11-23 18:31:24'),(33,'LEAD',219,'2025-11-23 18:31:24'),(33,'LEAD',221,'2025-11-23 18:31:24'),(33,'LEAD',223,'2025-11-23 18:31:24'),(33,'LEAD',225,'2025-11-23 18:31:24'),(33,'LEAD',227,'2025-11-23 18:31:24'),(33,'LEAD',229,'2025-11-23 18:31:24'),(33,'LEAD',231,'2025-11-23 18:31:24'),(34,'LEAD',14,'2025-11-23 18:57:25'),(34,'LEAD',56,'2025-11-23 18:57:25'),(34,'LEAD',60,'2025-11-23 18:57:25'),(34,'LEAD',64,'2025-11-23 18:57:25'),(34,'LEAD',65,'2025-11-23 18:57:25'),(34,'LEAD',66,'2025-11-23 18:57:25'),(34,'LEAD',69,'2025-11-23 18:57:25'),(34,'LEAD',71,'2025-11-23 18:57:25'),(34,'LEAD',75,'2025-11-23 18:57:25'),(34,'LEAD',77,'2025-11-23 18:57:25'),(34,'LEAD',78,'2025-11-23 18:57:25'),(34,'LEAD',80,'2025-11-23 18:57:25'),(34,'LEAD',83,'2025-11-23 18:57:25'),(34,'LEAD',84,'2025-11-23 18:57:25'),(34,'LEAD',85,'2025-11-23 18:57:25'),(34,'LEAD',86,'2025-11-23 18:57:25'),(34,'LEAD',88,'2025-11-23 18:57:25'),(34,'LEAD',95,'2025-11-23 18:57:25'),(34,'LEAD',97,'2025-11-23 18:57:25'),(34,'LEAD',99,'2025-11-23 18:57:25'),(34,'LEAD',100,'2025-11-23 18:57:25'),(34,'LEAD',101,'2025-11-23 18:57:25'),(34,'LEAD',106,'2025-11-23 18:57:25'),(34,'LEAD',108,'2025-11-23 18:57:25'),(34,'LEAD',110,'2025-11-23 18:57:25'),(34,'LEAD',111,'2025-11-23 18:57:25'),(34,'LEAD',113,'2025-11-23 18:57:25'),(34,'LEAD',115,'2025-11-23 18:57:25'),(34,'LEAD',117,'2025-11-23 18:57:25'),(34,'LEAD',121,'2025-11-23 18:57:25'),(34,'LEAD',122,'2025-11-23 18:57:25'),(34,'LEAD',123,'2025-11-23 18:57:25'),(34,'LEAD',124,'2025-11-23 18:57:25'),(34,'LEAD',126,'2025-11-23 18:57:25'),(34,'LEAD',128,'2025-11-23 18:57:25'),(34,'LEAD',130,'2025-11-23 18:57:25'),(34,'LEAD',132,'2025-11-23 18:57:25'),(34,'LEAD',134,'2025-11-23 18:57:25'),(34,'LEAD',136,'2025-11-23 18:57:25'),(34,'LEAD',137,'2025-11-23 18:57:25'),(34,'LEAD',138,'2025-11-23 18:57:25'),(34,'LEAD',139,'2025-11-23 18:57:25'),(34,'LEAD',140,'2025-11-23 18:57:25'),(34,'LEAD',142,'2025-11-23 18:57:25'),(34,'LEAD',143,'2025-11-23 18:57:25'),(34,'LEAD',145,'2025-11-23 18:57:25'),(34,'LEAD',146,'2025-11-23 18:57:25'),(34,'LEAD',147,'2025-11-23 18:57:25'),(34,'LEAD',148,'2025-11-23 18:57:25'),(34,'LEAD',150,'2025-11-23 18:57:25'),(34,'LEAD',151,'2025-11-23 18:57:25'),(34,'LEAD',153,'2025-11-23 18:57:25'),(34,'LEAD',157,'2025-11-23 18:57:25'),(34,'LEAD',164,'2025-11-23 18:57:25'),(34,'LEAD',165,'2025-11-23 18:57:25'),(34,'LEAD',167,'2025-11-23 18:57:25'),(34,'LEAD',168,'2025-11-23 18:57:25'),(34,'LEAD',171,'2025-11-23 18:57:25'),(34,'LEAD',172,'2025-11-23 18:57:25'),(34,'LEAD',204,'2025-11-23 18:57:25'),(34,'LEAD',206,'2025-11-23 18:57:25'),(34,'LEAD',208,'2025-11-23 18:57:25'),(34,'LEAD',210,'2025-11-23 18:57:25'),(34,'LEAD',212,'2025-11-23 18:57:25'),(34,'LEAD',214,'2025-11-23 18:57:25'),(34,'LEAD',216,'2025-11-23 18:57:25'),(34,'LEAD',218,'2025-11-23 18:57:25'),(34,'LEAD',220,'2025-11-23 18:57:25'),(34,'LEAD',222,'2025-11-23 18:57:25'),(34,'LEAD',224,'2025-11-23 18:57:25'),(34,'LEAD',226,'2025-11-23 18:57:25'),(34,'LEAD',228,'2025-11-23 18:57:25'),(34,'LEAD',230,'2025-11-23 18:57:25'),(34,'LEAD',232,'2025-11-23 18:57:25'),(35,'LEAD',143,'2025-11-23 14:44:23'),(35,'LEAD',151,'2025-11-23 14:44:23'),(36,'LEAD',15,'2025-11-23 15:06:21'),(36,'LEAD',57,'2025-11-23 15:06:21'),(36,'LEAD',61,'2025-11-23 15:06:21'),(36,'LEAD',62,'2025-11-23 15:06:21'),(36,'LEAD',63,'2025-11-23 15:06:21'),(36,'LEAD',67,'2025-11-23 15:06:21'),(36,'LEAD',68,'2025-11-23 15:06:21'),(36,'LEAD',70,'2025-11-23 15:06:21'),(36,'LEAD',72,'2025-11-23 15:06:21'),(36,'LEAD',73,'2025-11-23 15:06:21'),(36,'LEAD',74,'2025-11-23 15:06:21'),(36,'LEAD',76,'2025-11-23 15:06:21'),(36,'LEAD',79,'2025-11-23 15:06:21'),(36,'LEAD',81,'2025-11-23 15:06:21'),(36,'LEAD',82,'2025-11-23 15:06:21'),(36,'LEAD',87,'2025-11-23 15:06:21'),(36,'LEAD',89,'2025-11-23 15:06:21'),(36,'LEAD',166,'2025-11-23 15:06:21'),(36,'LEAD',169,'2025-11-23 15:06:21'),(36,'LEAD',170,'2025-11-23 15:06:21'),(36,'LEAD',173,'2025-11-23 15:06:21'),(36,'LEAD',174,'2025-11-23 15:06:21'),(36,'LEAD',203,'2025-11-23 15:06:21'),(36,'LEAD',207,'2025-11-23 15:06:21'),(36,'LEAD',209,'2025-11-23 15:06:21'),(36,'LEAD',215,'2025-11-23 15:06:21'),(36,'LEAD',219,'2025-11-23 15:06:21'),(36,'LEAD',221,'2025-11-23 15:06:21'),(36,'LEAD',223,'2025-11-23 15:06:21'),(36,'LEAD',227,'2025-11-23 15:06:21'),(37,'LEAD',15,'2025-11-23 16:54:46'),(37,'LEAD',57,'2025-11-23 16:54:46'),(37,'LEAD',61,'2025-11-23 16:54:46'),(37,'LEAD',62,'2025-11-23 16:54:46'),(37,'LEAD',63,'2025-11-23 16:54:46'),(37,'LEAD',67,'2025-11-23 16:54:46'),(37,'LEAD',68,'2025-11-23 16:54:46'),(37,'LEAD',70,'2025-11-23 16:54:46'),(37,'LEAD',72,'2025-11-23 16:54:46'),(37,'LEAD',73,'2025-11-23 16:54:46'),(37,'LEAD',74,'2025-11-23 16:54:46'),(37,'LEAD',76,'2025-11-23 16:54:46'),(37,'LEAD',79,'2025-11-23 16:54:46'),(37,'LEAD',81,'2025-11-23 16:54:46'),(37,'LEAD',82,'2025-11-23 16:54:46'),(37,'LEAD',87,'2025-11-23 16:54:46'),(37,'LEAD',89,'2025-11-23 16:54:46'),(37,'LEAD',166,'2025-11-23 16:54:46'),(37,'LEAD',169,'2025-11-23 16:54:46'),(37,'LEAD',170,'2025-11-23 16:54:46'),(37,'LEAD',173,'2025-11-23 16:54:46'),(37,'LEAD',174,'2025-11-23 16:54:46'),(37,'LEAD',203,'2025-11-23 16:54:46'),(37,'LEAD',207,'2025-11-23 16:54:46'),(37,'LEAD',209,'2025-11-23 16:54:46'),(37,'LEAD',215,'2025-11-23 16:54:46'),(37,'LEAD',219,'2025-11-23 16:54:46'),(37,'LEAD',221,'2025-11-23 16:54:46'),(37,'LEAD',223,'2025-11-23 16:54:46'),(37,'LEAD',227,'2025-11-23 16:54:46'),(38,'LEAD',1,'2025-11-27 09:42:21'),(38,'LEAD',2,'2025-11-27 09:42:21'),(38,'LEAD',14,'2025-11-27 09:42:21'),(38,'LEAD',15,'2025-11-27 09:42:21'),(38,'LEAD',24,'2025-11-27 09:42:21'),(38,'LEAD',56,'2025-11-27 09:42:21'),(38,'LEAD',57,'2025-11-27 09:42:21'),(38,'LEAD',59,'2025-11-27 09:42:21'),(38,'LEAD',60,'2025-11-27 09:42:21'),(38,'LEAD',61,'2025-11-27 09:42:21'),(38,'LEAD',62,'2025-11-27 09:42:21'),(38,'LEAD',63,'2025-11-27 09:42:21'),(38,'LEAD',64,'2025-11-27 09:42:21'),(38,'LEAD',65,'2025-11-27 09:42:21'),(38,'LEAD',66,'2025-11-27 09:42:21'),(38,'LEAD',67,'2025-11-27 09:42:21'),(38,'LEAD',68,'2025-11-27 09:42:21'),(38,'LEAD',69,'2025-11-27 09:42:21'),(38,'LEAD',70,'2025-11-27 09:42:21'),(38,'LEAD',71,'2025-11-27 09:42:21'),(38,'LEAD',72,'2025-11-27 09:42:21'),(38,'LEAD',73,'2025-11-27 09:42:21'),(38,'LEAD',74,'2025-11-27 09:42:21'),(38,'LEAD',75,'2025-11-27 09:42:21'),(38,'LEAD',76,'2025-11-27 09:42:21'),(38,'LEAD',77,'2025-11-27 09:42:21'),(38,'LEAD',78,'2025-11-27 09:42:21'),(38,'LEAD',79,'2025-11-27 09:42:21'),(38,'LEAD',80,'2025-11-27 09:42:21'),(38,'LEAD',81,'2025-11-27 09:42:21'),(38,'LEAD',82,'2025-11-27 09:42:21'),(38,'LEAD',83,'2025-11-27 09:42:21'),(38,'LEAD',84,'2025-11-27 09:42:21'),(38,'LEAD',85,'2025-11-27 09:42:21'),(38,'LEAD',86,'2025-11-27 09:42:21'),(38,'LEAD',87,'2025-11-27 09:42:21'),(38,'LEAD',88,'2025-11-27 09:42:21'),(38,'LEAD',89,'2025-11-27 09:42:21'),(38,'LEAD',90,'2025-11-27 09:42:21'),(38,'LEAD',91,'2025-11-27 09:42:21'),(38,'LEAD',92,'2025-11-27 09:42:21'),(38,'LEAD',93,'2025-11-27 09:42:21'),(38,'LEAD',94,'2025-11-27 09:42:21'),(38,'LEAD',95,'2025-11-27 09:42:21'),(38,'LEAD',96,'2025-11-27 09:42:21'),(38,'LEAD',97,'2025-11-27 09:42:21'),(38,'LEAD',98,'2025-11-27 09:42:21'),(38,'LEAD',99,'2025-11-27 09:42:21'),(38,'LEAD',100,'2025-11-27 09:42:21'),(38,'LEAD',101,'2025-11-27 09:42:21'),(38,'LEAD',102,'2025-11-27 09:42:21'),(38,'LEAD',103,'2025-11-27 09:42:21'),(38,'LEAD',104,'2025-11-27 09:42:21'),(38,'LEAD',105,'2025-11-27 09:42:21'),(38,'LEAD',106,'2025-11-27 09:42:21'),(38,'LEAD',107,'2025-11-27 09:42:21'),(38,'LEAD',108,'2025-11-27 09:42:21'),(38,'LEAD',109,'2025-11-27 09:42:21'),(38,'LEAD',110,'2025-11-27 09:42:21'),(38,'LEAD',111,'2025-11-27 09:42:21'),(38,'LEAD',112,'2025-11-27 09:42:21'),(38,'LEAD',113,'2025-11-27 09:42:21'),(38,'LEAD',114,'2025-11-27 09:42:21'),(38,'LEAD',115,'2025-11-27 09:42:21'),(38,'LEAD',116,'2025-11-27 09:42:21'),(38,'LEAD',117,'2025-11-27 09:42:21'),(38,'LEAD',120,'2025-11-27 09:42:21'),(38,'LEAD',121,'2025-11-27 09:42:21'),(38,'LEAD',122,'2025-11-27 09:42:21'),(38,'LEAD',123,'2025-11-27 09:42:21'),(38,'LEAD',124,'2025-11-27 09:42:21'),(38,'LEAD',125,'2025-11-27 09:42:21'),(38,'LEAD',126,'2025-11-27 09:42:21'),(38,'LEAD',127,'2025-11-27 09:42:21'),(38,'LEAD',128,'2025-11-27 09:42:21'),(38,'LEAD',129,'2025-11-27 09:42:21'),(38,'LEAD',130,'2025-11-27 09:42:21'),(38,'LEAD',131,'2025-11-27 09:42:21'),(38,'LEAD',132,'2025-11-27 09:42:21'),(38,'LEAD',133,'2025-11-27 09:42:21'),(38,'LEAD',134,'2025-11-27 09:42:21'),(38,'LEAD',135,'2025-11-27 09:42:21'),(38,'LEAD',136,'2025-11-27 09:42:21'),(38,'LEAD',137,'2025-11-27 09:42:21'),(38,'LEAD',138,'2025-11-27 09:42:21'),(38,'LEAD',139,'2025-11-27 09:42:21'),(38,'LEAD',140,'2025-11-27 09:42:21'),(38,'LEAD',141,'2025-11-27 09:42:21'),(38,'LEAD',142,'2025-11-27 09:42:21'),(38,'LEAD',143,'2025-11-27 09:42:21'),(38,'LEAD',144,'2025-11-27 09:42:21'),(38,'LEAD',145,'2025-11-27 09:42:21'),(38,'LEAD',146,'2025-11-27 09:42:21'),(38,'LEAD',147,'2025-11-27 09:42:21'),(38,'LEAD',148,'2025-11-27 09:42:21'),(38,'LEAD',149,'2025-11-27 09:42:21'),(38,'LEAD',150,'2025-11-27 09:42:21'),(38,'LEAD',151,'2025-11-27 09:42:21'),(38,'LEAD',152,'2025-11-27 09:42:21'),(38,'LEAD',153,'2025-11-27 09:42:21'),(38,'LEAD',154,'2025-11-27 09:42:21'),(38,'LEAD',155,'2025-11-27 09:42:21'),(38,'LEAD',156,'2025-11-27 09:42:21'),(38,'LEAD',157,'2025-11-27 09:42:21'),(38,'LEAD',158,'2025-11-27 09:42:21'),(38,'LEAD',159,'2025-11-27 09:42:21'),(38,'LEAD',160,'2025-11-27 09:42:21'),(38,'LEAD',161,'2025-11-27 09:42:21'),(38,'LEAD',162,'2025-11-27 09:42:21'),(38,'LEAD',163,'2025-11-27 09:42:21'),(38,'LEAD',164,'2025-11-27 09:42:21'),(38,'LEAD',165,'2025-11-27 09:42:21'),(38,'LEAD',166,'2025-11-27 09:42:21'),(38,'LEAD',167,'2025-11-27 09:42:21'),(38,'LEAD',168,'2025-11-27 09:42:21'),(38,'LEAD',169,'2025-11-27 09:42:21'),(38,'LEAD',170,'2025-11-27 09:42:21'),(38,'LEAD',171,'2025-11-27 09:42:21'),(38,'LEAD',172,'2025-11-27 09:42:21'),(38,'LEAD',173,'2025-11-27 09:42:21'),(38,'LEAD',174,'2025-11-27 09:42:21'),(38,'LEAD',175,'2025-11-27 09:42:21'),(38,'LEAD',176,'2025-11-27 09:42:21'),(38,'LEAD',177,'2025-11-27 09:42:21'),(38,'LEAD',178,'2025-11-27 09:42:21'),(38,'LEAD',179,'2025-11-27 09:42:21'),(38,'LEAD',180,'2025-11-27 09:42:21'),(38,'LEAD',181,'2025-11-27 09:42:21'),(38,'LEAD',203,'2025-11-27 09:42:21'),(38,'LEAD',204,'2025-11-27 09:42:21'),(38,'LEAD',205,'2025-11-27 09:42:21'),(38,'LEAD',206,'2025-11-27 09:42:21'),(38,'LEAD',207,'2025-11-27 09:42:21'),(38,'LEAD',208,'2025-11-27 09:42:21'),(38,'LEAD',209,'2025-11-27 09:42:21'),(38,'LEAD',210,'2025-11-27 09:42:21'),(38,'LEAD',211,'2025-11-27 09:42:21'),(38,'LEAD',212,'2025-11-27 09:42:21'),(38,'LEAD',213,'2025-11-27 09:42:21'),(38,'LEAD',214,'2025-11-27 09:42:21'),(38,'LEAD',215,'2025-11-27 09:42:21'),(38,'LEAD',216,'2025-11-27 09:42:21'),(38,'LEAD',217,'2025-11-27 09:42:21'),(38,'LEAD',218,'2025-11-27 09:42:21'),(38,'LEAD',219,'2025-11-27 09:42:21'),(38,'LEAD',220,'2025-11-27 09:42:21'),(38,'LEAD',221,'2025-11-27 09:42:21'),(38,'LEAD',222,'2025-11-27 09:42:21'),(38,'LEAD',223,'2025-11-27 09:42:21'),(38,'LEAD',224,'2025-11-27 09:42:21'),(38,'LEAD',225,'2025-11-27 09:42:21'),(38,'LEAD',226,'2025-11-27 09:42:21'),(38,'LEAD',227,'2025-11-27 09:42:21'),(38,'LEAD',228,'2025-11-27 09:42:21'),(38,'LEAD',229,'2025-11-27 09:42:21'),(38,'LEAD',230,'2025-11-27 09:42:21'),(38,'LEAD',231,'2025-11-27 09:42:21'),(38,'LEAD',232,'2025-11-27 09:42:21'),(38,'LEAD',233,'2025-11-27 09:42:21'),(38,'LEAD',234,'2025-11-27 09:42:21'),(39,'LEAD',14,'2025-11-27 10:16:59'),(39,'LEAD',24,'2025-11-27 10:16:59'),(39,'LEAD',57,'2025-11-27 10:16:59'),(39,'LEAD',59,'2025-11-27 10:16:59'),(39,'LEAD',61,'2025-11-27 10:16:59'),(39,'LEAD',66,'2025-11-27 10:16:59'),(39,'LEAD',72,'2025-11-27 10:16:59'),(39,'LEAD',73,'2025-11-27 10:16:59'),(39,'LEAD',80,'2025-11-27 10:16:59'),(39,'LEAD',87,'2025-11-27 10:16:59'),(39,'LEAD',89,'2025-11-27 10:16:59'),(39,'LEAD',92,'2025-11-27 10:16:59'),(39,'LEAD',99,'2025-11-27 10:16:59'),(39,'LEAD',107,'2025-11-27 10:16:59'),(39,'LEAD',108,'2025-11-27 10:16:59'),(39,'LEAD',113,'2025-11-27 10:16:59'),(39,'LEAD',130,'2025-11-27 10:16:59'),(39,'LEAD',132,'2025-11-27 10:16:59'),(39,'LEAD',134,'2025-11-27 10:16:59'),(39,'LEAD',139,'2025-11-27 10:16:59'),(39,'LEAD',142,'2025-11-27 10:16:59'),(39,'LEAD',143,'2025-11-27 10:16:59'),(39,'LEAD',148,'2025-11-27 10:16:59'),(39,'LEAD',150,'2025-11-27 10:16:59'),(39,'LEAD',151,'2025-11-27 10:16:59'),(39,'LEAD',156,'2025-11-27 10:16:59'),(39,'LEAD',164,'2025-11-27 10:16:59'),(39,'LEAD',168,'2025-11-27 10:16:59'),(39,'LEAD',172,'2025-11-27 10:16:59'),(39,'LEAD',203,'2025-11-27 10:16:59'),(39,'LEAD',204,'2025-11-27 10:16:59'),(39,'LEAD',207,'2025-11-27 10:16:59'),(39,'LEAD',210,'2025-11-27 10:16:59'),(39,'LEAD',213,'2025-11-27 10:16:59'),(39,'LEAD',215,'2025-11-27 10:16:59'),(39,'LEAD',216,'2025-11-27 10:16:59'),(39,'LEAD',219,'2025-11-27 10:16:59'),(39,'LEAD',221,'2025-11-27 10:16:59'),(39,'LEAD',223,'2025-11-27 10:16:59'),(39,'LEAD',224,'2025-11-27 10:16:59'),(39,'LEAD',227,'2025-11-27 10:16:59'),(39,'LEAD',229,'2025-11-27 10:16:59'),(39,'LEAD',231,'2025-11-27 10:16:59'),(39,'LEAD',233,'2025-11-27 10:16:59'),(40,'LEAD',14,'2025-12-04 00:56:13'),(40,'LEAD',66,'2025-12-04 00:56:13'),(40,'LEAD',80,'2025-12-04 00:56:13'),(40,'LEAD',99,'2025-12-04 00:56:13'),(40,'LEAD',108,'2025-12-04 00:56:13'),(40,'LEAD',113,'2025-12-04 00:56:13'),(40,'LEAD',130,'2025-12-04 00:56:13'),(40,'LEAD',132,'2025-12-04 00:56:13'),(40,'LEAD',134,'2025-12-04 00:56:13'),(40,'LEAD',139,'2025-12-04 00:56:13'),(40,'LEAD',142,'2025-12-04 00:56:13'),(40,'LEAD',143,'2025-12-04 00:56:13'),(40,'LEAD',148,'2025-12-04 00:56:13'),(40,'LEAD',150,'2025-12-04 00:56:13'),(40,'LEAD',151,'2025-12-04 00:56:13'),(40,'LEAD',164,'2025-12-04 00:56:13'),(40,'LEAD',168,'2025-12-04 00:56:13'),(40,'LEAD',172,'2025-12-04 00:56:13'),(40,'LEAD',204,'2025-12-04 00:56:13'),(40,'LEAD',210,'2025-12-04 00:56:13'),(40,'LEAD',224,'2025-12-04 00:56:13'),(42,'LEAD',66,'2025-12-04 01:40:28'),(42,'LEAD',108,'2025-12-04 01:40:28'),(42,'LEAD',130,'2025-12-04 01:40:28'),(42,'LEAD',132,'2025-12-04 01:40:28'),(42,'LEAD',139,'2025-12-04 01:40:28'),(42,'LEAD',142,'2025-12-04 01:40:28'),(42,'LEAD',143,'2025-12-04 01:40:28'),(42,'LEAD',150,'2025-12-04 01:40:28'),(42,'LEAD',151,'2025-12-04 01:40:28'),(42,'LEAD',168,'2025-12-04 01:40:28'),(43,'LEAD',239,'2025-12-04 15:33:22'),(44,'LEAD',251,'2025-12-04 13:26:15'),(46,'LEAD',24,'2025-12-06 00:08:07'),(46,'LEAD',233,'2025-12-06 00:08:07'),(46,'LEAD',234,'2025-12-06 00:08:07'),(46,'LEAD',250,'2025-12-06 00:08:07'),(46,'LEAD',252,'2025-12-06 00:08:07'),(46,'LEAD',253,'2025-12-06 00:08:07'),(46,'LEAD',254,'2025-12-06 00:08:07'),(47,'LEAD',14,'2025-12-06 00:22:41'),(47,'LEAD',56,'2025-12-06 00:22:41'),(47,'LEAD',60,'2025-12-06 00:22:41'),(47,'LEAD',64,'2025-12-06 00:22:41'),(47,'LEAD',65,'2025-12-06 00:22:41'),(47,'LEAD',66,'2025-12-06 00:22:41'),(47,'LEAD',69,'2025-12-06 00:22:41'),(47,'LEAD',71,'2025-12-06 00:22:41'),(47,'LEAD',75,'2025-12-06 00:22:41'),(47,'LEAD',77,'2025-12-06 00:22:41'),(47,'LEAD',78,'2025-12-06 00:22:41'),(47,'LEAD',80,'2025-12-06 00:22:41'),(47,'LEAD',83,'2025-12-06 00:22:41'),(47,'LEAD',84,'2025-12-06 00:22:41'),(47,'LEAD',85,'2025-12-06 00:22:41'),(47,'LEAD',86,'2025-12-06 00:22:41'),(47,'LEAD',88,'2025-12-06 00:22:41'),(47,'LEAD',95,'2025-12-06 00:22:41'),(47,'LEAD',97,'2025-12-06 00:22:41'),(47,'LEAD',99,'2025-12-06 00:22:41'),(47,'LEAD',100,'2025-12-06 00:22:41'),(47,'LEAD',101,'2025-12-06 00:22:41'),(47,'LEAD',106,'2025-12-06 00:22:41'),(47,'LEAD',108,'2025-12-06 00:22:41'),(47,'LEAD',110,'2025-12-06 00:22:41'),(47,'LEAD',111,'2025-12-06 00:22:41'),(47,'LEAD',113,'2025-12-06 00:22:41'),(47,'LEAD',115,'2025-12-06 00:22:41'),(47,'LEAD',117,'2025-12-06 00:22:41'),(47,'LEAD',121,'2025-12-06 00:22:41'),(47,'LEAD',122,'2025-12-06 00:22:41'),(47,'LEAD',123,'2025-12-06 00:22:41'),(47,'LEAD',124,'2025-12-06 00:22:41'),(47,'LEAD',126,'2025-12-06 00:22:41'),(47,'LEAD',128,'2025-12-06 00:22:41'),(47,'LEAD',130,'2025-12-06 00:22:41'),(47,'LEAD',132,'2025-12-06 00:22:41'),(47,'LEAD',134,'2025-12-06 00:22:41'),(47,'LEAD',136,'2025-12-06 00:22:41'),(47,'LEAD',137,'2025-12-06 00:22:41'),(47,'LEAD',138,'2025-12-06 00:22:41'),(47,'LEAD',139,'2025-12-06 00:22:41'),(47,'LEAD',140,'2025-12-06 00:22:41'),(47,'LEAD',142,'2025-12-06 00:22:41'),(47,'LEAD',143,'2025-12-06 00:22:41'),(47,'LEAD',145,'2025-12-06 00:22:41'),(47,'LEAD',146,'2025-12-06 00:22:41'),(47,'LEAD',147,'2025-12-06 00:22:41'),(47,'LEAD',148,'2025-12-06 00:22:41'),(47,'LEAD',150,'2025-12-06 00:22:41'),(47,'LEAD',151,'2025-12-06 00:22:41'),(47,'LEAD',153,'2025-12-06 00:22:41'),(47,'LEAD',157,'2025-12-06 00:22:41'),(47,'LEAD',164,'2025-12-06 00:22:41'),(47,'LEAD',165,'2025-12-06 00:22:41'),(47,'LEAD',167,'2025-12-06 00:22:41'),(47,'LEAD',168,'2025-12-06 00:22:41'),(47,'LEAD',171,'2025-12-06 00:22:41'),(47,'LEAD',172,'2025-12-06 00:22:41'),(47,'LEAD',204,'2025-12-06 00:22:41'),(47,'LEAD',206,'2025-12-06 00:22:41'),(47,'LEAD',208,'2025-12-06 00:22:41'),(47,'LEAD',210,'2025-12-06 00:22:41'),(47,'LEAD',212,'2025-12-06 00:22:41'),(47,'LEAD',214,'2025-12-06 00:22:41'),(47,'LEAD',216,'2025-12-06 00:22:41'),(47,'LEAD',218,'2025-12-06 00:22:41'),(47,'LEAD',220,'2025-12-06 00:22:41'),(47,'LEAD',222,'2025-12-06 00:22:41'),(47,'LEAD',224,'2025-12-06 00:22:41'),(47,'LEAD',226,'2025-12-06 00:22:41'),(47,'LEAD',228,'2025-12-06 00:22:41'),(47,'LEAD',230,'2025-12-06 00:22:41'),(47,'LEAD',232,'2025-12-06 00:22:41'),(47,'LEAD',241,'2025-12-06 00:22:41'),(47,'LEAD',242,'2025-12-06 00:22:41'),(47,'LEAD',243,'2025-12-06 00:22:41'),(47,'LEAD',244,'2025-12-06 00:22:41'),(47,'LEAD',246,'2025-12-06 00:22:41'),(48,'LEAD',14,'2025-12-06 00:30:44'),(48,'LEAD',56,'2025-12-06 00:30:44'),(48,'LEAD',60,'2025-12-06 00:30:44'),(48,'LEAD',64,'2025-12-06 00:30:44'),(48,'LEAD',65,'2025-12-06 00:30:44'),(48,'LEAD',66,'2025-12-06 00:30:44'),(48,'LEAD',69,'2025-12-06 00:30:44'),(48,'LEAD',71,'2025-12-06 00:30:44'),(48,'LEAD',75,'2025-12-06 00:30:44'),(48,'LEAD',77,'2025-12-06 00:30:44'),(48,'LEAD',78,'2025-12-06 00:30:44'),(48,'LEAD',80,'2025-12-06 00:30:44'),(48,'LEAD',83,'2025-12-06 00:30:44'),(48,'LEAD',84,'2025-12-06 00:30:44'),(48,'LEAD',85,'2025-12-06 00:30:44'),(48,'LEAD',86,'2025-12-06 00:30:44'),(48,'LEAD',88,'2025-12-06 00:30:44'),(48,'LEAD',95,'2025-12-06 00:30:44'),(48,'LEAD',97,'2025-12-06 00:30:44'),(48,'LEAD',99,'2025-12-06 00:30:44'),(48,'LEAD',100,'2025-12-06 00:30:44'),(48,'LEAD',101,'2025-12-06 00:30:44'),(48,'LEAD',106,'2025-12-06 00:30:44'),(48,'LEAD',108,'2025-12-06 00:30:44'),(48,'LEAD',110,'2025-12-06 00:30:44'),(48,'LEAD',111,'2025-12-06 00:30:44'),(48,'LEAD',113,'2025-12-06 00:30:44'),(48,'LEAD',115,'2025-12-06 00:30:44'),(48,'LEAD',117,'2025-12-06 00:30:44'),(48,'LEAD',121,'2025-12-06 00:30:44'),(48,'LEAD',122,'2025-12-06 00:30:44'),(48,'LEAD',123,'2025-12-06 00:30:44'),(48,'LEAD',124,'2025-12-06 00:30:44'),(48,'LEAD',126,'2025-12-06 00:30:44'),(48,'LEAD',128,'2025-12-06 00:30:44'),(48,'LEAD',130,'2025-12-06 00:30:44'),(48,'LEAD',132,'2025-12-06 00:30:44'),(48,'LEAD',134,'2025-12-06 00:30:44'),(48,'LEAD',136,'2025-12-06 00:30:44'),(48,'LEAD',137,'2025-12-06 00:30:44'),(48,'LEAD',138,'2025-12-06 00:30:44'),(48,'LEAD',139,'2025-12-06 00:30:44'),(48,'LEAD',140,'2025-12-06 00:30:44'),(48,'LEAD',142,'2025-12-06 00:30:44'),(48,'LEAD',143,'2025-12-06 00:30:44'),(48,'LEAD',145,'2025-12-06 00:30:44'),(48,'LEAD',146,'2025-12-06 00:30:44'),(48,'LEAD',147,'2025-12-06 00:30:44'),(48,'LEAD',148,'2025-12-06 00:30:44'),(48,'LEAD',150,'2025-12-06 00:30:44'),(48,'LEAD',151,'2025-12-06 00:30:44'),(48,'LEAD',153,'2025-12-06 00:30:44'),(48,'LEAD',157,'2025-12-06 00:30:44'),(48,'LEAD',164,'2025-12-06 00:30:44'),(48,'LEAD',165,'2025-12-06 00:30:44'),(48,'LEAD',167,'2025-12-06 00:30:44'),(48,'LEAD',168,'2025-12-06 00:30:44'),(48,'LEAD',171,'2025-12-06 00:30:44'),(48,'LEAD',172,'2025-12-06 00:30:44'),(48,'LEAD',204,'2025-12-06 00:30:44'),(48,'LEAD',206,'2025-12-06 00:30:44'),(48,'LEAD',208,'2025-12-06 00:30:44'),(48,'LEAD',210,'2025-12-06 00:30:44'),(48,'LEAD',212,'2025-12-06 00:30:44'),(48,'LEAD',214,'2025-12-06 00:30:44'),(48,'LEAD',216,'2025-12-06 00:30:44'),(48,'LEAD',218,'2025-12-06 00:30:44'),(48,'LEAD',220,'2025-12-06 00:30:44'),(48,'LEAD',222,'2025-12-06 00:30:44'),(48,'LEAD',224,'2025-12-06 00:30:44'),(48,'LEAD',226,'2025-12-06 00:30:44'),(48,'LEAD',228,'2025-12-06 00:30:44'),(48,'LEAD',230,'2025-12-06 00:30:44'),(48,'LEAD',232,'2025-12-06 00:30:44'),(48,'LEAD',241,'2025-12-06 00:30:44'),(48,'LEAD',242,'2025-12-06 00:30:44'),(48,'LEAD',243,'2025-12-06 00:30:44'),(48,'LEAD',244,'2025-12-06 00:30:44'),(48,'LEAD',246,'2025-12-06 00:30:44'),(49,'LEAD',14,'2025-12-06 00:31:58'),(49,'LEAD',56,'2025-12-06 00:31:58'),(49,'LEAD',60,'2025-12-06 00:31:58'),(49,'LEAD',64,'2025-12-06 00:31:58'),(49,'LEAD',65,'2025-12-06 00:31:58'),(49,'LEAD',66,'2025-12-06 00:31:58'),(49,'LEAD',69,'2025-12-06 00:31:58'),(49,'LEAD',71,'2025-12-06 00:31:58'),(49,'LEAD',75,'2025-12-06 00:31:58'),(49,'LEAD',77,'2025-12-06 00:31:58'),(49,'LEAD',78,'2025-12-06 00:31:58'),(49,'LEAD',80,'2025-12-06 00:31:58'),(49,'LEAD',83,'2025-12-06 00:31:58'),(49,'LEAD',84,'2025-12-06 00:31:58'),(49,'LEAD',85,'2025-12-06 00:31:58'),(49,'LEAD',86,'2025-12-06 00:31:58'),(49,'LEAD',88,'2025-12-06 00:31:58'),(49,'LEAD',95,'2025-12-06 00:31:58'),(49,'LEAD',97,'2025-12-06 00:31:58'),(49,'LEAD',99,'2025-12-06 00:31:58'),(49,'LEAD',100,'2025-12-06 00:31:58'),(49,'LEAD',101,'2025-12-06 00:31:58'),(49,'LEAD',106,'2025-12-06 00:31:58'),(49,'LEAD',108,'2025-12-06 00:31:58'),(49,'LEAD',110,'2025-12-06 00:31:58'),(49,'LEAD',111,'2025-12-06 00:31:58'),(49,'LEAD',113,'2025-12-06 00:31:58'),(49,'LEAD',115,'2025-12-06 00:31:58'),(49,'LEAD',117,'2025-12-06 00:31:58'),(49,'LEAD',121,'2025-12-06 00:31:58'),(49,'LEAD',122,'2025-12-06 00:31:58'),(49,'LEAD',123,'2025-12-06 00:31:58'),(49,'LEAD',124,'2025-12-06 00:31:58'),(49,'LEAD',126,'2025-12-06 00:31:58'),(49,'LEAD',128,'2025-12-06 00:31:58'),(49,'LEAD',130,'2025-12-06 00:31:58'),(49,'LEAD',132,'2025-12-06 00:31:58'),(49,'LEAD',134,'2025-12-06 00:31:58'),(49,'LEAD',136,'2025-12-06 00:31:58'),(49,'LEAD',137,'2025-12-06 00:31:58'),(49,'LEAD',138,'2025-12-06 00:31:58'),(49,'LEAD',139,'2025-12-06 00:31:58'),(49,'LEAD',140,'2025-12-06 00:31:58'),(49,'LEAD',142,'2025-12-06 00:31:58'),(49,'LEAD',143,'2025-12-06 00:31:58'),(49,'LEAD',145,'2025-12-06 00:31:58'),(49,'LEAD',146,'2025-12-06 00:31:58'),(49,'LEAD',147,'2025-12-06 00:31:58'),(49,'LEAD',148,'2025-12-06 00:31:58'),(49,'LEAD',150,'2025-12-06 00:31:58'),(49,'LEAD',151,'2025-12-06 00:31:58'),(49,'LEAD',153,'2025-12-06 00:31:58'),(49,'LEAD',157,'2025-12-06 00:31:58'),(49,'LEAD',164,'2025-12-06 00:31:58'),(49,'LEAD',165,'2025-12-06 00:31:58'),(49,'LEAD',167,'2025-12-06 00:31:58'),(49,'LEAD',168,'2025-12-06 00:31:58'),(49,'LEAD',171,'2025-12-06 00:31:58'),(49,'LEAD',172,'2025-12-06 00:31:58'),(49,'LEAD',204,'2025-12-06 00:31:58'),(49,'LEAD',206,'2025-12-06 00:31:58'),(49,'LEAD',208,'2025-12-06 00:31:58'),(49,'LEAD',210,'2025-12-06 00:31:58'),(49,'LEAD',212,'2025-12-06 00:31:58'),(49,'LEAD',214,'2025-12-06 00:31:58'),(49,'LEAD',216,'2025-12-06 00:31:58'),(49,'LEAD',218,'2025-12-06 00:31:58'),(49,'LEAD',220,'2025-12-06 00:31:58'),(49,'LEAD',222,'2025-12-06 00:31:58'),(49,'LEAD',224,'2025-12-06 00:31:58'),(49,'LEAD',226,'2025-12-06 00:31:58'),(49,'LEAD',228,'2025-12-06 00:31:58'),(49,'LEAD',230,'2025-12-06 00:31:58'),(49,'LEAD',232,'2025-12-06 00:31:58'),(49,'LEAD',241,'2025-12-06 00:31:58'),(49,'LEAD',242,'2025-12-06 00:31:58'),(49,'LEAD',243,'2025-12-06 00:31:58'),(49,'LEAD',244,'2025-12-06 00:31:58'),(49,'LEAD',246,'2025-12-06 00:31:58'),(50,'LEAD',14,'2025-12-06 00:33:17'),(50,'LEAD',56,'2025-12-06 00:33:17'),(50,'LEAD',60,'2025-12-06 00:33:17'),(50,'LEAD',64,'2025-12-06 00:33:17'),(50,'LEAD',65,'2025-12-06 00:33:17'),(50,'LEAD',66,'2025-12-06 00:33:17'),(50,'LEAD',69,'2025-12-06 00:33:17'),(50,'LEAD',71,'2025-12-06 00:33:17'),(50,'LEAD',75,'2025-12-06 00:33:17'),(50,'LEAD',77,'2025-12-06 00:33:17'),(50,'LEAD',78,'2025-12-06 00:33:17'),(50,'LEAD',80,'2025-12-06 00:33:17'),(50,'LEAD',83,'2025-12-06 00:33:17'),(50,'LEAD',84,'2025-12-06 00:33:17'),(50,'LEAD',85,'2025-12-06 00:33:17'),(50,'LEAD',86,'2025-12-06 00:33:17'),(50,'LEAD',88,'2025-12-06 00:33:17'),(50,'LEAD',95,'2025-12-06 00:33:17'),(50,'LEAD',97,'2025-12-06 00:33:17'),(50,'LEAD',99,'2025-12-06 00:33:17'),(50,'LEAD',100,'2025-12-06 00:33:17'),(50,'LEAD',101,'2025-12-06 00:33:17'),(50,'LEAD',106,'2025-12-06 00:33:17'),(50,'LEAD',108,'2025-12-06 00:33:17'),(50,'LEAD',110,'2025-12-06 00:33:17'),(50,'LEAD',111,'2025-12-06 00:33:17'),(50,'LEAD',113,'2025-12-06 00:33:17'),(50,'LEAD',115,'2025-12-06 00:33:17'),(50,'LEAD',117,'2025-12-06 00:33:17'),(50,'LEAD',121,'2025-12-06 00:33:17'),(50,'LEAD',122,'2025-12-06 00:33:17'),(50,'LEAD',123,'2025-12-06 00:33:17'),(50,'LEAD',124,'2025-12-06 00:33:17'),(50,'LEAD',126,'2025-12-06 00:33:17'),(50,'LEAD',128,'2025-12-06 00:33:17'),(50,'LEAD',130,'2025-12-06 00:33:17'),(50,'LEAD',132,'2025-12-06 00:33:17'),(50,'LEAD',134,'2025-12-06 00:33:17'),(50,'LEAD',136,'2025-12-06 00:33:17'),(50,'LEAD',137,'2025-12-06 00:33:17'),(50,'LEAD',138,'2025-12-06 00:33:17'),(50,'LEAD',139,'2025-12-06 00:33:17'),(50,'LEAD',140,'2025-12-06 00:33:17'),(50,'LEAD',142,'2025-12-06 00:33:17'),(50,'LEAD',143,'2025-12-06 00:33:17'),(50,'LEAD',145,'2025-12-06 00:33:17'),(50,'LEAD',146,'2025-12-06 00:33:17'),(50,'LEAD',147,'2025-12-06 00:33:17'),(50,'LEAD',148,'2025-12-06 00:33:17'),(50,'LEAD',150,'2025-12-06 00:33:17'),(50,'LEAD',151,'2025-12-06 00:33:17'),(50,'LEAD',153,'2025-12-06 00:33:17'),(50,'LEAD',157,'2025-12-06 00:33:17'),(50,'LEAD',164,'2025-12-06 00:33:17'),(50,'LEAD',165,'2025-12-06 00:33:17'),(50,'LEAD',167,'2025-12-06 00:33:17'),(50,'LEAD',168,'2025-12-06 00:33:17'),(50,'LEAD',171,'2025-12-06 00:33:17'),(50,'LEAD',172,'2025-12-06 00:33:17'),(50,'LEAD',204,'2025-12-06 00:33:17'),(50,'LEAD',206,'2025-12-06 00:33:17'),(50,'LEAD',208,'2025-12-06 00:33:17'),(50,'LEAD',210,'2025-12-06 00:33:17'),(50,'LEAD',212,'2025-12-06 00:33:17'),(50,'LEAD',214,'2025-12-06 00:33:17'),(50,'LEAD',216,'2025-12-06 00:33:17'),(50,'LEAD',218,'2025-12-06 00:33:17'),(50,'LEAD',220,'2025-12-06 00:33:17'),(50,'LEAD',222,'2025-12-06 00:33:17'),(50,'LEAD',224,'2025-12-06 00:33:17'),(50,'LEAD',226,'2025-12-06 00:33:17'),(50,'LEAD',228,'2025-12-06 00:33:17'),(50,'LEAD',230,'2025-12-06 00:33:17'),(50,'LEAD',232,'2025-12-06 00:33:17'),(50,'LEAD',241,'2025-12-06 00:33:17'),(50,'LEAD',242,'2025-12-06 00:33:17'),(50,'LEAD',243,'2025-12-06 00:33:17'),(50,'LEAD',244,'2025-12-06 00:33:17'),(50,'LEAD',246,'2025-12-06 00:33:17'),(51,'LEAD',14,'2025-12-06 00:43:26'),(51,'LEAD',56,'2025-12-06 00:43:26'),(51,'LEAD',60,'2025-12-06 00:43:26'),(51,'LEAD',64,'2025-12-06 00:43:26'),(51,'LEAD',65,'2025-12-06 00:43:26'),(51,'LEAD',66,'2025-12-06 00:43:26'),(51,'LEAD',69,'2025-12-06 00:43:26'),(51,'LEAD',71,'2025-12-06 00:43:26'),(51,'LEAD',75,'2025-12-06 00:43:26'),(51,'LEAD',77,'2025-12-06 00:43:26'),(51,'LEAD',78,'2025-12-06 00:43:26'),(51,'LEAD',80,'2025-12-06 00:43:26'),(51,'LEAD',83,'2025-12-06 00:43:26'),(51,'LEAD',84,'2025-12-06 00:43:26'),(51,'LEAD',85,'2025-12-06 00:43:26'),(51,'LEAD',86,'2025-12-06 00:43:26'),(51,'LEAD',88,'2025-12-06 00:43:26'),(51,'LEAD',95,'2025-12-06 00:43:26'),(51,'LEAD',97,'2025-12-06 00:43:26'),(51,'LEAD',99,'2025-12-06 00:43:26'),(51,'LEAD',100,'2025-12-06 00:43:26'),(51,'LEAD',101,'2025-12-06 00:43:26'),(51,'LEAD',106,'2025-12-06 00:43:26'),(51,'LEAD',108,'2025-12-06 00:43:26'),(51,'LEAD',110,'2025-12-06 00:43:26'),(51,'LEAD',111,'2025-12-06 00:43:26'),(51,'LEAD',113,'2025-12-06 00:43:26'),(51,'LEAD',115,'2025-12-06 00:43:26'),(51,'LEAD',117,'2025-12-06 00:43:26'),(51,'LEAD',121,'2025-12-06 00:43:26'),(51,'LEAD',122,'2025-12-06 00:43:26'),(51,'LEAD',123,'2025-12-06 00:43:26'),(51,'LEAD',124,'2025-12-06 00:43:26'),(51,'LEAD',126,'2025-12-06 00:43:26'),(51,'LEAD',128,'2025-12-06 00:43:26'),(51,'LEAD',130,'2025-12-06 00:43:26'),(51,'LEAD',132,'2025-12-06 00:43:26'),(51,'LEAD',134,'2025-12-06 00:43:26'),(51,'LEAD',136,'2025-12-06 00:43:26'),(51,'LEAD',137,'2025-12-06 00:43:26'),(51,'LEAD',138,'2025-12-06 00:43:26'),(51,'LEAD',139,'2025-12-06 00:43:26'),(51,'LEAD',140,'2025-12-06 00:43:26'),(51,'LEAD',142,'2025-12-06 00:43:26'),(51,'LEAD',143,'2025-12-06 00:43:26'),(51,'LEAD',145,'2025-12-06 00:43:26'),(51,'LEAD',146,'2025-12-06 00:43:26'),(51,'LEAD',147,'2025-12-06 00:43:26'),(51,'LEAD',148,'2025-12-06 00:43:26'),(51,'LEAD',150,'2025-12-06 00:43:26'),(51,'LEAD',151,'2025-12-06 00:43:26'),(51,'LEAD',153,'2025-12-06 00:43:26'),(51,'LEAD',157,'2025-12-06 00:43:26'),(51,'LEAD',164,'2025-12-06 00:43:26'),(51,'LEAD',165,'2025-12-06 00:43:26'),(51,'LEAD',167,'2025-12-06 00:43:26'),(51,'LEAD',168,'2025-12-06 00:43:26'),(51,'LEAD',171,'2025-12-06 00:43:26'),(51,'LEAD',172,'2025-12-06 00:43:26'),(51,'LEAD',204,'2025-12-06 00:43:26'),(51,'LEAD',206,'2025-12-06 00:43:26'),(51,'LEAD',208,'2025-12-06 00:43:26'),(51,'LEAD',210,'2025-12-06 00:43:26'),(51,'LEAD',212,'2025-12-06 00:43:26'),(51,'LEAD',214,'2025-12-06 00:43:26'),(51,'LEAD',216,'2025-12-06 00:43:26'),(51,'LEAD',218,'2025-12-06 00:43:26'),(51,'LEAD',220,'2025-12-06 00:43:26'),(51,'LEAD',222,'2025-12-06 00:43:26'),(51,'LEAD',224,'2025-12-06 00:43:26'),(51,'LEAD',226,'2025-12-06 00:43:26'),(51,'LEAD',228,'2025-12-06 00:43:26'),(51,'LEAD',230,'2025-12-06 00:43:26'),(51,'LEAD',232,'2025-12-06 00:43:26'),(51,'LEAD',241,'2025-12-06 00:43:26'),(51,'LEAD',242,'2025-12-06 00:43:26'),(51,'LEAD',243,'2025-12-06 00:43:26'),(51,'LEAD',244,'2025-12-06 00:43:26'),(51,'LEAD',246,'2025-12-06 00:43:26'),(52,'LEAD',14,'2025-12-06 00:54:32'),(52,'LEAD',56,'2025-12-06 00:54:32'),(52,'LEAD',60,'2025-12-06 00:54:32'),(52,'LEAD',64,'2025-12-06 00:54:32'),(52,'LEAD',65,'2025-12-06 00:54:32'),(52,'LEAD',66,'2025-12-06 00:54:32'),(52,'LEAD',69,'2025-12-06 00:54:32'),(52,'LEAD',71,'2025-12-06 00:54:32'),(52,'LEAD',75,'2025-12-06 00:54:32'),(52,'LEAD',77,'2025-12-06 00:54:32'),(52,'LEAD',78,'2025-12-06 00:54:32'),(52,'LEAD',80,'2025-12-06 00:54:32'),(52,'LEAD',83,'2025-12-06 00:54:32'),(52,'LEAD',84,'2025-12-06 00:54:32'),(52,'LEAD',85,'2025-12-06 00:54:32'),(52,'LEAD',86,'2025-12-06 00:54:32'),(52,'LEAD',88,'2025-12-06 00:54:32'),(52,'LEAD',95,'2025-12-06 00:54:32'),(52,'LEAD',97,'2025-12-06 00:54:32'),(52,'LEAD',99,'2025-12-06 00:54:32'),(52,'LEAD',100,'2025-12-06 00:54:32'),(52,'LEAD',101,'2025-12-06 00:54:32'),(52,'LEAD',106,'2025-12-06 00:54:32'),(52,'LEAD',108,'2025-12-06 00:54:32'),(52,'LEAD',110,'2025-12-06 00:54:32'),(52,'LEAD',111,'2025-12-06 00:54:32'),(52,'LEAD',113,'2025-12-06 00:54:32'),(52,'LEAD',115,'2025-12-06 00:54:32'),(52,'LEAD',117,'2025-12-06 00:54:32'),(52,'LEAD',121,'2025-12-06 00:54:32'),(52,'LEAD',122,'2025-12-06 00:54:32'),(52,'LEAD',123,'2025-12-06 00:54:32'),(52,'LEAD',124,'2025-12-06 00:54:32'),(52,'LEAD',126,'2025-12-06 00:54:32'),(52,'LEAD',128,'2025-12-06 00:54:32'),(52,'LEAD',130,'2025-12-06 00:54:32'),(52,'LEAD',132,'2025-12-06 00:54:32'),(52,'LEAD',134,'2025-12-06 00:54:32'),(52,'LEAD',136,'2025-12-06 00:54:32'),(52,'LEAD',137,'2025-12-06 00:54:32'),(52,'LEAD',138,'2025-12-06 00:54:32'),(52,'LEAD',139,'2025-12-06 00:54:32'),(52,'LEAD',140,'2025-12-06 00:54:32'),(52,'LEAD',142,'2025-12-06 00:54:32'),(52,'LEAD',143,'2025-12-06 00:54:32'),(52,'LEAD',145,'2025-12-06 00:54:32'),(52,'LEAD',146,'2025-12-06 00:54:32'),(52,'LEAD',147,'2025-12-06 00:54:32'),(52,'LEAD',148,'2025-12-06 00:54:32'),(52,'LEAD',150,'2025-12-06 00:54:32'),(52,'LEAD',151,'2025-12-06 00:54:32'),(52,'LEAD',153,'2025-12-06 00:54:32'),(52,'LEAD',157,'2025-12-06 00:54:32'),(52,'LEAD',164,'2025-12-06 00:54:32'),(52,'LEAD',165,'2025-12-06 00:54:32'),(52,'LEAD',167,'2025-12-06 00:54:32'),(52,'LEAD',168,'2025-12-06 00:54:32'),(52,'LEAD',171,'2025-12-06 00:54:32'),(52,'LEAD',172,'2025-12-06 00:54:32'),(52,'LEAD',204,'2025-12-06 00:54:32'),(52,'LEAD',206,'2025-12-06 00:54:32'),(52,'LEAD',208,'2025-12-06 00:54:32'),(52,'LEAD',210,'2025-12-06 00:54:32'),(52,'LEAD',212,'2025-12-06 00:54:32'),(52,'LEAD',214,'2025-12-06 00:54:32'),(52,'LEAD',216,'2025-12-06 00:54:32'),(52,'LEAD',218,'2025-12-06 00:54:32'),(52,'LEAD',220,'2025-12-06 00:54:32'),(52,'LEAD',222,'2025-12-06 00:54:32'),(52,'LEAD',224,'2025-12-06 00:54:32'),(52,'LEAD',226,'2025-12-06 00:54:32'),(52,'LEAD',228,'2025-12-06 00:54:32'),(52,'LEAD',230,'2025-12-06 00:54:32'),(52,'LEAD',232,'2025-12-06 00:54:32'),(52,'LEAD',241,'2025-12-06 00:54:32'),(52,'LEAD',242,'2025-12-06 00:54:32'),(52,'LEAD',243,'2025-12-06 00:54:32'),(52,'LEAD',244,'2025-12-06 00:54:32'),(52,'LEAD',246,'2025-12-06 00:54:32'),(53,'LEAD',14,'2025-12-06 01:01:44'),(53,'LEAD',56,'2025-12-06 01:01:44'),(53,'LEAD',60,'2025-12-06 01:01:44'),(53,'LEAD',64,'2025-12-06 01:01:44'),(53,'LEAD',65,'2025-12-06 01:01:44'),(53,'LEAD',66,'2025-12-06 01:01:44'),(53,'LEAD',69,'2025-12-06 01:01:44'),(53,'LEAD',71,'2025-12-06 01:01:44'),(53,'LEAD',75,'2025-12-06 01:01:44'),(53,'LEAD',77,'2025-12-06 01:01:44'),(53,'LEAD',78,'2025-12-06 01:01:44'),(53,'LEAD',80,'2025-12-06 01:01:44'),(53,'LEAD',83,'2025-12-06 01:01:44'),(53,'LEAD',84,'2025-12-06 01:01:44'),(53,'LEAD',85,'2025-12-06 01:01:44'),(53,'LEAD',86,'2025-12-06 01:01:44'),(53,'LEAD',88,'2025-12-06 01:01:44'),(53,'LEAD',95,'2025-12-06 01:01:44'),(53,'LEAD',97,'2025-12-06 01:01:44'),(53,'LEAD',99,'2025-12-06 01:01:44'),(53,'LEAD',100,'2025-12-06 01:01:44'),(53,'LEAD',101,'2025-12-06 01:01:44'),(53,'LEAD',106,'2025-12-06 01:01:44'),(53,'LEAD',108,'2025-12-06 01:01:44'),(53,'LEAD',110,'2025-12-06 01:01:44'),(53,'LEAD',111,'2025-12-06 01:01:44'),(53,'LEAD',113,'2025-12-06 01:01:44'),(53,'LEAD',115,'2025-12-06 01:01:44'),(53,'LEAD',117,'2025-12-06 01:01:44'),(53,'LEAD',121,'2025-12-06 01:01:44'),(53,'LEAD',122,'2025-12-06 01:01:44'),(53,'LEAD',123,'2025-12-06 01:01:44'),(53,'LEAD',124,'2025-12-06 01:01:44'),(53,'LEAD',126,'2025-12-06 01:01:44'),(53,'LEAD',128,'2025-12-06 01:01:44'),(53,'LEAD',130,'2025-12-06 01:01:44'),(53,'LEAD',132,'2025-12-06 01:01:44'),(53,'LEAD',134,'2025-12-06 01:01:44'),(53,'LEAD',136,'2025-12-06 01:01:44'),(53,'LEAD',137,'2025-12-06 01:01:44'),(53,'LEAD',138,'2025-12-06 01:01:44'),(53,'LEAD',139,'2025-12-06 01:01:44'),(53,'LEAD',140,'2025-12-06 01:01:44'),(53,'LEAD',142,'2025-12-06 01:01:44'),(53,'LEAD',143,'2025-12-06 01:01:44'),(53,'LEAD',145,'2025-12-06 01:01:44'),(53,'LEAD',146,'2025-12-06 01:01:44'),(53,'LEAD',147,'2025-12-06 01:01:44'),(53,'LEAD',148,'2025-12-06 01:01:44'),(53,'LEAD',150,'2025-12-06 01:01:44'),(53,'LEAD',151,'2025-12-06 01:01:44'),(53,'LEAD',153,'2025-12-06 01:01:44'),(53,'LEAD',157,'2025-12-06 01:01:44'),(53,'LEAD',164,'2025-12-06 01:01:44'),(53,'LEAD',165,'2025-12-06 01:01:44'),(53,'LEAD',167,'2025-12-06 01:01:44'),(53,'LEAD',168,'2025-12-06 01:01:44'),(53,'LEAD',171,'2025-12-06 01:01:44'),(53,'LEAD',172,'2025-12-06 01:01:44'),(53,'LEAD',204,'2025-12-06 01:01:44'),(53,'LEAD',206,'2025-12-06 01:01:44'),(53,'LEAD',208,'2025-12-06 01:01:44'),(53,'LEAD',210,'2025-12-06 01:01:44'),(53,'LEAD',212,'2025-12-06 01:01:44'),(53,'LEAD',214,'2025-12-06 01:01:44'),(53,'LEAD',216,'2025-12-06 01:01:44'),(53,'LEAD',218,'2025-12-06 01:01:44'),(53,'LEAD',220,'2025-12-06 01:01:44'),(53,'LEAD',222,'2025-12-06 01:01:44'),(53,'LEAD',224,'2025-12-06 01:01:44'),(53,'LEAD',226,'2025-12-06 01:01:44'),(53,'LEAD',228,'2025-12-06 01:01:44'),(53,'LEAD',230,'2025-12-06 01:01:44'),(53,'LEAD',232,'2025-12-06 01:01:44'),(53,'LEAD',241,'2025-12-06 01:01:44'),(53,'LEAD',242,'2025-12-06 01:01:44'),(53,'LEAD',243,'2025-12-06 01:01:44'),(53,'LEAD',244,'2025-12-06 01:01:44'),(53,'LEAD',246,'2025-12-06 01:01:44'),(54,'LEAD',14,'2025-12-06 01:14:04'),(54,'LEAD',56,'2025-12-06 01:14:04'),(54,'LEAD',60,'2025-12-06 01:14:04'),(54,'LEAD',64,'2025-12-06 01:14:04'),(54,'LEAD',65,'2025-12-06 01:14:04'),(54,'LEAD',66,'2025-12-06 01:14:04'),(54,'LEAD',69,'2025-12-06 01:14:04'),(54,'LEAD',71,'2025-12-06 01:14:04'),(54,'LEAD',75,'2025-12-06 01:14:04'),(54,'LEAD',77,'2025-12-06 01:14:04'),(54,'LEAD',78,'2025-12-06 01:14:04'),(54,'LEAD',80,'2025-12-06 01:14:04'),(54,'LEAD',83,'2025-12-06 01:14:04'),(54,'LEAD',84,'2025-12-06 01:14:04'),(54,'LEAD',85,'2025-12-06 01:14:04'),(54,'LEAD',86,'2025-12-06 01:14:04'),(54,'LEAD',88,'2025-12-06 01:14:04'),(54,'LEAD',95,'2025-12-06 01:14:04'),(54,'LEAD',97,'2025-12-06 01:14:04'),(54,'LEAD',99,'2025-12-06 01:14:04'),(54,'LEAD',100,'2025-12-06 01:14:04'),(54,'LEAD',101,'2025-12-06 01:14:04'),(54,'LEAD',106,'2025-12-06 01:14:04'),(54,'LEAD',108,'2025-12-06 01:14:04'),(54,'LEAD',110,'2025-12-06 01:14:04'),(54,'LEAD',111,'2025-12-06 01:14:04'),(54,'LEAD',113,'2025-12-06 01:14:04'),(54,'LEAD',115,'2025-12-06 01:14:04'),(54,'LEAD',117,'2025-12-06 01:14:04'),(54,'LEAD',121,'2025-12-06 01:14:04'),(54,'LEAD',122,'2025-12-06 01:14:04'),(54,'LEAD',123,'2025-12-06 01:14:04'),(54,'LEAD',124,'2025-12-06 01:14:04'),(54,'LEAD',126,'2025-12-06 01:14:04'),(54,'LEAD',128,'2025-12-06 01:14:04'),(54,'LEAD',130,'2025-12-06 01:14:04'),(54,'LEAD',132,'2025-12-06 01:14:04'),(54,'LEAD',134,'2025-12-06 01:14:04'),(54,'LEAD',136,'2025-12-06 01:14:04'),(54,'LEAD',137,'2025-12-06 01:14:04'),(54,'LEAD',138,'2025-12-06 01:14:04'),(54,'LEAD',139,'2025-12-06 01:14:04'),(54,'LEAD',140,'2025-12-06 01:14:04'),(54,'LEAD',142,'2025-12-06 01:14:04'),(54,'LEAD',143,'2025-12-06 01:14:04'),(54,'LEAD',145,'2025-12-06 01:14:04'),(54,'LEAD',146,'2025-12-06 01:14:04'),(54,'LEAD',147,'2025-12-06 01:14:04'),(54,'LEAD',148,'2025-12-06 01:14:04'),(54,'LEAD',150,'2025-12-06 01:14:04'),(54,'LEAD',151,'2025-12-06 01:14:04'),(54,'LEAD',153,'2025-12-06 01:14:04'),(54,'LEAD',157,'2025-12-06 01:14:04'),(54,'LEAD',164,'2025-12-06 01:14:04'),(54,'LEAD',165,'2025-12-06 01:14:04'),(54,'LEAD',167,'2025-12-06 01:14:04'),(54,'LEAD',168,'2025-12-06 01:14:04'),(54,'LEAD',171,'2025-12-06 01:14:04'),(54,'LEAD',172,'2025-12-06 01:14:04'),(54,'LEAD',204,'2025-12-06 01:14:04'),(54,'LEAD',206,'2025-12-06 01:14:04'),(54,'LEAD',208,'2025-12-06 01:14:04'),(54,'LEAD',210,'2025-12-06 01:14:04'),(54,'LEAD',212,'2025-12-06 01:14:04'),(54,'LEAD',214,'2025-12-06 01:14:04'),(54,'LEAD',216,'2025-12-06 01:14:04'),(54,'LEAD',218,'2025-12-06 01:14:04'),(54,'LEAD',220,'2025-12-06 01:14:04'),(54,'LEAD',222,'2025-12-06 01:14:04'),(54,'LEAD',224,'2025-12-06 01:14:04'),(54,'LEAD',226,'2025-12-06 01:14:04'),(54,'LEAD',228,'2025-12-06 01:14:04'),(54,'LEAD',230,'2025-12-06 01:14:04'),(54,'LEAD',232,'2025-12-06 01:14:04'),(54,'LEAD',241,'2025-12-06 01:14:04'),(54,'LEAD',242,'2025-12-06 01:14:04'),(54,'LEAD',243,'2025-12-06 01:14:04'),(54,'LEAD',244,'2025-12-06 01:14:04'),(54,'LEAD',246,'2025-12-06 01:14:04'),(55,'LEAD',59,'2025-12-06 01:15:53'),(55,'LEAD',61,'2025-12-06 01:15:53'),(55,'LEAD',72,'2025-12-06 01:15:53'),(55,'LEAD',73,'2025-12-06 01:15:53'),(55,'LEAD',107,'2025-12-06 01:15:53'),(55,'LEAD',156,'2025-12-06 01:15:53'),(55,'LEAD',203,'2025-12-06 01:15:53'),(55,'LEAD',215,'2025-12-06 01:15:53'),(55,'LEAD',219,'2025-12-06 01:15:53'),(55,'LEAD',221,'2025-12-06 01:15:53'),(55,'LEAD',227,'2025-12-06 01:15:53'),(55,'LEAD',247,'2025-12-06 01:15:53'),(56,'LEAD',15,'2025-12-06 01:23:34'),(56,'LEAD',57,'2025-12-06 01:23:34'),(56,'LEAD',59,'2025-12-06 01:23:34'),(56,'LEAD',61,'2025-12-06 01:23:34'),(56,'LEAD',62,'2025-12-06 01:23:34'),(56,'LEAD',63,'2025-12-06 01:23:34'),(56,'LEAD',67,'2025-12-06 01:23:34'),(56,'LEAD',68,'2025-12-06 01:23:34'),(56,'LEAD',70,'2025-12-06 01:23:34'),(56,'LEAD',72,'2025-12-06 01:23:34'),(56,'LEAD',73,'2025-12-06 01:23:34'),(56,'LEAD',74,'2025-12-06 01:23:34'),(56,'LEAD',76,'2025-12-06 01:23:34'),(56,'LEAD',79,'2025-12-06 01:23:34'),(56,'LEAD',81,'2025-12-06 01:23:34'),(56,'LEAD',82,'2025-12-06 01:23:34'),(56,'LEAD',87,'2025-12-06 01:23:34'),(56,'LEAD',89,'2025-12-06 01:23:34'),(56,'LEAD',90,'2025-12-06 01:23:34'),(56,'LEAD',91,'2025-12-06 01:23:34'),(56,'LEAD',92,'2025-12-06 01:23:34'),(56,'LEAD',93,'2025-12-06 01:23:34'),(56,'LEAD',94,'2025-12-06 01:23:34'),(56,'LEAD',96,'2025-12-06 01:23:34'),(56,'LEAD',98,'2025-12-06 01:23:34'),(56,'LEAD',102,'2025-12-06 01:23:34'),(56,'LEAD',103,'2025-12-06 01:23:34'),(56,'LEAD',104,'2025-12-06 01:23:34'),(56,'LEAD',105,'2025-12-06 01:23:34'),(56,'LEAD',107,'2025-12-06 01:23:34'),(56,'LEAD',109,'2025-12-06 01:23:34'),(56,'LEAD',112,'2025-12-06 01:23:34'),(56,'LEAD',114,'2025-12-06 01:23:34'),(56,'LEAD',116,'2025-12-06 01:23:34'),(56,'LEAD',120,'2025-12-06 01:23:34'),(56,'LEAD',125,'2025-12-06 01:23:34'),(56,'LEAD',127,'2025-12-06 01:23:34'),(56,'LEAD',129,'2025-12-06 01:23:34'),(56,'LEAD',131,'2025-12-06 01:23:34'),(56,'LEAD',133,'2025-12-06 01:23:34'),(56,'LEAD',135,'2025-12-06 01:23:34'),(56,'LEAD',141,'2025-12-06 01:23:34'),(56,'LEAD',144,'2025-12-06 01:23:34'),(56,'LEAD',149,'2025-12-06 01:23:34'),(56,'LEAD',152,'2025-12-06 01:23:34'),(56,'LEAD',154,'2025-12-06 01:23:34'),(56,'LEAD',155,'2025-12-06 01:23:34'),(56,'LEAD',156,'2025-12-06 01:23:34'),(56,'LEAD',158,'2025-12-06 01:23:34'),(56,'LEAD',159,'2025-12-06 01:23:34'),(56,'LEAD',160,'2025-12-06 01:23:34'),(56,'LEAD',161,'2025-12-06 01:23:34'),(56,'LEAD',162,'2025-12-06 01:23:34'),(56,'LEAD',163,'2025-12-06 01:23:34'),(56,'LEAD',166,'2025-12-06 01:23:34'),(56,'LEAD',169,'2025-12-06 01:23:34'),(56,'LEAD',170,'2025-12-06 01:23:34'),(56,'LEAD',173,'2025-12-06 01:23:34'),(56,'LEAD',174,'2025-12-06 01:23:34'),(56,'LEAD',203,'2025-12-06 01:23:34'),(56,'LEAD',205,'2025-12-06 01:23:34'),(56,'LEAD',207,'2025-12-06 01:23:34'),(56,'LEAD',209,'2025-12-06 01:23:34'),(56,'LEAD',211,'2025-12-06 01:23:34'),(56,'LEAD',213,'2025-12-06 01:23:34'),(56,'LEAD',215,'2025-12-06 01:23:34'),(56,'LEAD',217,'2025-12-06 01:23:34'),(56,'LEAD',219,'2025-12-06 01:23:34'),(56,'LEAD',221,'2025-12-06 01:23:34'),(56,'LEAD',223,'2025-12-06 01:23:34'),(56,'LEAD',225,'2025-12-06 01:23:34'),(56,'LEAD',227,'2025-12-06 01:23:34'),(56,'LEAD',229,'2025-12-06 01:23:34'),(56,'LEAD',231,'2025-12-06 01:23:34'),(56,'LEAD',240,'2025-12-06 01:23:34'),(56,'LEAD',245,'2025-12-06 01:23:34'),(56,'LEAD',247,'2025-12-06 01:23:34'),(56,'LEAD',248,'2025-12-06 01:23:34'),(56,'LEAD',249,'2025-12-06 01:23:34'),(57,'LEAD',14,'2025-12-06 01:36:25'),(57,'LEAD',56,'2025-12-06 01:36:25'),(57,'LEAD',60,'2025-12-06 01:36:25'),(57,'LEAD',64,'2025-12-06 01:36:25'),(57,'LEAD',66,'2025-12-06 01:36:25'),(57,'LEAD',69,'2025-12-06 01:36:25'),(57,'LEAD',71,'2025-12-06 01:36:25'),(57,'LEAD',78,'2025-12-06 01:36:25'),(57,'LEAD',80,'2025-12-06 01:36:25'),(57,'LEAD',83,'2025-12-06 01:36:25'),(57,'LEAD',99,'2025-12-06 01:36:25'),(57,'LEAD',106,'2025-12-06 01:36:25'),(57,'LEAD',108,'2025-12-06 01:36:25'),(57,'LEAD',111,'2025-12-06 01:36:25'),(57,'LEAD',113,'2025-12-06 01:36:25'),(57,'LEAD',123,'2025-12-06 01:36:25'),(57,'LEAD',126,'2025-12-06 01:36:25'),(57,'LEAD',130,'2025-12-06 01:36:25'),(57,'LEAD',132,'2025-12-06 01:36:25'),(57,'LEAD',134,'2025-12-06 01:36:25'),(57,'LEAD',139,'2025-12-06 01:36:25'),(57,'LEAD',143,'2025-12-06 01:36:25'),(57,'LEAD',146,'2025-12-06 01:36:25'),(57,'LEAD',148,'2025-12-06 01:36:25'),(57,'LEAD',150,'2025-12-06 01:36:25'),(57,'LEAD',151,'2025-12-06 01:36:25'),(57,'LEAD',164,'2025-12-06 01:36:25'),(57,'LEAD',171,'2025-12-06 01:36:25'),(57,'LEAD',172,'2025-12-06 01:36:25'),(57,'LEAD',204,'2025-12-06 01:36:25'),(57,'LEAD',206,'2025-12-06 01:36:25'),(57,'LEAD',208,'2025-12-06 01:36:25'),(57,'LEAD',210,'2025-12-06 01:36:25'),(57,'LEAD',212,'2025-12-06 01:36:25'),(57,'LEAD',216,'2025-12-06 01:36:25'),(57,'LEAD',218,'2025-12-06 01:36:25'),(57,'LEAD',220,'2025-12-06 01:36:25'),(57,'LEAD',222,'2025-12-06 01:36:25'),(57,'LEAD',224,'2025-12-06 01:36:25'),(57,'LEAD',226,'2025-12-06 01:36:25'),(57,'LEAD',228,'2025-12-06 01:36:25'),(57,'LEAD',230,'2025-12-06 01:36:25'),(57,'LEAD',232,'2025-12-06 01:36:25'),(57,'LEAD',241,'2025-12-06 01:36:25'),(57,'LEAD',242,'2025-12-06 01:36:25'),(58,'LEAD',14,'2025-12-06 02:03:54'),(58,'LEAD',66,'2025-12-06 02:03:54'),(58,'LEAD',69,'2025-12-06 02:03:54'),(58,'LEAD',71,'2025-12-06 02:03:54'),(58,'LEAD',78,'2025-12-06 02:03:54'),(58,'LEAD',80,'2025-12-06 02:03:54'),(58,'LEAD',99,'2025-12-06 02:03:54'),(58,'LEAD',108,'2025-12-06 02:03:54'),(58,'LEAD',113,'2025-12-06 02:03:54'),(58,'LEAD',130,'2025-12-06 02:03:54'),(58,'LEAD',132,'2025-12-06 02:03:54'),(58,'LEAD',134,'2025-12-06 02:03:54'),(58,'LEAD',139,'2025-12-06 02:03:54'),(58,'LEAD',142,'2025-12-06 02:03:54'),(58,'LEAD',143,'2025-12-06 02:03:54'),(58,'LEAD',148,'2025-12-06 02:03:54'),(58,'LEAD',150,'2025-12-06 02:03:54'),(58,'LEAD',151,'2025-12-06 02:03:54'),(58,'LEAD',164,'2025-12-06 02:03:54'),(58,'LEAD',168,'2025-12-06 02:03:54'),(58,'LEAD',172,'2025-12-06 02:03:54'),(58,'LEAD',204,'2025-12-06 02:03:54'),(58,'LEAD',210,'2025-12-06 02:03:54'),(58,'LEAD',212,'2025-12-06 02:03:54'),(58,'LEAD',216,'2025-12-06 02:03:54'),(58,'LEAD',218,'2025-12-06 02:03:54'),(58,'LEAD',224,'2025-12-06 02:03:54'),(58,'LEAD',228,'2025-12-06 02:03:54'),(58,'LEAD',241,'2025-12-06 02:03:54'),(58,'LEAD',242,'2025-12-06 02:03:54'),(58,'LEAD',244,'2025-12-06 02:03:54'),(60,'CLIENTE',1,'2025-12-06 02:41:58'),(60,'CLIENTE',2,'2025-12-06 02:41:58'),(60,'CLIENTE',3,'2025-12-06 02:41:58'),(60,'CLIENTE',4,'2025-12-06 02:41:58'),(60,'CLIENTE',5,'2025-12-06 02:41:58'),(60,'CLIENTE',6,'2025-12-06 02:41:58'),(60,'CLIENTE',7,'2025-12-06 02:41:58'),(60,'CLIENTE',8,'2025-12-06 02:41:58'),(60,'CLIENTE',9,'2025-12-06 02:41:58'),(60,'CLIENTE',10,'2025-12-06 02:41:58'),(60,'CLIENTE',11,'2025-12-06 02:41:58'),(60,'CLIENTE',12,'2025-12-06 02:41:58'),(60,'CLIENTE',13,'2025-12-06 02:41:58'),(60,'CLIENTE',14,'2025-12-06 02:41:58'),(60,'CLIENTE',15,'2025-12-06 02:41:58'),(60,'CLIENTE',16,'2025-12-06 02:41:58'),(60,'CLIENTE',17,'2025-12-06 02:41:58'),(60,'CLIENTE',18,'2025-12-06 02:41:58');
/*!40000 ALTER TABLE `segmento_miembro` ENABLE KEYS */;
UNLOCK TABLES;

--
-- Table structure for table `usuario_rol`
--

DROP TABLE IF EXISTS `usuario_rol`;
/*!40101 SET @saved_cs_client     = @@character_set_client */;
/*!50503 SET character_set_client = utf8mb4 */;
CREATE TABLE `usuario_rol` (
  `id_usuario` bigint NOT NULL,
  `id_rol` int NOT NULL,
  PRIMARY KEY (`id_usuario`,`id_rol`),
  KEY `fk_usuario_rol_rol` (`id_rol`),
  CONSTRAINT `fk_usuario_rol_rol` FOREIGN KEY (`id_rol`) REFERENCES `roles` (`id_rol`) ON DELETE CASCADE,
  CONSTRAINT `fk_usuario_rol_usuario` FOREIGN KEY (`id_usuario`) REFERENCES `usuarios` (`id_usuario`) ON DELETE CASCADE
) ENGINE=InnoDB DEFAULT CHARSET=utf8mb4 COLLATE=utf8mb4_0900_ai_ci;
/*!40101 SET character_set_client = @saved_cs_client */;

--
-- Dumping data for table `usuario_rol`
--

LOCK TABLES `usuario_rol` WRITE;
/*!40000 ALTER TABLE `usuario_rol` DISABLE KEYS */;
INSERT INTO `usuario_rol` VALUES (2,1),(11,1),(3,2),(10,2);
/*!40000 ALTER TABLE `usuario_rol` ENABLE KEYS */;
UNLOCK TABLES;

--
-- Table structure for table `usuarios`
--

DROP TABLE IF EXISTS `usuarios`;
/*!40101 SET @saved_cs_client     = @@character_set_client */;
/*!50503 SET character_set_client = utf8mb4 */;
CREATE TABLE `usuarios` (
  `id_usuario` bigint NOT NULL AUTO_INCREMENT,
  `username` varchar(50) NOT NULL,
  `password_hash` varchar(255) NOT NULL,
  `activo` bit(1) NOT NULL DEFAULT b'1',
  `fecha_creacion` timestamp NOT NULL DEFAULT CURRENT_TIMESTAMP,
  `fecha_modificacion` timestamp NOT NULL DEFAULT CURRENT_TIMESTAMP ON UPDATE CURRENT_TIMESTAMP,
  PRIMARY KEY (`id_usuario`),
  UNIQUE KEY `username` (`username`),
  KEY `idx_username` (`username`)
) ENGINE=InnoDB AUTO_INCREMENT=12 DEFAULT CHARSET=utf8mb4 COLLATE=utf8mb4_0900_ai_ci;
/*!40101 SET character_set_client = @saved_cs_client */;

--
-- Dumping data for table `usuarios`
--

LOCK TABLES `usuarios` WRITE;
/*!40000 ALTER TABLE `usuarios` DISABLE KEYS */;
INSERT INTO `usuarios` VALUES (2,'admin','$2a$12$BUDuMKuQ8ijHy6Z155tRLOnY/tcrInOQVflHwd3GkN2gPy/XtOsV.',_binary '','2025-12-01 08:45:49','2025-12-01 20:58:23'),(3,'agente1','$2a$12$XEP1m0sKQU4qywvsjNDxbeRTYcM.xqfHbw8k.Mlv7BaB/I/XAM0Mu',_binary '','2025-12-01 08:45:52','2025-12-01 20:58:25'),(10,'david.aldana','$2a$12$3fNSEViM.pxrVdgzBmjyJuAv4Gc5wkLhBNM8fdt9X4nE5CwmMVueW',_binary '','2025-12-03 16:08:20','2025-12-03 16:08:20'),(11,'axel.cueva','$2a$12$2l1uBlt81t9DE256ZEaPE.buruMbNgNJdU7k9uf.th8trE6LmG4B6',_binary '','2025-12-06 08:15:00','2025-12-06 08:15:00');
/*!40000 ALTER TABLE `usuarios` ENABLE KEYS */;
UNLOCK TABLES;
/*!40103 SET TIME_ZONE=@OLD_TIME_ZONE */;

/*!40101 SET SQL_MODE=@OLD_SQL_MODE */;
/*!40014 SET FOREIGN_KEY_CHECKS=@OLD_FOREIGN_KEY_CHECKS */;
/*!40014 SET UNIQUE_CHECKS=@OLD_UNIQUE_CHECKS */;
/*!40101 SET CHARACTER_SET_CLIENT=@OLD_CHARACTER_SET_CLIENT */;
/*!40101 SET CHARACTER_SET_RESULTS=@OLD_CHARACTER_SET_RESULTS */;
/*!40101 SET COLLATION_CONNECTION=@OLD_COLLATION_CONNECTION */;
/*!40111 SET SQL_NOTES=@OLD_SQL_NOTES */;

-- Dump completed on 2025-12-06  3:20:59
